query,retrieved_documents,ground_truth
조선시대 한양도성의 정문으로 남쪽에 위치한 문은 무엇인가요?,"[{'text_segment': '국가유산명_국문: 제주 구 육군 제1훈련소 지휘소와 정문 국가유산명_한자: 濟州 舊 陸軍第一訓練所 指揮所와 正門 국가유산종목: 국가등록문화유산 시도명: 제주 시군구명: 서귀포시 시대: 일제강점기 내용: ㅇ제주 구 육군 제1훈련소 지휘소 : 이 건물은 일제 강점기 당시 일본군이 건립했으나 광복 후 제주도에 창설된 우리나라 육군 제1훈련소의 지휘부로 사용되었다 외부의 대칭적 모습과는 달리 내부는 비대칭적으로 공간의 성격과 기능에 맞추어 공간을 구획하였고 공중 화장실과 같은 공간을 내부에 설치한 것은 당시로서는 보기 드문 형태이다 한국전쟁 당시 많은 장병들을 훈련시켜 적을 방어하는데 크게 기여하였으며 한국전쟁의 대표적 상징물로서 그 의미가 크다\r\nㅇ 제주 구 육군 제1훈련소 정문 : &#39;제주 구 육군 제1훈련소 정문&#39;은 6·25전쟁 당시 제주도에 설립한 육군 제1훈련소(강병대)의 정문 기둥으로 이미 등록된 제주 구 육군 제1훈련소 지휘소와 함께 6·25전쟁 관련 유산으로서의 역사적 상징성이 있으며 훈련소가 위치한 북쪽과 부대시설인 교회 병원 등이 위치한 남쪽의 경계가 되어 훈련소의 외부와 내부를 구분해주는 장소적 의미가 있다 기둥 축조에 사용된 제주 현무암과 조개껍질 등의 건축 재료는 지역적 특성 또한 잘 나타내고 있다 아울러 「제주 구 육군 제1훈련소 정문」은 기존에 등록된 「제주 구 육군 제1훈련소 지휘소」와 함께 연계하여 「제주 구 육군 제1훈련소 지휘소와 정문」으로 등록한다 소재지상세: 제주 서귀포시 대정읍 상모리 3370번지 외', 'score': 0.8320246434867132}, {'text_segment': '국가유산명_국문: 원구단 정문 국가유산명_한자: NaN 국가유산종목: 문화유산자료 시도명: 서울 시군구명: 중구 시대: NaN 내용: 원구단 정문은 1897년 고종 황제가 하늘에 제사를 지내고 대한제국의 성립을 대내외에 널리 알리기 위해 조성한 원구단(사적 157호)의 정문으로 이 문은 비록 오랜 기간 제 위치를 벗어나 다른 용도로 사용되면서 창건 당시의 원형이 부분적으로 훼손․변형되었지만 대한제국 시기대외적으로 조선이 자주국임을 선언하고 대한제국의 선포를 알리기 위해 창건한 원구단의 첫 관문에 해당하는 건축물로서 역사적으로 매우 상징적인 의미를 지니고 있으며 이전 복원 시 최대한 원부재를 활용하여 복원함 소재지상세: 서울특별시 중구 소공동 97-3', 'score': 0.8006334455269383}, {'text_segment': '국가유산명_국문: 구 탑골공원 정문 국가유산명_한자: 舊 塔-公園 正門 국가유산종목: 문화유산자료 시도명: 서울 시군구명: 종로구 시대: NaN 내용: 탑골공원은 고려시대 흥복사 조선시대 원각사가 있던 자리였으며 대한제국 시대에 문을 세우고 서울 최초의 도시공원인 파고다 공원으로 정비하게 되었다 <구 탑골공원 정문>은 1910~1913년에 건립된 것으로 추정되며 1967년 공원 정비 당시 서울대학교 법대 정문으로 이전(1969 실시)되어 현재 서울대학교 사범대학 부설초등학교의 정문으로 이용되고 있다 소재지상세: 서울특별시 종로구 연건동 177-1 177-1 180-3', 'score': 0.7954407627038853}, {'text_segment': '국가유산명_국문: 영동 덕수이씨 육세팔효정문 국가유산명_한자: 永同 德水李氏 六世八孝旌門 국가유산종목: 시도기념물 시도명: 충북 시군구명: 영동군 시대: 조선영조 40년(1764) 내용: 정문(旌門)이란 충신·효자·열녀들을 표창하기 위해 마을 입구나 집 문앞에 세우던 붉은 문을 말한다 이 정문은 조선 선조(재위 1576∼1608)대부터 영조(재위 1724∼1776)대까지 덕수이씨 가문의 6인의 효자와 2인의 효부에 대한 효행을 기리기 위해 영조 40년(1764)에 세운 정문이다 이곳에서 받들고 있는 6인 효자는 이학수 이탱 이만춘 이채 이복초 이종철이고 2인의 효부는 복초의 처인 장씨와 종철의 처인 김씨이다 정문의 규모는 정면 5칸·측면 1칸으로 지붕선이 옆에서 볼 때 사람 인(人)자 모양의 단순한 맞배지붕이다 소재지상세: 충북 영동군 양산면 원당리 424-1번지', 'score': 0.7577103410140724}, {'text_segment': '국가유산명_국문: 오정각 국가유산명_한자: 五旌閣 국가유산종목: 문화유산자료 시도명: 경기 시군구명: 안산시 시대: NaN 내용: 정문은 국가에서 풍속을 권장하기 위해 충신·효자·열녀가 사는 마을 입구나 집 문 앞에 세우는 붉은 문을 일컫는다 조선 세조 때 단종 복위 운동에 가담했던 이조판서 김문기와 아들 현석에 대한 충신정문과 효자정문 등 5대에 걸친 정문을 한 곳에 모셔놓은 곳이다 지금 있는 건물은 조선 고종 7년(1870)에 세웠다고 하며 1968년 보수하였고 1976년 단청을 거쳐 1981년에 시흥군에서 정화사업을 실시하여 오늘에 이르고 있다\r\n\u3000 오정각 입구에는 1983년에 세운 ‘오정각중수기념비’가 있는데 비석의 앞면에는 ‘오정각중수기념비’라 새겼고 뒷면과 양쪽 옆면에는 김문기 등 5대의 행적 관직 덕망 등에 대하여 자세하게 기록되어 있다\r\n\u3000 대문을 들어서면 보이는 정각은 앞면 3칸·옆면 2칸 규모이며，지붕은 옆면에서 볼 때 사람 인(人)자 모양인 맞배지붕이다\r\n\u3000 가운데 칸 처마 밑에는 오정각이라는 현판이 걸려 있고 한 칸 안쪽으로 들어가면 다시 ‘오세충효(五世忠孝)’라는 현판이 걸려 있다\r\n\u3000 건물 안에는 김문기의 초상화가 걸려 있고 건물 뒤쪽에는 김문기의 정문을 중심으로 5대 정문이 서 있다 소재지상세: 경기 안산시 단원구 화정동 58번지', 'score': 0.7441249091049985}]",남대문
현재 서울에 남아 있는 가장 오래된 목조 건물은 언제 완성되었나요?,"[{'text_segment': '국가유산명_국문: 서울 남대문로 2층 한옥 상가 국가유산명_한자: 서울 南大門路 2層 韓屋 商街 국가유산종목: 국가등록문화유산 시도명: 서울 시군구명: 중구 시대: 일제강점기 내용: 서울 남대문로에 건설된 일제강점기의 전형적 벽돌조 한옥 상가로서 현재 서울 시내에 유일하게 남아 있는 건물이며 당시 남대문로 상업건축의 특징을 잘 보여주는 건축물로 역사적 의미와 건축적 가치가 있음 1900~1910년대 서울 남대문로를 중심으로 종로 등 주요 간선도로 변에는 한양절충식 한옥상가가 2층으로 연이어져 건립되는 붐이 있었음 당시까지는 단층 건물이 주류였던 상황에 2층 건물들이 연이어 지어졌으며 목조 가구식 구조의 전통에서 벽돌(주로 전돌) 조적식 건축으로 바뀌었으며 지붕은 전통적 지붕틀에서 탈피하여 서양식 목조 트러스를 설치하였음 상업건물이 주였으므로 외부에는 출입문 창문 등에 목재틀과 난간 등이 설치되었는데 그 장식은 당시에 유행하던 문양들이 채택되었음 소재지상세: 서울특별시 중구 남대문로 11 (남대문로4가)', 'score': 0.8439516541506771}, {'text_segment': '국가유산명_국문: 서울 구 국군기무사령부 본관 국가유산명_한자: 서울 舊 國軍機務司令部 本館 국가유산종목: 국가등록문화유산 시도명: 서울 시군구명: 종로구 시대: 1933년 내용: \xad1928년 개원한 경성의학전문학교 부속의원의 외래진찰소 건물로 1932년 일부 준공 후 1933년 증축을 통해 완성된 철근콘크리트 3층 건물 소재지상세: 서울특별시 종로구 삼청로 30 (소격동)', 'score': 0.8082422123226564}, {'text_segment': '국가유산명_국문: 서울 구 양천수리조합 배수펌프장 국가유산명_한자: 서울 舊 陽川水利組合 配水펌프場 국가유산종목: 국가등록문화유산 시도명: 서울 시군구명: 강서구 시대: 1926년 내용: 1926년에 콘크리트 옹벽 위에 지어진 일식 목조구조 건물로 일제강점기 근대산업유산 중 현재까지 확인된 농업 관련 배수펌프장으로는 유일한 건물이며 농업사 측면에서 가치가 매우 높고 대형 목구조 시스템의 희소성 등을 감안할 때 건축적으로도 가치가 높은 건물이다 소재지상세: 서울 강서구 양천로 282 (마곡동)', 'score': 0.7612736130247916}, {'text_segment': '국가유산명_국문: 대전 구 충청남도 경찰청 상무관 국가유산명_한자: NaN 국가유산종목: 국가등록문화유산 시도명: 대전 시군구명: 중구 시대: 근현대기 내용: 1963년 ‘충청남도 경찰학교’로 설립된 건물로 건립 당시 미군의 경제적 지원과 일제강점기의 &#39;충남 무덕전&#39; 건물 터에 남아있던 기단을 활용하여 건축하였다 한국전쟁 이후의 시대적 상황을 살펴볼 수 있는 독특한 건축적 내력이 있으며 지역사회에서 근대적 체육시설로써의 역할을 수행한 점 등 근대문화유산으로의 보존가치가 있다 ○ 일제강점기에 공주로부터 충남도청이 대전으로 이전해 오면서 도청사 경찰서 시험장 무기고 \r\n    우체국이 건립되었고 광복 후에도 여러 채의 건물이 세워져 행정기관의 건물군이 조성되어 있음 일제강점기인 1930년대 일본 전통식 건축으로 무덕전(武德殿)이 건립돼 있었는데 한국전쟁 때 \r\n    폭격으로 목조였던 건물 본체는 파괴되고 그 터는 오랫동안 기단부만 남은 채로 1960년대까지 \r\n    유지됨 ○ 본 국가등록문화유산은 1963년에 파괴 후 방치돼 있던 무덕전의 기단부를 활용하여 그 위에 현재의 \r\n    상무관 구조물을 올린 것임 건물의 주요 구조는 벽돌 조적조이며 지붕은 목조 트러스 위에 \r\n     기와를 이음 (조적조\r\n    벽돌은 시멘트벽돌로 추정) 네 군데에 있는 출입구 포지와 캐노피의 구조 외벽 개구부에 설치된 \r\n    인방(보)은 철근콘크리트 구조를 사용한 것으로 추정 - 본 국가등록문화유산은 구 충남도청 구내에 남아 있는 근대건축 중에 원형을 잘 유지하고 있으며 터의 \r\n     역사를 잘 간직하고 있음 소재지상세: 대전광역시 중구 보문로 287 (선화동)', 'score': 0.7582173053883668}, {'text_segment': '국가유산명_국문: 부여 구 홍산저포조합 본점 국가유산명_한자: 扶餘 舊 鴻山紵布組合 本店 국가유산종목: 국가등록문화유산 시도명: 충남 시군구명: 부여군 시대: 일제강점기 내용: 1920년대 일제강점기에 건립하였으며 당시 저포(모시)의 집산지였던 홍산을 대표하는 2층 벽돌조 건물이다 외부마감 및 내부공간의 변형이 있었으나 내부 목조계단 2층 목조마루 및 지붕 목조트러스 등 원형이 비교적 잘 남아있어 일제강점기 사무소 건물의 형식을 볼 수 있다 홍산지역의 근대기 역사를 보여주는 건물로 가치가 있다 소재지상세: 충남 부여군 홍산면 동헌로 25 (남촌리)', 'score': 0.7476804016927519}]",태조 7년(1398년)
이 건물은 조선 세종 몇 년에 고쳐 지어졌나요?,"[{'text_segment': '국가유산명_국문: 세종 부강성당 국가유산명_한자: NaN 국가유산종목: 국가등록문화유산 시도명: 세종 시군구명:   시대: 1930년대 내용: 세종 부강성당은 1962년 현재의 성당 건물이 건축되기 이전에 본당으로 사용되었던 한옥 건물이 함께 위치하고 있어 건축사적 측면에서의 희소성과 함께 당시 지역사회의 천주교 선교와 관련한 시대적 상황을 잘 보여주고 있어 종교사적 측면에서도 보존 가치가 높다 소재지상세: 세종특별자치시 부강4길 33 (부강면)', 'score': 0.9304861426353455}, {'text_segment': '국가유산명_국문: 세종 구 산일제사 공장 국가유산명_한자: NaN 국가유산종목: 국가등록문화유산 시도명: 세종 시군구명:   시대: 일제강점기 내용: 최초 산일제사공장의 건물로서 톱날형 지붕 구조는 북쪽에 창을 높게 설치하여 내부에 균일한 빛을 받기위한 것이며 이는 초기 산업유산으로서 제사공장 건축을 이해할 수 있다는 측면에서 의미가 있다 또한 한국전쟁 당시 조치원여자고등학교 임시교사로 사용되었던 장소로 지역적 역사적 의미를 지닌 건물로 보존가치가 크다 * 제사공장(製絲工場) : 누에고치에서 실을 만드는 공장 소재지상세: 세종특별자치시 조치원읍 남리 60-1', 'score': 0.8736747395030747}, {'text_segment': '국가유산명_국문: 진천 김덕숭 효자각 국가유산명_한자: 鎭川 金德崇 孝子閣 국가유산종목: 시도기념물 시도명: 충북 시군구명: 진천군 시대: NaN 내용: 조선 세종대의 효자 김덕숭의 효행을 기리기 위하여 1633년(인조 11)에 세운 정려문이다 규모는 정면 1칸측면 1칸의 맞배지붕 목조기와집으로 사면을 홍전(紅箭)으로 막고 처마 밑 중앙에는 서하(墅河) 임헌회(任憲晦)가 짓고 전우(田愚)가 쓴 정려기를 달았다 건물 내부에는 현판 외에 효자비가 자리하고 있다 김덕숭은 한산군수(漢山郡守)의 직(職)을 버리고 고향으로 돌아와 부모봉양에 온 힘을 기울였으며 아버지가 잉어가 먹고 싶다고 하여 여계소(女溪沼)에 앉아서 어름을 녹이니 잉어가 튀어나오고 꿩고기가 먹고 싶다고 하면 손가락을 펴서 들고 들에 서 있으면 꿩이 날아와 앉았다고 한다 이러한 부모봉양에 헌신한 효행은 삼강행실도(三綱行實圖)에 기록되어 있다 김덕숭은 세종이 눈병을 치료하기 위해 초정약수에 들렀을 때 그의 효행을 듣고 충청감사를 통해 백미(白米) 10석 등을 내렸고 이에 김덕숭이 세종을 찾아 인사를 드렸는데 세종은 누가 아버지이고 누가 아들인지 몰라보았다고 한다 1448년(세종 30) 그가 운명하자 세종은 이조참의에 증직하고 어제시(御製詩) 2수를 내리면서 정려를 건립하게 하였다 소재지상세: 진천군 이월면 사곡리 1224-5', 'score': 0.7311630284018382}, {'text_segment': '국가유산명_국문: 금남 모인당 국가유산명_한자: 錦南 慕忍堂 국가유산종목: 문화유산자료 시도명: 세종 시군구명:   시대: 1669년 내용: 화순 최씨의 종중 재실로 최한정(1427∼1486)과 그의 아들인 최중온의 위패를 모시고 있다 화순 최씨는 고려 때 경주 최씨에서 분관한 성씨이며 위패를 모시고 있는 최한정 선생은 세조 2년(1456) 진사시에 합격하고 3년 뒤에 병과에 급제하였다 성종이 그를 신뢰하여 대사관에 임명했는데 그 뒤 이조참의를 거쳐 예조참의를 지냈다 이 건물은 현종 11년(1669)에 세웠고 1928년에 고쳐 지었다 앞면 4칸·옆면 2칸 규모로 건물 중앙에 대청마루를 깔고 접어지는 문을 달아 제사지낼 때 들어 올려 공간을 마련하였다 좌우 대칭으로 온돌방을 1칸씩을 두었으며 지붕은 옆에서 보면 여덟 팔(八)자 모양의 팔작지붕으로 꾸몄다 소재지상세: 세종특별자치시 금남면 도암리 197-2', 'score': 0.7296005891395514}, {'text_segment': '국가유산명_국문: 찬경루 국가유산명_한자: 讚慶樓 국가유산종목: 시도유형문화유산 시도명: 경북 시군구명: 청송군 시대: NaN 내용: 조선 세종 10년(1428)에 부사 하담이 자연적으로 생긴 암반 위에 지은 건물로 세종대왕의 아들 8명이 외가인 청송 심씨의 시조 심홍부 선생을 위해 지은 집이다 숙종 14년(1688) 수리하였고 화재로 타버린 것을 정조 16년(1792)에 다시 세웠다고 한다 지금 있는 건물은 그 뒤로도 여러 번 수리한 것이다 찬경루에 대한 기록에 의하면 이 누각에서 세종의 부인인 소헌왕후 심씨의 시조묘를 바라보며 우러러 찬미한다는 뜻에서 ‘찬경루’라 하였다고 한다 앞면 4칸·옆면 4칸인 2층의 누각 건물로 ‘송백강릉(松栢岡陵)’이라 쓴 현판은 안평대군이 직접 쓴 글씨이다 소재지상세: 경상북도 청송군 금월로 269 (청송읍 소헌공원)', 'score': 0.728801930476791}]",세종 30년(1448년)
숭례문 방화 화재가 발생한 날짜는 언제인가요?,"[{'text_segment': '국가유산명_국문: 서울 숭례문 국가유산명_한자: 서울 崇禮門 국가유산종목: 국보 시도명: 서울 시군구명: 중구 시대: 조선 태조 7년(1398) 내용: 조선시대 한양도성의 정문으로 남쪽에 있다고 해서 남대문이라고도 불렀다 현재 서울에 남아 있는 목조 건물 중 가장 오래된 것으로 태조 5년(1396)에 짓기 시작하여 태조 7년(1398)에 완성하였다 이 건물은 세종 30년(1448)에 고쳐 지은 것인데 1961∼1963년 해체·수리 때 성종 10년(1479)에도 큰 공사가 있었다는 사실이 밝혀졌다 이후 2008년 2월 10일 숭례문 방화 화재로 누각 2층 지붕이 붕괴되고 1층 지붕도 일부 소실되는 등 큰 피해를 입었으며 5년 2개월에 걸친 복원공사 끝에 2013년 5월 4일 준공되어 일반에 공개되고 있다 이 문은 돌을 높이 쌓아 만든 석축 가운데에 무지개 모양의 홍예문을 두고 그 위에 앞면 5칸·옆면 2칸 크기로 지은 누각형 2층 건물이다 지붕은 앞면에서 볼 때 사다리꼴 형태를 하고 있는데 이러한 지붕을 우진각지붕이라 한다 지붕 처마를 받치기 위해 기둥 위부분에 장식하여 짠 구조가 기둥 위뿐만 아니라 기둥 사이에도 있는 다포 양식으로 그 형태가 곡이 심하지 않고 짜임도 건실해 조선 전기의 특징을 잘 보여주고 있다 『지봉유설』의 기록에는 ‘숭례문’이라고 쓴 현판을 양녕대군이 썼다고 한다 지어진 연대를 정확히 알 수 있는 서울 성곽 중에서 제일 오래된 목조 건축물이다 Ο 숭례문 방화 화재(2008210)\r\n\xad\xad\xad2008년 숭례문 방화 사건(崇禮門放火事件)은 2008년 2월 10일 ~ 2월 11일 숭례문 건물이 방화로 타 무너진 사건이다 화재는 2008년 2월 10일 오후 8시 40분 전후에 발생하여 다음날인 2008년 2월 11일 오전 0시 40분경 숭례문의 누각 2층 지붕이 붕괴하였고 이어 1층에도 불이 붙어 화재 5시간 만인 오전 1시 55분쯤 석축을 제외한 건물이 훼손되었다 소재지상세: 서울 중구 세종대로 40 (남대문로4가)', 'score': 0.5}, {'text_segment': '국가유산명_국문: 평안도 배뱅이굿 국가유산명_한자: NaN 국가유산종목: 이북5도 무형유산 시도명: 평안남도 시군구명: 전역 시대: NaN 내용: ‘배뱅이굿’은 기존의 신분질서와 사회적 통념의 가치에 대하여 부정하고 반문하며 그 안에서 자연스러운 웃음을 담아내는 서도의 재담소리이다 사회가 금기시했던 것들은 자연스러움을 거스르고 있다 하지만 ‘배뱅이굿’은 기존 질서와 다른 변화된 사회의식을 싹트게 하고 있다 기존 사회의 가치와 질서를 파괴하고 있지만 그 순간의 상황이 불편하게 다가오는 것이 아니라 자연스럽게 해학적으로 받아들여지게 된다 ‘배뱅이굿’은 서도지방에 전해 내려오는 판소리 형태의 재담소리이다 청중이 모인 소리판에서 소리광대가 고수의 장구 반주에 맞춰서 연행하는 1인 창극이며 서사적인 소재의 배뱅이 이야기를 소리와 아니리 그리고 발림을 섞어가며 공연하기 때문에 남도지역의 판소리와 비교되는 서도지역의 재담소리이다 판소리와 공연형태가 비슷하지만 판소리는 남도 육자배기토리의 선율을 북 반주에 맞추어 실연하지만 ‘배뱅이굿’은 서도 수심가토리의 선율을 장구 반주에 맞추어 실연한다 ‘배뱅이굿’은 수심가토리인 산염불과 평양 다리굿에서의 사령굿 즉 기밀이 주를 이루고 있으며 그 외에도 다양한 무가들을 구사할 뿐만 아니라 발림과 재담도 함께 연기하고 행해진다 특히 평안도 지역의 ‘배뱅이굿’은 평안도 방언이 짙게 깔려있어 향토색이 짙게 묻어나오며 사령굿에서 기밀은 평안도 지역민들의 애환이 잘 표현되어 구슬프고 애잔한 느낌을 준다 이은관제 ‘배뱅이굿’은 기존의 ‘배뱅이굿’과 같이 전체적으로 무가와 산염불조가 중심이 된다 수심가토리 이외에도 메나리토리의 장타령 엮음 아라리 등이 삽입된다 특히 이은관의 ‘배뱅이굿’은 같은 평안도 ‘배뱅이굿’이라 해도 김종조 최순경 김주호 등이 부르는 ‘배뱅이굿’에는 없는 상좌중과 배뱅이 사랑 대목이 전승되고 있으며 황해도 전승 ‘배뱅이굿’에는 거의 보이지 않는 배뱅이 죽음 대목을 가지고 있다는 점에서 매우 탄탄하고 완성도 높은 재담소리라는 평가를 받고 있다 소재지상세: NaN', 'score': 0.5}, {'text_segment': '국가유산명_국문: 갑오군정실기 국가유산명_한자: NaN 국가유산종목: 국가등록문화유산 시도명: 서울 시군구명: 종로구 시대: 1895년 초 내용: 「갑오군정실기」는 1894년 동학농민군 토벌을 위해 설치된 양호도순무영(兩湖都巡撫營)의 관련 공문서를 모아 작성한 필사본으로서 그동안 알려지지 않은 동학농민군 참여자 및 활동 내용이 새롭게 확인되는 등 학술자료로서의 가치를 인정받은 사료이다 1895년 초에 작성된 것으로 추정되며 10책으로 구성되어 있다 1~9책에는 1894년(갑오년) 9월 22일에서 12월 28일까지 날짜별로 정리된 의정부 및 순무영 공문 지방관의 첩보 등이 10책에는 영에 머문 병사 출진한 병사 및 공적에 대한 기록 등이 수록되어 있다 소재지상세: 서울특별시 종로구 효자로 12 (세종로 국립고궁박물관)', 'score': 0.49505814376176105}, {'text_segment': '국가유산명_국문: 디젤난방차 905호 국가유산명_한자: NaN 국가유산종목: 국가등록문화유산 시도명: 경기 시군구명: 의왕시 시대: 1960년대 내용: ○「디젤난방차 905호」는 1964년 인천공작창에서 제작한 디젤난방차 10량 중 하나로 길이 13m 폭 3m 높이 373m 무게 307톤 물탱크 4기(총 용량 1만200리터)와 연료탱크 2기(총 용량 2700리터) 엔진 발전기 증기 발생기 등이 탑재되어 있으며 증기 발생기는 미국 Vapor Company에서 제작한 것임 ○ &#39;난방차&#39;는 객차 내 난방을 전담할 목적으로 기존의 객차를 개조한 특수차량을 말함 열차객실의 난방설비는 난로→증기기관차→히터카(벙커씨유)→디젤난방차→전기난방차 순으로 변천하였으며 그중에서 디젤난방차는 기관차+디젤난방차+객차를 연결하고 난방차에서 증기를 발생시켜 각 객실로 보내 객실을 따뜻하게 함 ○「디젤난방차 905호」는 증기기관차가 디젤기관차로 바뀌면서 증기난방의 필요성에 따라 제작되었으며 현재 남아 있는 유일한 디젤난방차로 근현대기 철도교통 난방시스템의 변화를 보여주는 철도차량으로 1987년까지 운행됨 소재지상세: 경기도 의왕시 철도박물관로 142 (월암동 철도박물관)', 'score': 0.4740757419725752}, {'text_segment': '국가유산명_국문: 칠곡 녹봉정사지 국가유산명_한자: 漆谷 鹿峰精舍址 국가유산종목: 문화유산자료 시도명: 경북 시군구명: 칠곡군 시대: 조선 내용: 녹봉정사는 1561년(명종 16)에 퇴계 이황의 고제인 금계 황준량이 성주목사로 부임하여 덕계 오건과 함께 향촌 사림의 협조를 얻어 녹봉사 터에 창건한 강학소이다 남명의 제자인 오건이 직접 훈도를 담당하고 퇴계의 제자인 황준량이 지도·감독하여 성주를 중심으로 한 영남 중부지역 성리학 강학의 중심지로서 기능하였으나 이후 성쇠를 거듭하여 19세기 초에 다시 전면적인 중수가 이루어졌고 강학소의 기능을 회복하여 성주 칠곡 지역의 학문적 중심지 역할을 수행하였다 현재 녹봉정사와 관련한 건물은 2009년에 발생한 화재로 인해 붕괴된 채 그 터만 남아있는 상황이다 하지만 더 이상의 멸실을 막고 후일 ‘강안학파’라고 불리기도 하는 퇴계학과 남명학 양자를 계승한 새로운 성리학의 한 조류를 형성하는 토대가 되었다는 점에서 역사적 산실로서 그 의미가 크다 소재지상세: 경상북도 칠곡군 창평로3길 77-60 (지천면)', 'score': 0.4529187329389319}]",2008년 2월 10일
이 문의 구조적 특징은 무엇인가요?,"[{'text_segment': '국가유산명_국문: 강경 갑문 국가유산명_한자: 江景 閘門 국가유산종목: 국가등록문화유산 시도명: 충남 시군구명: 논산시 시대: NaN 내용: ㅇ 갑문은 3중문 구조로 제1문과 제2문은 동일한 기단부에 인접하여 설치하였고 제3문은 일정거리 떨어진 곳에 설치되었으며 수로를 횡단할 수 있도록 보도교가 설치된 시설로 현재 문은 남아 있지 않으나 문의 개폐장치유구 등이 잘 남아 있음 ㅇ 조석(潮汐)에 지장을 받지 않으면서 화물의 하역과 선적 작업을 가능하게 하고 강물의 수위(水位)를 조절하고 홍수 피해를 방지하기 위해 설치한 시설물로 근대기 산업시설로써 가치가 있음 소재지상세: 충청남도 논산시 금백로 101-9 (강경읍)', 'score': 0.7559932333767942}, {'text_segment': '국가유산명_국문: 소목장(가구) 국가유산명_한자: 小木匠 국가유산종목: 시도무형유산 시도명: 경기 시군구명: 남양주시 시대: NaN 내용: 목재를 다루는 장인을 목수木手라 하고 궁궐·사찰·집을 짓은 목수를 대목장大木匠이라 하고 가구·창호 등을 만드는 목수를 소목장이라 한다 소목장에게는 나무가 가진 아름다움을 최대한 살려 한국 고유의 조형미를 창출해 내는 능력이 요구된다 즉 나무 자체에 대한 이해는 물론 목구조에 대한 지식도 필요하며 무엇보다도 예술적 감각을 갖추어야 한다 아울러 완성된 가주는 실용성과 함께 예술성을 갖추어야 하며 무엇보다도 기후의 변화 등에도 잘 견딜 수 있게 내구성이 강해야 한다 목가구의 제작 과정은 다양하고 복잡하며 정교하다 짜임기법만도 주먹장짜임 연귀짜임 장부짜임 제비촉짜임 등 다양하다 못질 풀칠 한 번 하지 않고 튼튼한 틀을 짜낸다 여기에 금속 나전 화각 등을 결합하고 옻나무의 진액인 옻을 도료로 사용해 내구성과 아름다움을 더한다 십장생 용문 운문 글씨문 사군자 등 여러 문양을 조각하고 상감해 예술적 가치를 부여한다 목상감기법은 문양대로 나무를 파내고 흑단 화류 괴목 자개 백동 은 등 다른 색깔의 나무와 재료를 끼워 넣어 다양한 색깔로 문양을 표현한다 이렇게 다양한 기법들이 우리의 전통적인 가구를 만드는데 사용되고 있다 기능 보유자 권우범은 아버지에게 전통공예 기술을 전수받았고 오양환 선생 문하에서 현대적인 기술을 익혔으며 김오겸 선생을 찾아가 불상·말·호랑이·용·독수리 등 입체 작품 제작을 배웠다 1970년 스무 살에 상공부가 주최한 1회 우수공예품대회에서 스승과 함께 출품했는데 스승은 입선을 하고 권 씨는 특선하여 청출어람이란 말을들었다 그는 온고지신을 강조한다 목조가옥의 좌식생활에 알맞게 만들어진 전통가구는 이제 시멘트구조의 아파트 입식구조에 적합하게 제작되어야 한다고 주장하고 또 그것을 실천에 옮기고 있다 그러면서도 전통공예의 소박한 질감 분할의 미 등 장점을 계승 발전시키고 새로운 감각을 접목시켜 시대를 앞서가는 새로운 개념의 명품을 만들어야 진정한 전통의 계승이라 말한다 소재지상세: 경기도 남양주시', 'score': 0.7541141510009766}, {'text_segment': '국가유산명_국문: 전북대학교 구 중앙도서관 국가유산명_한자: NaN 국가유산종목: 국가등록문화유산 시도명: 전북 시군구명: 전주시 시대: NaN 내용: 전북대학교 구 중앙도서관은 대학의 역사와 상징성뿐만 아니라 석조건축의 특징이 잘 표현되어있으며 수장고 등 도서관 기능에 따른 공간구성 및 구조체계가 특징적인 건물로 보존 가치가 높다 소재지상세: 전라북도 전주시 덕진구 덕진동1가 664-14 전북대학교 구 중앙도서관', 'score': 0.6945960878172094}, {'text_segment': '국가유산명_국문: 김백봉 부채춤 국가유산명_한자: NaN 국가유산종목: 이북5도 무형유산 시도명: 평안남도 시군구명: 전역 시대: NaN 내용: &lt;김백봉 부채춤&gt;은 평안남도의 역사와 문화를 기반으로 한국 전통춤의 근 현대 과정 속에서 성장하고 꽃피운 우리나라의 대표적인 춤이다 & lt;김백봉 부채춤&gt;의 형태적 특징은 중후함 유연함 탄력성을 들 수 있으며 부드러운 곡선과 음양의 조화로 이루어지는 다양한 춤사위 그리고 한국적 정서가 깊게 묻어나는 부채춤만의 독특한 예술미학적 기법 등이 그 춤의 철학으로 삼고 있다 굿거리와 자진모리장단으로 이루어진 반주음악은 흥겹고 경쾌한 리듬이 약동적인 춤사위로 창출되며 八字형과 之字형으로 태극선과 포물선상의 곡선을 만들어가는 부채사위의 기본적 구조는 자연의 이치를 근본으로 삼아 묘사된다 소재지상세: 평안남도', 'score': 0.690448522323752}, {'text_segment': '국가유산명_국문: 대구 동인초등학교 강당 국가유산명_한자: NaN 국가유산종목: 국가등록문화유산 시도명: 대구 시군구명: 중구 시대: 일제강점기(학교 설립 인가) 내용: ○「대구 동인초등학교 강당」은 강당 건물로서의 필요한 층고 확보를 위해 채용한 만사드지붕 등의 \r\n     건축적 수법을 잘 보여주는 특징을 가지고 있고 대구 구 도심의 오래된 학교시설로서 근대기 도시\r\n     공간 구조와 함께 교육 및 지역사적 의미를 가지고 있음 ○ 동인초등학교는 대구광역시 구도심에서 상업지역에 위치하여 주변이 번화하고 복잡하지만 학교의 \r\n    특성상 넓은 부지를 형성하고 강당 등 건물 주변에 운동장 등 넓은 외부공간(Open Space)를 확보\r\n    하고 있고 또한 학교측에서는 학교 오랜 역사의 유일한 현존 흔적으로서 보존하고자 하므로 \r\n    국가유산 보존관리 여건 및 주변환경은 양호함\r\n\r\n○ 현재 대구 동인초등학교가 위치하고 있는 대구광역시 중구는 본래 대구읍성이 있었던 지역으로 \r\n    1906년 대구읍성이 철거된 이후 전통적 도시구조에서 근대적 도시구조로 점차 변화\r\n  - 대구 중구는 과거 읍성 지역을 중심으로 많은 근대 건축물이 건축되며 시가지가 점차\r\n    확장되었으며  현재도 대구의 원도심이자 구시가지 지역으로 다수의 근대건축물이 현존함 소재지상세: 대구광역시 중구 국채보상로 728 (동인동4가 동인초등학교)', 'score': 0.6673594681111852}]",무지개 모양의 홍예문과 누각형 2층 건물
이 지붕의 형태는 무엇인가요?,"[{'text_segment': '국가유산명_국문: 창녕 관산서당 국가유산명_한자: 昌寧 冠山書堂 국가유산종목: 문화유산자료 시도명: 경남 시군구명: 창녕군 시대: 1900년 전후 추정 내용: 창녕 관산서당은 정면 4칸 측면 15칸 규모로 전면의 반칸을 퇴칸으로 한 축조한 형식이다 대청에는 우물마루를 깔았으며 우측방의 전면 툇마루는 한단 올려 대청과 높이가 다르게 시설하였다 방의 창호는 모두 세살문을 사용하고 있다 좌측방에는 두짝 우측방에는 외짝의 세살문을 달았고 대청의 뒷벽에는 판장문을 달아 고급스럽지는 않지만 소박한 형태이다 3량 가구 형식으로 중앙부에 대들보를 걸고 전면의 퇴칸에는 퇴보를 걸어 연결하였으며 큰 장식은 보이지 않는다 처마는 홑처마이고 지붕은 박공지붕 형식이다 건립기록을 찾을 수 없으나 1900년 전후에 건립된 것으로 추정된다 퇴칸의 사용이나 간결한 가구기법 및 장식적 기법 등 조선후기 건축양식과 기법을 볼 수 있는 건물로 학술적 가치가 있으며 보존상태도 양호하고 무엇보다 창녕지역에 유일한 사액서원으로 역사적인 가치가 있다 소재지상세: 경남 창녕군 고암면 월미상월길 115 (우천리)', 'score': 0.8785356879234314}, {'text_segment': '국가유산명_국문: 거제질청 국가유산명_한자: 巨濟秩廳 국가유산종목: 시도유형문화유산 시도명: 경남 시군구명: 거제시 시대: NaN 내용: 기성관과 같이 거제 동헌의 부속건물인 질청은 지금의 행정사무실 또는 도서관과 같은 역할을 했으며 고을 원님 자녀 및 관리들의 자녀가 공부하던 곳이다 현재 이 건물은 ""ㄷ""자 형태건물로 양날개 부분에 주거용 방을 두고 중앙부에 대청을 둔 건물이다 무엇보다도 전면 5칸 총 15칸이 넘는 중앙의 대청은 그 유래를 찾아보기 어려운 건물 형식이다 이 건물은 규모면에서도 특이하지만 평면구성으로 볼때 대규모의 중앙대청과 양날개부분의 여러개 방들이 다채롭게 배치된 우진각 형태로 이조 중엽의 우아하고 전중한 건축법을 따르고 있다 1982년에 해체 복원하였으며 지정전까지는 거제등기소로 사용해 왔다 소재지상세: 경남 거제시 거제면 읍내로2길 23 (동상리)', 'score': 0.7378670517747685}, {'text_segment': '국가유산명_국문: 진주 용산리 용산사 대웅전 국가유산명_한자: 晉州 龍山里 龍山寺 大雄殿 국가유산종목: 문화유산자료 시도명: 경남 시군구명: 진주시 시대: NaN 내용: 용산사 대웅전은 명석면 용산리 산19-1번지에 소재하고 있으며 대웅전은 1921년에 용산에 거주하던 참봉 박헌경이 어머니의 극락왕생을 기원하기 위하여 건립하였다 대웅전의 구조는 맞배집형태의 기본구조에 좌우로 지붕을 달아내어 독특한 형태의 지붕구조를 갖고 있으며 일반 대웅전과는 다르게 온돌시설에 루마루 형태의 기초를 갖추고 전퇴간을 두어 계자난간을 두른 형태를 하고 있다 대웅전의 건립연도는 그리 오래 디지 않았으나 전통건축형태에서 변형된 형태를 하고 있어 근대로 변화되는 건축기법의 일면을 보여주고 있어 전통건축연구 자료로서 가치가 높다 또한 건축물의 형태나 활용 등에 있어서 복합적인 성격을 나타내고 있어서 한옥건축의 다양한 형태연구에도 좋은 자료를 제공하는 건축물이다 소재지상세: 경상남도 진주시 진주대로1706번길 34-20 (명석면 용산사)', 'score': 0.7366189016562109}, {'text_segment': '국가유산명_국문: 울산 남창역사 국가유산명_한자: 蔚山 南倉驛舍 국가유산종목: 국가등록문화유산 시도명: 울산 시군구명: 울주군 시대: 1935 내용: 남창역사는 1동 1층 규모로 건축면적 9924㎡이다 남창역사는 1935년 건립되고 1935년 12월 16일 간이역 영업을 개시하였다 구조는 목구조에 지붕은 맞배형태로 박공을 정면 출입구는 크고 배면은 적게 설치하였다 구조는 목조로 벽체는 시멘트 마감으로 변형되어 있으며 등록전인 2001년 공사시 지붕재료 창문형태등이 원형과 다르게 보수되었다 역은 현재 한국철도공사에서 간이역으로 사용중에 있다 소재지상세: 울산 울주군 온양읍 남창역길 40 (남창리)', 'score': 0.7282508716313948}, {'text_segment': '국가유산명_국문: 하동 쌍계사 마애여래좌상 국가유산명_한자: 河東 雙磎寺 磨崖如來座像 국가유산종목: 문화유산자료 시도명: 경남 시군구명: 하동군 시대: NaN 내용: 경상남도 하동군 화개면 쌍계사 대웅전의 동쪽에 있는 큰 암석의 한 면을 움푹 들어가게 파내고 그 안에 불상을 돋을새김 하였다 머리 위에는 상투 모양의 머리묶음이 높고 크게 표현되었으며 옷은 두툼하여 옷주름이 무릎 부분 이외에는 뚜렷하지 않다 왼손은 오른손 위에 올려 놓고 있어 무엇인가를 받들고 있는 듯하다 스님으로 보일 만큼 매우 순박한 모습의 이 불상은 옷이나 손모양 등에서 특이한 점이 보이며 고려시대에 만든 것으로 추정된다 소재지상세: 경상남도 하동군 쌍계사길 59 (화개면) 쌍계사', 'score': 0.7217283493129075}]",우진각지붕
이 건물의 지붕 처마를 받치는 구조 양식은 무엇인가요?,"[{'text_segment': '국가유산명_국문: 대안동신흥사구대웅전 국가유산명_한자: 大安洞新興寺舊大雄殿 국가유산종목: 문화유산자료 시도명: 울산 시군구명: 북구 시대: NaN 내용: 통도사에 딸린 절인 대안동 신흥사의 옛 대웅전으로 사용하던 건물이다 신흥사를 세운 기록은 전하지 않으나 신라 때 세운 절이라고 전하며 임진왜란 당시 승병활동의 거점이 되었던 절 중 하나이다 신흥사에서 1998년 새로이 대웅전을 신축함에 따라 이 건물은 지금 있는 자리로 옮긴 것이다 앞면 3칸·옆면 2칸 규모이며 지붕은 옆면에서 볼 때 여덟 팔(八)자 모양인 팔작지붕이다 지붕 처마를 받치기 위해 장식하여 만든 공포는 새 날개 모양으로 짜올린 익공 양식으로 비교적 간결한 구조를 보인다 소재지상세: 울산 북구 대안4길 299', 'score': 0.7830457919567892}, {'text_segment': '국가유산명_국문: 부석사 국가유산명_한자: 浮石寺 국가유산종목: 문화유산자료 시도명: 충남 시군구명: 서산시 시대: NaN 내용: 부석사는 신라 문무왕 17년(677)에 의상대사가 지었으며 그 뒤 무학대사가 보수하였다고 전한다 경내에는 극락전을 비롯하여 같은 건물로 연결된 심검당 무량수각 등의 건물이 있으며 극락전 앞에 안양루가 서해를 향하고 있다 극락전은 앞면 3칸·옆면 3칸의 규모로 지붕은 옆면에서 볼 때 사람 인(人)자 모양인 맞배지붕이다 지붕 처마를 받치기 위해 장식하여 만든 공포는 기둥 위에만 있는 주심포 양식으로 꾸몄다 고려시대의 건축 양식을 보이고 있는 건축물이다 소재지상세: 충청남도 서산시 부석사길 243 (부석면 부석사)', 'score': 0.7598714762518948}, {'text_segment': '국가유산명_국문: 광흥사응진전 국가유산명_한자: 廣興寺應眞殿 국가유산종목: 문화유산자료 시도명: 경북 시군구명: 안동시 시대: NaN 내용: 광흥사는 의상대사가 세웠다고 전하는 절로 안동에서 가장 큰 절 가운데 하나였으나 현재 남아 있는 건물이 거의 없어 부속 건물이었던 응진전을 중심 법당으로 쓰고 있다 앞면 5칸·옆면 2칸 규모로 지붕은 옆면에서 볼 때 여덟 팔(八)자 모양인 팔작지붕이다 지붕 처마를 받치기 위해 장식하여 만든 공포는 기둥 위와 기둥 이에도 있는 다포 양식으로 꾸몄다 건물 안쪽에는 석가모니불을 모시고 있다 소재지상세: 경북 안동시 서후면 광흥사길 105 (자품리)', 'score': 0.7518324347525028}, {'text_segment': '국가유산명_국문: 죽수절제아문 국가유산명_한자: 竹樹節制衙門 국가유산종목: 문화유산자료 시도명: 전남 시군구명: 화순군 시대: NaN 내용: 조선시대 능주지방에 파견된 지방관이 업무를 보던 건물인 녹의당의 정문이다 선조 32년(1599)에 문을 수리했다는 기록으로 보아 능주목사로 부임한 정윤이 녹의당을 지을 때 함께 지은 것으로 보인다 앞면 3칸·옆면 2칸 규모이며 지붕은 옆면에서 볼 때 여덟 팔(八)자\u3000모양인 팔작지붕이다．지붕 처마를 받치기 위해 장식하여 만든 공포는 간결하게 짜여 있다 건물에는 당대의 문필가인 정이(1568∼1625)가 쓴 현판이 걸려 있다 죽수절제아문은 전라남도에서 보기 드문 구조를 가진 간결하고 아름다운 건물이다 소재지상세: 전남 화순군 능주면 석고리 754번지', 'score': 0.7479968301453847}, {'text_segment': '국가유산명_국문: 김용사대웅전 국가유산명_한자: 金龍寺大雄殿 국가유산종목: 문화유산자료 시도명: 경북 시군구명: 문경시 시대: 조선시대 내용: 김용사는 운달조사가 신라 진평왕 10년(588)에 세웠다고 전하나 사적기에 따르면 세운 시기에 대한 기록이 없다 조선 인조 21년(1643) 화재로 소실되었다가 인조 27년(1649) 새로 복원하여 현재까지 이어진다 대웅전은 17세기에 지은 것으로 보이는데 앞면 3칸·옆면 3칸 규모이며 지붕은 옆면에서 볼 때 여덟 팔(八)자 모양인 팔작지붕이다 지붕 처마를 받치기 위해 장식하여 만든 공포는 기둥 위와 기둥 사이에도 있는 다포 양식으로 꾸몄다 대웅전 건축 양식상 특이한 것은 건물의 기단 위를 평평하게 다듬지 않고 기둥을 세워 높이가 일정하지 않다 그러나 기둥 모두 대웅전의 중심쪽으로 약간씩 기울어져 건물 전체가 안정감을 주는 기법을 사용하였다 소재지상세: 경북 문경시 산북면 김용길 372 (김용리)', 'score': 0.741698813270115}]",다포 양식
'숭례문' 현판을 쓴 사람은 누구인가요?,"[{'text_segment': '국가유산명_국문: 담양 몽한각 소장 숭례문과 후적벽부 목판 국가유산명_한자: 潭陽 夢漢閣 所藏 崇禮門과 後赤壁賦 木板 국가유산종목: 시도유형문화유산 시도명: 전남 시군구명: 담양군 시대: 1887년(고종24) 내용: ○ 양녕대군 이제(1394~1462)의 친필로 전해지고 후손들이 서울 지덕사 소장본을 모본으로 하여 1887년(고종24) 9월 몽한각에서 다시 판각한 인출본 목판으로 서예사 연구의 학술적 예술적 가치가 탁월함\r\n\r\n○ 숭례문 목판은 현 국보 &#39;서울 숭례문&#39; 현판보다도 자형과 필획이 균형을 이루고 후적벽부 목판은 초서의 정형성을 탈피하여 자유분방하면서도 기운이 약동하는 서격과 물 흐르듯 써 내려간 광초의 필적 소재지상세: 전라남도 담양군', 'score': 0.7567072808742523}, {'text_segment': '국가유산명_국문: 양녕대군 이제 묘역 국가유산명_한자: 讓寧大君 李禔 墓域 국가유산종목: 시도유형문화유산 시도명: 서울 시군구명: 동작구 시대: 1675년 내용: 조선 태종의 장남이며 세종의 맏형인 양녕대군(1394∼1462)의 묘와 사당이다 사당은 숙종 1년(1675) 임금의 명에 의해 세운 것으로 원래 숭례문 밖에 있던 것을 1912년 지금의 자리로 옮겨 놓은 것이다 지덕이란 ‘인격이 덕의 극치에 이르렀다’는 뜻으로 세조가 친히 지어준 이름이라고 한다 사당 안에는 양녕대군과 부인 광산 김씨의 위패가 모셔져 있고 양녕대군의 친필인 숭례문 현판의 탁본과 정조가 지은 지덕사기 허목이 지은 지덕사기 등이 있다 양녕대군의 묘소는 사당 뒤편에 자리하고 있다 소재지상세: 서울 동작구 양녕로 167 (상도동)', 'score': 0.6823834755962088}, {'text_segment': '국가유산명_국문: 명신여학교 태극기·현판·완문 국가유산명_한자: 明新女學校 太極旗·懸板·完文 국가유산종목: 국가등록문화유산 시도명: 서울 시군구명: 강남구 시대: NaN 내용: 순헌황귀비 엄씨가 1906년 5월 설립한 명신여학교(明新女學校)의 설립 초기 교사 자료인 태극기 현판 완문 3점의 유물로 교육사적 가치가 큰 유물이다 태극기는 ‘明新女學校’라는 묵서와 함께 4괘와 태극문양을 틀을 사용하여 찍어낸 기법으로 제작한 것으로 당시로는 흔하지 않은 물감 사용 태극기라는 점 4괘의 배치가 특이한 점 교육현장에서 발견된 최초의 태극기라는 점에서 사료적 가치가 크다 현판은 ‘明新女學校’ 글자를 양각으로 새겼고 네 가장자리는 조선시대 궁중 현판의 일반적인 형식에 따라 액틀을 붙였으며 채색으로 화초문(花草紋)과 운두문(雲頭紋)을 장식했다 완문(完文)은 1907년 5월에 영친왕궁(英親王宮)에서 명신여학교의 운영자금을 마련해 주기 위해 토지를 하사한다는 내용의 공문서로 대한제국기 황실에서 근대교육 초창기에 설립된 학교의 재정을 후원했음을 증명하는 황실문서이다 소재지상세: 서울특별시 강남구', 'score': 0.558627971259195}, {'text_segment': '국가유산명_국문: 진주 벽오당 현판 국가유산명_한자: 碧悟堂懸板 국가유산종목: 문화유산자료 시도명: 경남 시군구명: 진주시 시대: 16세기∼17세기 추정 내용: 진주 향사당 내에 있던 벽오당 건물의 현판으로 벽오당은 조선 초 하륜(1347∼1416)에게 태종이 직접 내린 교서를 봉안하기 위해 마련한 건물이다 이 현판은 가로 220㎝·세로 100㎝ 크기이며 송판 아홉 장을 연결하여 그 위에 돋을새김으로 오른쪽에서 왼쪽으로 ‘벽오당(碧梧堂)’이라 쓰여 있다 이 현판을 달기 위하여 윗쪽으로 3개의 구멍과 중간 쯤에 2개의 구멍을 뚫어 두었다 이로써 이 현판이 원래는 약간 숙이는 모양으로 달려 있었음을 알 수 있다 이 현판의 글씨는 해서(楷書)로 되어 있다 그리고 그 결구(結構)가 균형이 완벽할 정도로 빈틈이 없으며 운필이 엄정하고 야무지면서도 전체적으로 넉넉한 여유가 느껴진다 현판에 아무런 기록이 없으므로 이 현판이 얼마나 오래된 것인지를 정확히 알 수는 없다 그러나 옻칠을 하여 잘 보관된 이 현판은 그 서체와 함께 역사적 정황으로 미루어 보아 그 제작 시기가 적어도 1578년과 1642년 사이일 것으로 추정된다 이 현판은 진주 향사당 내의 ‘벽오당’이라는 건물의 존재를 확인해 주는 것이기도 할 뿐만 아니라 현재 뚫려 있는 현판의 구멍을 통해서 현판이 어떻게 달려 있었는지도 알 수 있게 해주는 등 우리의 현판 문화를 이해할 수 있는 중요한 자료로 평가된다 소재지상세: 경상남도 진주시', 'score': 0.5583508769981279}, {'text_segment': '국가유산명_국문: 평안도 향두계놀이 국가유산명_한자: NaN 국가유산종목: 이북5도 무형유산 시도명: 평안남도 시군구명: 전역 시대: NaN 내용: 예부터 우리 민족이 더불어 살기 위한 다양한 풍습 중 하나가 두레(계)인데 지방마다 조금씩 다른 이름이나 다른 방식으로 이어져 왔다 ‘항두계’는 평안도 함경도 일대에 있어온 농사를 위한 공동생활조직이다 ‘향두’라는 말의 어원은 ‘향도’(鄕徒)에서 비롯되었다는 것이 일반적인 학설이다 ‘평안도 항두계놀이’는 농사일에 마을 사람들과 함께 모여 사연들을 노래로 표현하는 연희극이다 ‘평안도 향두계 놀이’는 오랜 동안 사람들의 입에서 입으로 구전심수(口傳心授)되어 내려온 민족전통의 연희이다 연회 중에 향두꾼들이 부르는 호미소리는 향두꾼들의 봉건의식도  반영되어 있으나 농민들의 염원 상층계층에 대한 풍자도 담겨져 있어 과거 봉건사회의 사회상을 엿볼 수 있는 대목이다 ‘평안도 항두계놀이’는 전통 춤과 긴아리 자진아리 호미타령 등  토속민요 그리고 수심가 엮음수심가 등 평안도의 대표적인 통속민요를 곁들여 연희한다 소재지상세: 평안남도', 'score': 0.5451180690989207}]",양녕대군
서울 성곽 중 가장 오래된 목조 건축물은 무엇인가요?,"[{'text_segment': '국가유산명_국문: 서울 남대문로 2층 한옥 상가 국가유산명_한자: 서울 南大門路 2層 韓屋 商街 국가유산종목: 국가등록문화유산 시도명: 서울 시군구명: 중구 시대: 일제강점기 내용: 서울 남대문로에 건설된 일제강점기의 전형적 벽돌조 한옥 상가로서 현재 서울 시내에 유일하게 남아 있는 건물이며 당시 남대문로 상업건축의 특징을 잘 보여주는 건축물로 역사적 의미와 건축적 가치가 있음 1900~1910년대 서울 남대문로를 중심으로 종로 등 주요 간선도로 변에는 한양절충식 한옥상가가 2층으로 연이어져 건립되는 붐이 있었음 당시까지는 단층 건물이 주류였던 상황에 2층 건물들이 연이어 지어졌으며 목조 가구식 구조의 전통에서 벽돌(주로 전돌) 조적식 건축으로 바뀌었으며 지붕은 전통적 지붕틀에서 탈피하여 서양식 목조 트러스를 설치하였음 상업건물이 주였으므로 외부에는 출입문 창문 등에 목재틀과 난간 등이 설치되었는데 그 장식은 당시에 유행하던 문양들이 채택되었음 소재지상세: 서울특별시 중구 남대문로 11 (남대문로4가)', 'score': 0.7984681228408101}, {'text_segment': '국가유산명_국문: 진천 덕산양조장 국가유산명_한자: 鎭川 德山釀造場 국가유산종목: 국가등록문화유산 시도명: 충북 시군구명: 진천군 시대: 1930 내용: 이 건물은 양조장의 전형을 알 수 있는 단층의 합각 함석지붕 목조건축물로 지붕 목조트러스 가운데 목부재에 쓰여진 기록을 통해 1930년에 목수 성조운(成造運)이 건립하였음을 알 수 있다 양조장의 환기를 위해 높은 창을 두고 보온을 위해 벽체와 천장에 왕겨를 채웠으며 외부 마감은 목재 널판을 사용하는 등 목조 건축물로서 독특한 형식을 갖추고 있다 소재지상세: 충북 진천군 덕산면 초금로 712 외 1필지 (용몽리)', 'score': 0.7767638310771707}, {'text_segment': '국가유산명_국문: 서울 창녕위궁 재사 국가유산명_한자: 서울 昌寧尉宮 齋舍 국가유산종목: 국가등록문화유산 시도명: 서울 시군구명: 강북구 시대: 사랑채 일부 19세기 내용: 높은 장대석 기단으로 감싸고 있는 \xad전통한식 목조가옥이다\r\n\xad 조선조 제23대 순조의 부마 창녕위 김병주의 재사(齋舍)로서 한일합병 후 김병주의 손자 김석진이 일본의 남작작위를 거절하고 순국자결한 역사적 의미를 가진 건축물이다 순조의 부마 김병주 재사로 지어진 부분을 안채로 삼고 사랑채는 다른 곳에서 이축한 것으로 전해지고 있으며 한국전쟁시 피폭되어 재사와 행랑을 다시 지었다 소재지상세: 서울 강북구 월계로 173 (번동)', 'score': 0.7647994918457952}, {'text_segment': '국가유산명_국문: 서천 판교 근대상가주택 1 국가유산명_한자: NaN 국가유산종목: 국가등록문화유산 시도명: 충남 시군구명: 서천군 시대: NaN 내용: 1932년 당시로서는 드물게 2층으로 건축되어 독특한 외관과 공간구성을 가진 목조건물로 판교 장터의 중요한 진입부에 자리하며 현재까지 시가지에서 상징적 건물로서의 역할을 하고 있다 기본적인 건축형식은 원형 그대로 유지하고 있고 2층 목조 상가 건축물의 공간 구성과 특성을 보여주는 문화유산으로 등록할만한 가치가 있는 것으로 판단된다 소재지상세: 충청남도 서천군', 'score': 0.7643598963363876}, {'text_segment': '국가유산명_국문: 서울 경희대학교 본관 국가유산명_한자: NaN 국가유산종목: 국가등록문화유산 시도명: 서울 시군구명: 동대문구 시대: 1950년대 내용: 1956년 건립된 경희대학교 본관은 학교 내 중심이 되는 건축물로서 상징성 기념성 등을 표현하기 위해 고대 그리스식 기둥 및 삼각형의 박공벽 등 신고전주의 양식으로 디자인 하였고 또한 태극 및 무궁화 문양 등 한국적 디자인 요소를 부분적으로 반영한 독특한 건축물로서 의미가 있다 소재지상세: 서울특별시 동대문구 경희대로 26 (회기동 경희대학교)', 'score': 0.7312880232594211}]",숭례문
숭례문 방화 사건이 발생한 날짜는 언제인가요?,"[{'text_segment': '국가유산명_국문: 죽천이공행적록 국가유산명_한자: 竹泉李公行蹟錄 국가유산종목: 문화유산자료 시도명: 부산 시군구명: 영도구 시대: 16246~162410 내용: 국립해양박물관 소장 《죽천이공행적록》(竹泉李公行蹟錄)은 1624년 인조의 책봉을 위해 주청사로 명나라에 다녀온 죽천 이덕형(李德泂)의 사행을 기록한 필사본 1책이다 이 책은 1624년 6월부터 10월까지 해로사행의 항해 일정에 주목하여 발생되는 주요 사건을 중심으로 날짜별로 기록되어 있으며 바다의 낯선 환경에 처한 인물의 주관적 입장을 사실적으로 표현하고 있다 지금까지 밝혀진 우리나라 최초의 국문 사행록인 《담헌연행록》(1765년)보다 120여년 앞선 것으로 보아 한글로 기록된 사행록 가운데 가장 이른 시기의 것으로 추정되고 해로사행 경로가 정확히 묘사되어 있어 한중 관계사와 사신 관계 등에서 사료적 가치가 높은 자료이다 또 한글로 작성된 사행록을 모본으로 하여 한역(漢譯)이 이루어진 것을 확인할 수 있는 자료로서 17세기 한글연구에 귀중한 자료이며 해양역사를 밝힐 수 있는 정보를 담고 있어 서지학적 가치가 높다 소재지상세: 부산광역시 영도구 해양로301번길 45 (동삼동 국립해양박물관)', 'score': 0.5204731897409203}, {'text_segment': '국가유산명_국문: 고흥 소록도 4·6 사건 진정서 및 성명서 국가유산명_한자: NaN 국가유산종목: 국가등록문화유산 시도명: 전남 시군구명: 고흥군 시대: 1953년 ~1954년 내용: ‘고흥 소록도 4·6 사건 진정서 및 성명서’는 소록도 갱생원의 부정과 인권 유린에 맞서 한센인들이 자유와 인권의 목소리를 낸 &#39;김상태 원장 해임 운동(1953년)&#39; 및 &#39;소록도 4·6 사건(1954년)&#39;과 관련된 유물이다 1950년대 초반 소록도에서는 김상태 원장의 취임 이후 일제강점기의 제도와 관행들이 다시 부활되고 엄격한 경계선을 통해 환자에 대한 차별과 통제가 강화되었는데 소록도의 한센인들은 문제점과 비위사실이 적시된 진정서와 그에 별첨된 물품통계표를 작성하였고 진정서와 신문의 공개장이 별다른 반향이 없자 성명서를 발표하여 항거하였다 해당 유물은 4·6 사건의 경과와 내역을 알려주고 있으며 자유와 인권을 외친 한센병 환자들의 목소리를 보여주는 직접적인 유물로서 중요한 가치를 지니고 있다 소재지상세: 전라남도 고흥군 소록해안길 82 (도양읍 국립소록도병원 한센병박물관)', 'score': 0.5063175269658186}, {'text_segment': '국가유산명_국문: 서울 숭례문 국가유산명_한자: 서울 崇禮門 국가유산종목: 국보 시도명: 서울 시군구명: 중구 시대: 조선 태조 7년(1398) 내용: 조선시대 한양도성의 정문으로 남쪽에 있다고 해서 남대문이라고도 불렀다 현재 서울에 남아 있는 목조 건물 중 가장 오래된 것으로 태조 5년(1396)에 짓기 시작하여 태조 7년(1398)에 완성하였다 이 건물은 세종 30년(1448)에 고쳐 지은 것인데 1961∼1963년 해체·수리 때 성종 10년(1479)에도 큰 공사가 있었다는 사실이 밝혀졌다 이후 2008년 2월 10일 숭례문 방화 화재로 누각 2층 지붕이 붕괴되고 1층 지붕도 일부 소실되는 등 큰 피해를 입었으며 5년 2개월에 걸친 복원공사 끝에 2013년 5월 4일 준공되어 일반에 공개되고 있다 이 문은 돌을 높이 쌓아 만든 석축 가운데에 무지개 모양의 홍예문을 두고 그 위에 앞면 5칸·옆면 2칸 크기로 지은 누각형 2층 건물이다 지붕은 앞면에서 볼 때 사다리꼴 형태를 하고 있는데 이러한 지붕을 우진각지붕이라 한다 지붕 처마를 받치기 위해 기둥 위부분에 장식하여 짠 구조가 기둥 위뿐만 아니라 기둥 사이에도 있는 다포 양식으로 그 형태가 곡이 심하지 않고 짜임도 건실해 조선 전기의 특징을 잘 보여주고 있다 『지봉유설』의 기록에는 ‘숭례문’이라고 쓴 현판을 양녕대군이 썼다고 한다 지어진 연대를 정확히 알 수 있는 서울 성곽 중에서 제일 오래된 목조 건축물이다 Ο 숭례문 방화 화재(2008210)\r\n\xad\xad\xad2008년 숭례문 방화 사건(崇禮門放火事件)은 2008년 2월 10일 ~ 2월 11일 숭례문 건물이 방화로 타 무너진 사건이다 화재는 2008년 2월 10일 오후 8시 40분 전후에 발생하여 다음날인 2008년 2월 11일 오전 0시 40분경 숭례문의 누각 2층 지붕이 붕괴하였고 이어 1층에도 불이 붙어 화재 5시간 만인 오전 1시 55분쯤 석축을 제외한 건물이 훼손되었다 소재지상세: 서울 중구 세종대로 40 (남대문로4가)', 'score': 0.5}, {'text_segment': '국가유산명_국문: 평안도 배뱅이굿 국가유산명_한자: NaN 국가유산종목: 이북5도 무형유산 시도명: 평안남도 시군구명: 전역 시대: NaN 내용: ‘배뱅이굿’은 기존의 신분질서와 사회적 통념의 가치에 대하여 부정하고 반문하며 그 안에서 자연스러운 웃음을 담아내는 서도의 재담소리이다 사회가 금기시했던 것들은 자연스러움을 거스르고 있다 하지만 ‘배뱅이굿’은 기존 질서와 다른 변화된 사회의식을 싹트게 하고 있다 기존 사회의 가치와 질서를 파괴하고 있지만 그 순간의 상황이 불편하게 다가오는 것이 아니라 자연스럽게 해학적으로 받아들여지게 된다 ‘배뱅이굿’은 서도지방에 전해 내려오는 판소리 형태의 재담소리이다 청중이 모인 소리판에서 소리광대가 고수의 장구 반주에 맞춰서 연행하는 1인 창극이며 서사적인 소재의 배뱅이 이야기를 소리와 아니리 그리고 발림을 섞어가며 공연하기 때문에 남도지역의 판소리와 비교되는 서도지역의 재담소리이다 판소리와 공연형태가 비슷하지만 판소리는 남도 육자배기토리의 선율을 북 반주에 맞추어 실연하지만 ‘배뱅이굿’은 서도 수심가토리의 선율을 장구 반주에 맞추어 실연한다 ‘배뱅이굿’은 수심가토리인 산염불과 평양 다리굿에서의 사령굿 즉 기밀이 주를 이루고 있으며 그 외에도 다양한 무가들을 구사할 뿐만 아니라 발림과 재담도 함께 연기하고 행해진다 특히 평안도 지역의 ‘배뱅이굿’은 평안도 방언이 짙게 깔려있어 향토색이 짙게 묻어나오며 사령굿에서 기밀은 평안도 지역민들의 애환이 잘 표현되어 구슬프고 애잔한 느낌을 준다 이은관제 ‘배뱅이굿’은 기존의 ‘배뱅이굿’과 같이 전체적으로 무가와 산염불조가 중심이 된다 수심가토리 이외에도 메나리토리의 장타령 엮음 아라리 등이 삽입된다 특히 이은관의 ‘배뱅이굿’은 같은 평안도 ‘배뱅이굿’이라 해도 김종조 최순경 김주호 등이 부르는 ‘배뱅이굿’에는 없는 상좌중과 배뱅이 사랑 대목이 전승되고 있으며 황해도 전승 ‘배뱅이굿’에는 거의 보이지 않는 배뱅이 죽음 대목을 가지고 있다는 점에서 매우 탄탄하고 완성도 높은 재담소리라는 평가를 받고 있다 소재지상세: NaN', 'score': 0.5}, {'text_segment': '국가유산명_국문: 갑오군정실기 국가유산명_한자: NaN 국가유산종목: 국가등록문화유산 시도명: 서울 시군구명: 종로구 시대: 1895년 초 내용: 「갑오군정실기」는 1894년 동학농민군 토벌을 위해 설치된 양호도순무영(兩湖都巡撫營)의 관련 공문서를 모아 작성한 필사본으로서 그동안 알려지지 않은 동학농민군 참여자 및 활동 내용이 새롭게 확인되는 등 학술자료로서의 가치를 인정받은 사료이다 1895년 초에 작성된 것으로 추정되며 10책으로 구성되어 있다 1~9책에는 1894년(갑오년) 9월 22일에서 12월 28일까지 날짜별로 정리된 의정부 및 순무영 공문 지방관의 첩보 등이 10책에는 영에 머문 병사 출진한 병사 및 공적에 대한 기록 등이 수록되어 있다 소재지상세: 서울특별시 종로구 효자로 12 (세종로 국립고궁박물관)', 'score': 0.49599242028061397}]",2008년 2월 10일~11일
이 책이 간행된 연도는 언제인가요?,"[{'text_segment': '국가유산명_국문: 구미자비사묘법연화경 국가유산명_한자: 구미자비사묘법연화경 국가유산종목: 문화유산자료 시도명: 경북 시군구명: 구미시 시대: NaN 내용: 묘법연화경은 법화경이라고도 한다 천태종의 근본 경전이었으며 현재는 한국불교의 근본 경전의 하나이다 삼국시대부터 널리 유통되었으며 고려시대에는 필사 및 간행이 활발하였고 조선시대에도 꾸준히 간행되었다 독송용 경전이라기보다 주로 경전신앙을 따르는 시주자의 공덕을 위해 간행되었다 총 7권 가운데 권1~2의 영본(零本) 1책이고 간기(刊記)가 없어 분명한 간행연도를 알 수 없다 그러나 동일판본의 완질이 보물로 지정되어 있고 서체(書體) 판식(版式) 도각(刀刻) 등으로 보아 임진왜란 이전의 간본(刊本)으로 판단된다고 한다 소재지상세: 경상북도 구미시', 'score': 0.8379323214242915}, {'text_segment': '국가유산명_국문: 고불사 선종영가집 국가유산명_한자: 古佛寺 禪宗永嘉集 국가유산종목: 문화유산자료 시도명: 부산 시군구명: 기장군 시대: 조선전기 내용: 『선종영가집』은 우리나라 선림(禪林)에서 많이 읽힌 선종의 요결서로 당나라 현각 (玄覺)이 법문을 짓고 송나라 행정(行靖)이 주석한 책으로 상하 2권 1책이다 우리나 라에서 처음 간행된 것이 정확히 언제인지 알 수는 없지만 현재 전하는 고려 우왕7년(1381)의 한문본(漢文本)이 가장 오래된 것이다 고불사 소장 『선종영가집』의 내용은 모도지의(慕道志儀) 계교사의(戒憍奢意) 정수삼업(淨脩三業) 사마타송(奢摩他頌) 비파사나(毗婆舍那) 우필차송(優畢叉頌) 삼승점 차(三乘漸次) 이사불이(理事不二) 권우인서(勸友人書) 발원문(發願文) 등 모두 10문(門)으로 구성되어 있다 이 책은 2권 1책의 목판본으로 간기에 의하면 1573년에 평안도 묘향산 보현사에서 개간(開刊)한 것으로 기록되어 있으며 책의 보존 상태도 전반적으로 양호하다 임진 왜란 이전인 선조 연간에 간행된 것으로 조선 전기에 간행된 『선종영가집』의 판본 형태를 보여주고 있어 서지학 및 문화유산자료적 가치가 있는 유물이다 소재지상세: 부산광역시 기장군 철마면 고촌로28번길 77 (고촌리 정광사)', 'score': 0.7919319764574145}, {'text_segment': '국가유산명_국문: 진주원계리밀양손씨경인보 국가유산명_한자: 晋州元溪里密陽孫氏庚寅譜 국가유산종목: 문화유산자료 시도명: 경남 시군구명: 진주시 시대: 1710년 내용: 진주 원계리 밀양손씨경인보는 1710년까지의 밀성 손씨를 전국적으로 망라하고 있는 대동보의 성격을 지니고 있으며 특히 이 책의 간행을 주도한 것으로 보이는 孫佺(1634-)의 상세하고도 치밀한 주석이 곳곳에 보임으로써 사실의 기술에 객관성을 인정할 만하다 자녀를 기술하는 순서가 生年順이 아니라 先男後女로 바뀌었으며 外孫의 기술에 있어서도 사위 이후 3대까지 기록되어 있다 그래서 때에 따라서는 外孫壻의 外孫壻까지 알 수 있을 정도로 자세하다 이 책은 건책 첫 부분에 숭정기원후 68년 을해(1695년) 5월의서문과  발문이 있으며 서문의 撰者부분이 결락되어 있고 발문은 후손인 孫佺이 찬술하였다 책의 제목은 表題는 密陽孫氏世譜로 되어 있고 內題와 版心題는 모두 密城孫氏族譜로 되어 있으며 책의 분량은 乾·坤 2책인데 乾책이 78장이며 坤책이 69장이어서 모두 147장이다 책의 크기와 형태적 특징은 사방의 테두리는 굵고 가는 두 줄로 처리되었으며 책의 크기는 가로 25cm 세로 365cm이고 半郭의 크기는 가로가 21cm이고 세로가 275cm이다 魚尾는 상하 두 곳에 內向의 二葉花紋으로 되어 있다 반곽이 11행으로 되어 있고 매 행마다 23자씩 들어가도록 판을 짰다 匡郭과 界線은 목판으로 만들고 그 안에 목활자를 넣어서 인쇄한 목활자본이다 刊記는 곤책 마지막 장에 “崇禎紀元後八十三年庚寅四月日松沙活字印出”이란 기록이 있어 이 족보가 1710년 4월 松沙에서 목활자로 인쇄된 것임을 알 수 있다 이 책은 간행연도가 1710년으로 비교적 앞서 있어서 전국적으로 희귀본에 해당된다 17 18세기에 와서 처음으로 대동보 형태의 족보를 간행하는 것이 전국 각 가문의 일반적인 경향이었다 이 족보는 밀성손씨의 초간 대동보로 전국적으로 희귀본이라 할 수 있다 이보다 뒤에 나오는 족보는 내용이 더욱 상세해져서 분량이 늘어나지만 내용이 첨가되고 수정되는 경우가 많아 보완된 측면과 함께 신빙하기 어려운 부분도 있다 이 족보는 이와는 달리 18세기 초까지의 밀성손씨 및 그 외후손의 계보를 매우 정확하게 담고 있어 중요한 자료이다 소재지상세: 경상남도 진주시', 'score': 0.7799624971645647}, {'text_segment': '국가유산명_국문: 내원정사 묘법연화경 국가유산명_한자: 內院精舍 妙法蓮華經 국가유산종목: 시도유형문화유산 시도명: 부산 시군구명: 서구 시대: 조선 인조10(1632년) 내용: 묘법연화경은 흔히 법화경(法華經)으로 불리며 화엄경(華嚴經)과 더불어 한국 불교의 근본 경전 중 우리나라에 유포된 불교 경전 가운데 가장 많이 간행된 경전이다 내원정사에서 소장하고 있는 묘법연화경은 인조 10년(1632) 삭령 용복사(龍腹寺)에서 간행된 7권 3책과 인조 27년(1649) 양산 통도사(通度寺)에서 간행된 7권 3책 등 총 14권 6책의 목판본으로서 간행된 연도와 간행처가 명확하여 수많은 묘법연화경의 간행 내역 등을 밝히는데 표식이 되는 자료이다 소재지상세: 부산광역시 서구 엄광산로40번길 80 (서대신동3가 내원정사)', 'score': 0.7699949145317078}, {'text_segment': '국가유산명_국문: 묘법연화경 권3～4 국가유산명_한자: 妙法蓮華經 卷三~四 국가유산종목: 시도유형문화유산 시도명: 충북 시군구명: 청주시 시대: NaN 내용: 『묘법연화경』은 줄여서 ‘법화경’이라고 부르기도 하며 부처가 되는 길이 누구에게나 열려 있다는 것을 중요사상으로 하고 있다 내용도 대승불교의 사상을 포괄적으로 담고 있을 뿐만 아니라 경전으로서 문학적인 가치도 높다 이 책은은 목판본으로 권3·4의 2권 1책으로 책의 크기는 215×346㎝이며 표지는 후대에 개장改裝하여 비단으로 새\r\n로 만든 것이다 권3과 권4의 처음 장과 마지막 장이 결실되어 모두 109장이다 책의 간기나 발문이 없어 정확한 간행연도와 간행장소를 알 수 없으나 지질紙質 상태나 권3의 51-2장의 계선 상태를 통해 1482년과 1488년 간행본과 별다른 차이점이 없어 이때를 전후하여 간행된 초판본初版本으로 추정된다 또한 이 판본은 본문에 구두점을 찍어 보기에 편리하게 하였고 당시 유행하던 계환戒環의 주석과 풀이가 붙어 있지 않아 독송용으로 판각한 것으로 조선 전기의 불교학 및 인쇄문화와 관련된 귀중한 자료로 평가된다 소재지상세: 충청북도 청주시', 'score': 0.7637995416903642}]",세종 30년(1448년)
무령왕릉은 누구의 무덤인가요?,"[{'text_segment': '국가유산명_국문: 공주 무령왕릉과 왕릉원 국가유산명_한자: 公州 武寧王陵과 王陵園 국가유산종목: 사적 시도명: 충남 시군구명: 공주시 시대: 백제시대 중기 내용: 공주시 금성동에 있는 웅진 백제시대 왕들의 무덤이 모여있는 곳이다 무령왕릉을 포함한 이 일대의 고분들은 모두 7기가 전해지는데 송산을 주산으로 뻗은 구릉 중턱의 남쪽 경사면에 위치한다 계곡을 사이에 두고 서쪽에는 무령왕릉과 5 ·6호분이 있고 동북쪽에는 1∼4호분이 있다 1∼6호분은 일제시대에 조사되어 고분의 구조와 형식이 밝혀졌고 무령왕릉은 1971년 5 ·6호분의 보수공사 때 발견되었다 고분들은 모두가 표고 약120m 정도되는 송산(宋山)을 북쪽의 주산(主山)으로 한 중턱 남쪽경사면에 자리하고 있는데  1∼5호분은 모두 굴식 돌방무덤(횡혈식 석실분)으로 무덤 입구에서 시신이 안치되어 있는 널방(현실)에 이르는 널길이 널방 동쪽벽에 붙어 있는 것이 특징이다 1∼4호분은 바닥에 냇자갈을 깔아 널받침(관대)을 만들었는데 5호분은 벽돌을 이용하였다 이처럼 같은 양식의 무덤이면서 구조와 규모에 있어서 약간의 차이가 나는 것은 시기 차이가 반영된 것으로 보인다 5호분은 원형으로 남아 있으나 1∼4호분은 조사되기 전에 이미 도굴되었다 이외에 벽돌무덤(전축분)으로 송산리벽화고분이라고도 불리는 6호분과 무령왕릉이 있다 6호분은 활모양 천장으로 된 이중 널길과 긴 네모형의 널방으로 되어 있는데 오수전(五銖錢)이 새겨진 벽돌로 정연하게 쌓았다 널방 벽에는 7개의 등자리와 사신도 · 일월도 등의 벽화가 그려져 있다 무령왕릉도 6호분과 같이 연꽃무늬 벽돌로 가로쌓기와 세로쌓기를 반복하여 벽을 쌓았다 벽에는 5개의 등자리가 있고 무덤주인을 알 수 있게 해주는 지석 등 많은 유물이 출토되었다 6호분과 무령왕릉은 현재 남아있는 백제의 벽돌무덤으로 모두 터널형 널방 앞에 짧은 터널형 널길을 가지고 있으며 긴 배수로도 갖추고 있다 이러한 형식의 벽돌무덤은 중국의 영향을 받은 것이며 벽화는 고구려의 영향을 받은 것으로 보인다 특히 무령왕릉의 경우 확실한 연대를 알 수 있어 백제사회의 사회 ·문화상을 연구하는데 절대자료로 평가된다 소재지상세: 충남 공주시 금성동 산5-1번지', 'score': 0.736593559384346}, {'text_segment': '국가유산명_국문: 해남월송리조산고분 국가유산명_한자: 海南月松里造山古墳 국가유산종목: 시도기념물 시도명: 전남 시군구명: 해남군 시대: NaN 내용: 마을사람들은 이 무덤을 조산 외도리동산으로 불리었으나 우연히 유물을 발견함으로써 무덤임이 알려졌다 무덤의 내부구조는 무덤안으로 들어가는 통로인 널길(연도)과 널방(현실)을 갖춘 앞트기식돌방무덤(횡구식석실묘)이다 백제 토기를 비롯하여 마구류 무기류 장신구들이 수습되어 이 무덤이 6세기 초에 형성된 것임을 밝혀준다 해남 월송리조산 무덤은 그 유물들이 공주무령왕릉의 출토품에 버금가는 학술자료를 제공해 당시의 백제를 연구하는데 중요한 자료가 되는 곳이다 소재지상세: 전남 해남군 현산면 월송리 378-1번지', 'score': 0.7157886048962068}, {'text_segment': '국가유산명_국문: 함안 주세붕 묘역 국가유산명_한자: 咸安 周世鵬 墓域 국가유산종목: 시도기념물 시도명: 경남 시군구명: 함안군 시대: 조선시대 내용: 조선 초기의 문신이며 대학자였던 신재(愼齋) 주세붕(1495∼1554) 선생의 묘소이다 어려서부터 효성이 지극하였으며 학문에도 열성적이었다 중종 17년(1522) 문과에 급제한 후 여러 관직을 두루 거쳐 중종 36년(1541)에 풍기 군수가 되었다 중종 38년(1543)에는 풍기 지방에 우리나라 최초의 서원인 백운동서원(뒤의 소수서원)을 세웠다 명종 6년(1551)에는 황해도 관찰사가 되어 해주에 수양서원을 창설하여 최충을 모시기도 하였다 죽은 뒤 선생의 유언에 따라 고향에 장사 지내고 조정에서는 예조판서의 벼슬을 내렸다 선생의 묘는 3기의 묘중 가운데 위치하는 둥근 무덤으로 앞에는 묘갈과 상석이 옆에는 비석과 망주가 잘 갖추어져 있다 사각의 망주에는 &#39;누구인들 부모가 없으며(誰無父母) 누구인들 사람의 자식이 아니겠는가(孰非人子)&#39;라는 시경의 글귀가 새겨져 있어 그의 효성을 잘 보여준다 묘역 위쪽의 네모난 무덤은 아버지 문보(文俌)와 어머니 창원 황씨를 함께 모셨다 무덤주위는 잘 다듬어진 둘레돌과 상석이 갖추어져 있고 둘레돌의 표면에는 가계 현황이 기록되어 있다 아랫쪽에 둥근 무덤은 큰 조카 조(造)의 묘이다 소재지상세: 경남 함안군 칠서면 계내리', 'score': 0.6554890462424533}, {'text_segment': '국가유산명_국문: 무령왕릉 석수 국가유산명_한자: 武寧王陵 石獸 국가유산종목: 국보 시도명: 충남 시군구명: 공주시 시대: 백제시대 내용: 공주시 무령왕릉에서 발견된 백제 때 만들어진 석수이다 석수(石獸)란 좁게는 궁전이나 무덤 앞에 세워두거나 무덤 안에 놓아두는 돌로 된 동물상을 말한다 무령왕릉 석수는 높이 308㎝ 길이 49㎝ 너비 22㎝로 통로 중앙에서 밖을 향하여 놓여 있었다 입은 뭉뚝하며 입술에 붉게 칠한 흔적이 있고 콧구멍 없는 큰 코에 눈과 귀가 있다 머리 위에는 나뭇가지 형태의 철제 뿔이 붙어있다 몸통 좌우 앞·뒤 다리에는 불꽃무늬가 조각되어 있는데 이는 날개를 나타낸 것으로 보인다 꼬리가 조각되어 있으며 배설 구멍이 달려 있을 정도로 사실적이다 무덤 수호의 관념에서 만들어진 것으로 우리나라에서는 처음 발견된 것이다 소재지상세: 충남 공주시 관광단지길 34 국립공주박물관 (웅진동)', 'score': 0.6148273582561735}, {'text_segment': '국가유산명_국문: 남한산법화사지 및부도 국가유산명_한자: 南漢山法華寺址및浮屠 국가유산종목: 문화유산자료 시도명: 경기 시군구명: 하남시 시대: NaN 내용: 남한산성 북문 근처의 법화골 벌봉 아래에 있다 법화사라는 이름은 병자호란에서 유래되었다 병자호란 당시 조선에 들어온 청나라 양고리 장군이 조선의 원두표장군에 의해 이곳에서 전사했다 그는 청 태종 누르하치의 사위였다 중국 만주 법화둔 출신이었으므로 ‘법화장군’이라 불리었다 그가 전사하자 청태종이 그를 기리기 위해 이곳에 절을 짓고 법화사라 했다고 한다 무너진 법화사터에는 대웅전터와 산신각터로 추정되는 건물지가 있다 건물터 아래로는 자연석을 쌓아올린 축대가 남아있다 대웅전터에서 아래쪽으로 약간 떨어진 곳에 3기의 부도가 있다 석탑은 부처님의 무덤을 상징하지만  부도는 승려의 무덤이다 명망 있는 고승의 시신은 화장한 후 그 유골이나 사리를 부도에 모셨다 전면에서 볼 때 왼쪽의 것은 6각 받침돌 위에 종모양의 몸돌을 얹어 놓았다 가운데 부도에는 ‘평언당선백대사’라는 명문이 있어 부도의 주인공이 누구인지를 밝히고 있다 소재지상세: 경기 하남시 상사창동 산97번지', 'score': 0.5990926337802325}]",백제 25대 무령왕과 왕비
유네스코 세계유산으로 등재된 조선왕조의 궁궐은 무엇인가요?,"[{'text_segment': '국가유산명_국문: 광주영산재 국가유산명_한자: NaN 국가유산종목: 시도무형유산 시도명: 광주 시군구명: 서구 시대: NaN 내용: 영산재(靈山齋)는 49재(사람이 죽은지 49일째 되는 날에 지내는 제사)의 한 형태로 영혼이 불교를 믿고 의지함으로써 극락왕생하게 하는 의식이다 불교 천도의례 중 대표적인 제사로 일명 ‘영산작법(靈山作法)’이라고도 한다 까마득한 2500년 전 법회 장면이 오늘날까지 영산작법으로 보존되고 전승된 것이 국가무형유산 영산재이다 또한 그 가치를 인정받아 2009년 유네스코는 세계 무형문화유산으로 등재되었으며 지난 2014년 7월 광주광역시는 ‘광주영산재’를 시의 무형유산으로 지정했다 소재지상세: 광주광역시 서구', 'score': 0.6994834954023248}, {'text_segment': '국가유산명_국문: 유네스코회관 국가유산명_한자: NaN 국가유산종목: 국가등록문화유산 시도명: 서울 시군구명: 중구 시대: 근현대기 내용: ㅇ 유네스코 회관은 근현대기 대한민국이 국제사회에서의 활동 전개를 위한 매개체이자 기회를 제공\r\n    한 곳으로 교육 과학 문화 활동의 산실로 각종 국제회의 및 세미나 등 근대기 한국사회의 국제 활\r\n    동의 거점 역할을 수행하였다는 점에서 역사적 가치가 높고 1960년대 당시에 보기 드문 커튼월 공\r\n    법이라는 현대건축기법이 적용된 초기 건축물로서 원형을 유지하고 있다는 점 등이 국가등록문화\r\n    재로 등록할 만한가치 있는 것으로 평가되었음\r\nㅇ 대한민국이 1950년 6월 14일 제5차 유네스코총회(이탈리아 피렌체)에서 제55번째 회원국으로 가\r\n    입 승인된 것은 독립 신생국가로서 매우 대단한 일이었음 이로써 대한민국은 유엔의 주요 전문기\r\n    구의 회원국이 되어 국제무대에서 활동이 가능해졌음 연이어 발생한 전쟁의 참화 속에서 유네스코\r\n    의 다양한 지원 가운데 대한민국의 재건이 가능할 수 있었음\r\nㅇ 1954년 유네스코한국위원회(이하 ‘위원회’)의 창립총회에서 회관 건립의 필요성이 논의됨\r\nㅇ 위원회는 현상설계공모를 통해 1959년 6월 구조사건축기술연구소의 배기형의 커튼월 공법을 도입\r\n    한 계획안을 최종 당선작으로 결정함(구조사 사내 경쟁을 통해 윤도근의 안을 바탕으로 출품)\r\nㅇ 1966년 12월 20일에 공사를 완공한 유네스코회관은 서울특별시 중구 명동길 26에 위치한 다중이용\r\n    시설이며 금융 상업 업무 문화 및 집회시설 등의 용도를 가진 대형건축물로서 대한민국 근대건\r\n    축의 대표성을 지니고 있음\r\nㅇ 또한 유네스코회관은 1960년대부터 명동성당과 명동성당 가톨릭회관(전 명동성모병원) 등과 함께 \r\n    명동의 근대적인 가로경관 형성에 큰 역할을 수행하였음 소재지상세: 서울특별시 중구 명동길 26 (명동2가 유네스코회관)', 'score': 0.6991619053325194}, {'text_segment': '국가유산명_국문: 창덕궁 국가유산명_한자: 昌德宮 국가유산종목: 사적 시도명: 서울 시군구명: 종로구 시대: 조선 태종 5년(1405) 내용: 창덕궁은 1405년(태종 5)에 창건한 조선왕조의 궁궐이다 처음에는 법궁인 경복궁에 이어 이궁(離宮 법궁 외에 별도로 지은 궁궐)으로 창건했지만 이후 역대 왕들이 주로 창덕궁에 거주하면서 실질적인 법궁의 역할을 하였다 1592년(선조 25)에 임진왜란으로 경복궁 창덕궁 창경궁이 소실되자 제일 먼저 1610년(광해군 2)에 중건되었고 1867년(고종 4) 경복궁이 중건될 때까지 270여 년 동안 법궁으로 사용되었다 창경궁과 함께 동궐(東闕)이라 불렀으며 조선 후기에 들어 옥류천 규장각 주합루 연경당 낙선재 등의 건물이 조성되면서 창덕궁의 영역은 점차 넓어지게 되었다 창덕궁은 크게 국왕의 즉위식 등 큰 행사를 치렀던 정전(인정전)과 국왕이 신하들과 정사를 돌보던 편전(선정전) 왕과 왕비의 생활공간인 내전(희정당 대조전 등) 그리고 휴식공간인 후원(부용지 애련지 등)으로 나누어진다 후원은 자연경관을 살려 울창한 숲과 연못 크고 작은 정자들이 마련되었다 창덕궁은 경복궁과 다르게 건물이 일직선으로 배치된 인위적인 구조를 따르지 않고 주변 산세 지형과 조화를 이루도록 자연스럽게 건축하여 가장 한국적인 궁궐이라는 평가를 받는다 왕가의 생활에 편리하면서도 친근감을 주는 창덕궁의 공간 구성은 경희궁이나 경운궁 등 다른 궁궐의 건축에도 영향을 주었다 비정형적 조형미를 간직한 동아시아의 대표적인 궁궐 건축물로 자연환경과의 완벽한 조화와 배치가 탁월하다는 문화유산적 가치를 인정받아 1997년 12월 6일 유네스코 세계유산에 등재되었다 소재지상세: 서울 종로구 율곡로 99 (와룡동)', 'score': 0.6916313469409943}, {'text_segment': '국가유산명_국문: 연천통현리지석묘 국가유산명_한자: 漣川通峴里支石墓 국가유산종목: 문화유산자료 시도명: 경기 시군구명: 연천군 시대: NaN 내용: 지석묘는 청동기 시대 사람들이 만든 무덤으로 고인돌이라고도 한다 무덤으로 보지 않고 제사를 지내는 제단으로 보는 견해도 있다 지석묘는 생김새에 따라 땅 위에 책상처럼 세우는 탁자식과 큰 돌을 조그만 받침돌로 고이거나 받침돌 없이 평평한 돌을 얹는 바둑판식으로 나뉜다 우리나라는 세계에서 지석묘가 가장 많이 남아 있어 2000년에 인천광역시 강화군의 지석묘 전북특별자치도 고창의 지석묘 전라남도 화순의 지석묘 등 3개 지역의 지석묘군이 함께 유네스코 세계 문화유산으로 등재되었다 연천 통현리 지석묘는 고포리마을 동쪽 끝자락의 낮은 구릉사면에 위치한다 탁자식에 해당하며 원래 2기가 있었으나 현재는 1기만 남아있다 덮개돌은 길이가 32m 너비가 25m인데 일부분이 깨져서 받침돌 옆에 놓여 있다 덮개돌을 지탱하고 있는 받침돌은 현재 2개가 남아있는데 높이가 18∼2m이다 2010년 국가유산 발굴조사와 복원작업을 거쳐서 현재의 모습으로 복원되었다 통현리 지석묘는 일찍부터 알려져 왔지만 군시설로 인하여 파괴가 많이 된 상태이다 그러나 임진강과 한탄강 유역의 지석묘 성격을 이해하는데 중요한 자료가 되고 있다 소재지상세: 경기 연천군 연천읍 통현리 339-1번지', 'score': 0.6740141991234079}, {'text_segment': '국가유산명_국문: 가학동지석묘 국가유산명_한자: 駕鶴洞支石墓 국가유산종목: 문화유산자료 시도명: 경기 시군구명: 광명시 시대: 청동시대 내용: 지석묘는 청동기시대 사람들이 만든 무덤으로 고인돌이라고도 한다 무덤으로 보지 않고 제사를 지내는 제단으로 보는 견해도 있다 지석묘는 생김새에 따라 땅 위에 책상처럼 세우는 탁자식과 큰 돌을 조그만 받침돌로 고이거나 받침돌 없이 평평한 돌을 얹는 바둑판식으로 나뉜다 우리나라는 세계에서 지석묘가 가장 많이 남아 있으며 2000년 인천광역시 강화군의 지석묘 전라북도 고창의 지석묘 전라남도 화순의 지석묘 등 3개 지역의 지석묘군이 유네스코 세계유산으로 등재되었다 가학동지석묘는 광명시 가학동 벌말의 뒷산 경사면에 위치하며 1997년 한양대학교에서 실시한 발굴조사를 통해 지석묘 덮개돌로 추정되는 석재 11기가 확인되었다 이 중 경기도 문화유산자료로 지정된 지석묘는 덮개돌 길이가 29m이며 4개의 받침돌 중 3개는 무너졌다 주변 지역의 지석묘에서 가락바퀴·돌화살촉·반달돌칼 등과 청동기시대의 집터 1기가 조사되었다 가학동지석묘는 탁자식 지석묘이지만 돌방의 벽석인 받침돌의 크기가 작고 덮개돌들이 두꺼운 형태인 것으로 보아 한반도 중부지역 탁자식 지석묘의 지역적 특징이 잘 나타난다 지석묘가 위치한 마을은 지석묘 위에서 학들이 놀았다고 하여 마을 이름이 가학동이 되었다고 전해지고 있다 1960년대 초까지만 해도 마을의 번영과 무병장수를 기원하기 위해 이곳에서 제사를 지냈다고 한다 소재지상세: 경기도 광명시 가학동 산 101-2', 'score': 0.659426044838565}]",창덕궁
조선 후기 개혁을 주도한 인물은 누구인가요?,"[{'text_segment': '국가유산명_국문: 구리 한용운 묘소 국가유산명_한자: 九里 韓龍雲 墓所 국가유산종목: 국가등록문화유산 시도명: 경기 시군구명: 구리시 시대: 1944년 내용: 한용운선생은 민족대표 33인으로 3·1독립선언을 주도하였던 독립운동가이자 승려로서 《불교유신론》을 제창하여 불교의 개혁을 주창한 불교계의 지도자 그리고 《님의 침묵》으로 저항 문학을 선도하였던 인물로 이곳은 선생의 애국정신을 기릴 수 있는 역사적·교육적 가치가 큰 곳이다 소재지상세: 경기도 구리시 교문동 산 84-2-0', 'score': 0.8306085169315338}, {'text_segment': '국가유산명_국문: 이색신도비 국가유산명_한자: 李穡神道碑 국가유산종목: 문화유산자료 시도명: 충남 시군구명: 서천군 시대: NaN 내용: 신도비란 왕이나 고관 등의 평생업적을 비석에 기록하여 그의 묘 남동쪽에 세워두는 것으로 이 비는 고려 후기의 문신이자 학자인 목은(牧隱) 이색 선생을 기리고 있다 이색(1328∼1396)은 고려 후기 조선을 건국한 이성계를 따르지 않고 충절을 지켰던 삼은(三隱)의 한 사람으로 공민왕 때에는 전제의 개혁 국방계획 교육의 진흥 불교의 억제 등 여러 개혁정책에 관한 건의문을 올리기도 하였다 또한 중국의 원·명교체기에 있어서는 친명정책을 지지하였으며 고려 후기 유교가 들어오면서 불교를 배척하자는 의견이 대두되자 유교의 입장에서 불교를 이해하여 점진적인 개혁을 통해 불교의 폐단을 없애고자 하였다 조선 태조 4년(1395) 조정에 머물라는 왕의 권유를 끝내 거절하고 여강지역으로 가던 중 생을 마치었다 비는 낮은 받침돌 위로 비몸을 세우고 지붕돌을 올린 모습이며 비문에는 ‘선생은 후에 죄를 얻어 폐출되었으나 하늘과 땅만이 그의 고결한 마음을 알리라’라는 내용을 새겨 놓았다 세종 15년(1433)에 처음 세워졌으나 임진왜란 때 잃어버리고 현종 7년(1666) 후손들이 다시 세워 지금에 이르고 있다 소재지상세: 충남 서천군 기산면 건지산길 89-20 (영모리)', 'score': 0.666009070858716}, {'text_segment': '국가유산명_국문: 춘천김정묘역문인석 국가유산명_한자: 春川金鼎墓域文人石 국가유산종목: 문화유산자료 시도명: 강원 시군구명: 춘천시 시대: NaN 내용: 고려시대의 문신인 김정 선생의 묘역에 있는 1쌍의 문인석이다 김정은 고려 공민왕 때 양광 전라도 찰방사 대호군을 역임하였으며 고려 후기 신돈의 개혁정치에 참여했던 인물이다 공민왕 20년(1371) 신돈이 축출되자 유배되었고 그 후의 행적은 알 수 없으며 다만『신증동국여지승람』과『광주목지』에 중대광 광성군에 봉하여졌다는 기록이 있을 뿐이다 이 문인석 2기는 동일한 수법으로 조각하였는데 다른 문인석들에 비해 규모가 작다 머리에는 장식이 없는 낮은 관모를 쓰고 눈·코·입은 얇은 선으로 표현하였으며 두 손에는 신하들이 임금을 뵐 때 손에 쥐던 홀(笏)을 들고 있다 묘역에는 문인석 이외에도 망주석 1쌍과 선생의 묘비가 마련되어 있는데 문인석을 제외한 나머지는 모두 최근에 세운 것이다 소재지상세: 강원 춘천시 칠전동 산41-12번지', 'score': 0.6204771286290014}, {'text_segment': '국가유산명_국문: 탐라장계초 국가유산명_한자: 耽羅狀啓秒 국가유산종목: 시도유형문화유산 시도명: 제주 시군구명: 제주시 시대: 조선 후기 내용: 1702년(숙종 28) 이형상 제주목사 재임 중 조정에 장계를 올렸던 내용만을 추려서 별도의 책으로 정리해 놓은 것으로 마정(馬政)의 실태와 이를 개혁하고자 하는 개혁안 및 실천사항 오미자 진상과 관련한 내용 풍운뇌우단에 대한 내용 등이 수록되었다 특히 조선후기 당시 문제시 되었던 마정의 적폐를 개혁하고 목장제도 등을 정비하고자 하는 다양한 개혁방안이 수록되어 있어 제주마정사(濟州馬政史) 연구 및 조선시대 제주사 연구에 기초자료를 제공하고 있음에 따라 사료적 가치가 높다 소재지상세: 제주특별자치도 제주시 삼성로 40 (일도이동) 민속자연사박물관', 'score': 0.6093681065131327}, {'text_segment': '국가유산명_국문: 진주 오방재 호정집 목판 국가유산명_한자: 晉州 梧坊齋 浩亭集 木版 국가유산종목: 문화유산자료 시도명: 경남 시군구명: 진주시 시대: 1847년 내용: 1 책판 현황 \r\n\r\n(1) 책판의 분량 : 46매 86장 (6매 12장 결락)\r\n序  文 : 2매 3장 (1844년 柳致明 所撰 序文 李景在 所撰 序文)\r\n世系圖 : 1매 2장\r\n目  錄 : 1매 2장\r\n太宗 敎書 및 正祖 賜祭文 : 1매 2장\r\n제1권 : 11매 21장 \r\n제2권 : 10매 20장(4매 8장 결락 : 1ㆍ2ㆍ9ㆍ10ㆍ11ㆍ12ㆍ23ㆍ24장)\r\n제3권 : 13매 23장(1매 2장 결락 : 15ㆍ16장)\r\n부 록 : 4매 8장\r\n발 문 : 1매 1장 (1매 2장 결락 : 2ㆍ3장)\r\n변무록 : 2매 4장 \r\n\r\n(2) 책판의 크기\r\n마구리를 포함한 전체 크기 : 가로 45cm 세로 30cm\r\n광곽의 크기 : 가로 31cm 세로 215cm\r\n목판의 두께 : 약 2cm\r\n\r\n2 간행 경위와 그 시기\r\n\r\n(1) 서발문 찬술자\r\n『호정집』의 서문은 定齋 柳致明(1777-1861)과 李景在에 의해 찬술된 두 편이 있는데 유치명의 서문이 앞에 위치해 있다 유치명의 서문이 찬술된 시기는 ‘上之十年甲辰端陽節’ 즉 1844년 5월 5일이며 이경재의 서문이 찬술된 시기는 밝혀져 있지 않다 발문은 방후손 容窩 河晉賢(1776-1846)이 찬술한 것인데 역시 찬술시기가 밝혀져 있지 않다 (2) 간행 경위\r\n방후손인 容窩 河晉賢이 찬술한 『浩亭集』 발문에 다음과 같은 기록이 보인다 아아 후손이 없고 병란을 여러 차례 겪어서 남기신 문집이 흩어져 전해지지 않는다 족인 鎭達 씨가 사방으로 수소문하고 널리 찾아다녀서 비로소 초고를 만들었다 또 족인 涑이 빠진 부분을 채집하여 겨우 책자를 완성하였다 [噫嗣續零替 兵燹屢經 遺集散佚無傳 族人鎭達氏 旁搜博訪 肇爲草稿 又有族人涑 採緝闕漏 僅成冊子]\r\n\r\n그리고 책의 말미에 “정미(1847)년 3월에 오방재에서 간행하다 [丁未三月日梧坊齋開刊]”라는 간기가 남아 있다 발문과 간기를 종합해 보면 河鎭達에 의해 호정 하륜의 유문이 일차로 수집되어 초고가 이루어졌고 그 뒤에 다시 河涑에 의해 궐루된 부분이 보충되어 『호정집』이 완성되었다 그리고 정재 유치명과 이경재의 서문을 받고 용와 하진현이 발문을 찬술하여 1847년에 하륜의 묘소 아래 재숙처인 오방재에서 간행하게 된 것이다 하진현은 송정 하수일의 주손으로 진주 사곡에 거주하였던 인물이다 그는 남계 이갑룡의 문인으로 당시 수곡과 단목에 거주하던 진양하씨 시랑공파를 대표할 만한 인물이다 차원부설원록의 기록에 대한 변무록을 저술한 것 또한 하진현의 솜씨로 보인다 그러므로 하진현이 바로 이 문집의 간행을 주도했던 인물로 보인다 3 입록 인물 : 浩亭 河崙(1347-1416)\r\n\r\n자는 大臨 호는 浩亭이며 아버지는 允潾이다 1360(공민왕 9)년 국자감시에 합격하고 1365년 문과에 급제했다 1388년 崔瑩의 요동 정벌 계획을 극력 반대하다가 楊州에 유배당했으나 그해 여름 李成桂의 위화도 회군으로 최영이 제거되자 관직을 회복했다 1391년에는 전라도 도순찰사가 되었다 그는 李穡·鄭夢周·李崇仁·權近 등과 정치적 입장을 같이함으로써 초기에는 조선 왕조 건국에 반대했다 그러나 곧 권근과 마찬가지로 정치적 변신을 하여 1393(태조 2)년 경기좌도 도관찰출척사가 되었다 그러나 초기에는 鄭道傳과의 불화로 그다지 비중 있는 직책을 맡지 못했다 1394년 첨서중추원사가 되었으나 부친상으로 사직했다 1396년 예문춘추관학사로 임명되었는데 이때 명나라와의 表箋是非로 정도전과 정면으로 대립했다 이 사건의 발단은 조선에서 명에 보낸 외교문서에 명나라를 모욕하는 언사가 있다고 하여 문서 작성자인 정도전을 압송하라는 명나라 측의 강경한 요구에서 비롯되었는데 이때 그는 정도전을 보낼 것을 주장했으며 1396년에는 啓稟使가 되어 명나라에 가서 문제를 해결하고 돌아왔다 이에 정도전의 미움을 사게 되어 1397년 계림부윤으로 좌천되었다 계림부윤 재직 시에도 朴子安 사건에 연루됨으로써 수원에 安置되는 등 정치적 수난을 겪었다 이에 당시 정도전 등에 의해 세자책봉에서 밀려나고 자신의 병력마저도 빼앗길 위기에 처한 李芳遠과 급속히 가까워져 1398년 제1차 왕자의 난 때 이방원을 적극 지지했다 그 공으로 정종이 즉위한 후 定社功臣 1등으로 晉山君에 봉해졌다 그해 대대적인 관직개편이 이루어지면서 정당문학이 되었으며 이방원의 세자책봉을 위해 최선을 다했다 그리하여 태종의 즉위 직전에는 정승 반열에 올라 서서히 정국을 주도해가기 시작했다 1400(정종 2)년 문하시랑 찬성사(門下侍郞贊成事)로서 관제 개편을 주도하고 판의흥삼군부사(判義興三軍府事)·우정승 등의 요직을 거쳤다 그해 태종이 즉위하자 佐命功臣 1등에 책록되었다 이어 領三司事로서 知貢擧가 되고 관제를 개혁했으며 領司評府事 兼判戶曹事로서 楮貨를 유통시키게 했다 1402(태종 2)년 좌정승이 되었으며 명나라 永樂帝의 등극을 축하하는 登極使로서 명나라에 가 조선 왕조를 승인하는 誥命印章을 받아왔다 이후 1405년 좌정승 (世子師가 되고 다음해에는 重試讀券官이 되어 卞季良 등 10명을 뽑았다 그 뒤 영의정부사·좌정승·좌의정을 등을 역임하고 1416년 70세로 致仕하여 晉山府院君에 봉해졌다 치사 후 왕명으로 함길도 선왕의 陵寢을 巡審하고 돌아오는 도중에 죽었다 시문에 능하고 陰陽·醫術·星經·地理 등에 조예가 깊었으며 文翰을 주관하여 『동국사략』『태조실록』의 편수에도 참여했다 신왕조 초기의 한양천도 문물제도의 정비에 크게 기여했으며 외교정책에 능해 조선 초기 명나라와의 여러 문제를 해결했다 특히 태종을 보좌하여 조선왕조의 기틀을 마련하는 데 크게 기여했다 문집으로 『호정집』이 있다 태종의 묘정에 배향되어 있다 시호는 文忠이다 소재지상세: 경상남도 진주시 진주대로 501 (가좌동 경상대학교)', 'score': 0.5993055319033959}]",흥선대원군
조선을 건국한 태조가 지은 첫 번째 궁궐은 무엇인가요?,"[{'text_segment': '국가유산명_국문: 율리사 국가유산명_한자: 栗里祠 국가유산종목: 문화유산자료 시도명: 충남 시군구명: 서천군 시대: NaN 내용: 고려시대의 장군 신숭겸을 중심으로 평산 신씨 7인의 위패를 모신 사당으로 원래는 문중사당으로 세덕사라 불리웠다 신숭겸(？∼927)은 몸집이 크고 무예가 뛰어났으며 왕건을 도와 고려를 건국하는데 큰 공을 세웠다 고려 태조 10년(927) 대구 공산전투에서 후백제 견훤에게 포위당해 태조 왕건이 위급해지자 대신 왕건의 옷을 입고 싸워 전사한 인물이기도 하다 처음에는 조선 철종 1년(1850)에 세덕사를 지어 모셨고 흥선대원군의 서원철폐령으로 철거되었다가 1918년에는 율리사로 바꿔 다시 지었다 율리사는 앞면 3칸·옆면 1칸 건물이며 지붕은 옆면에서 볼 때 사람 인(人)자 모양을 한 맞배지붕이다 안에는 신숭겸 등 7인의 위패와 신숭겸 영정을 모시고 있다 그 외에 내삼문 강당 율리세덕사유허비 등이 남아 있다 소재지상세: 충남 서천군 비인면 율리 193번지', 'score': 0.7917247285509215}, {'text_segment': '국가유산명_국문: 발해태조건국지·명림답부전 국가유산명_한자: 渤海太祖建國誌·明臨答夫傳 국가유산종목: 국가등록문화유산 시도명: 서울 시군구명: 서대문구 시대: NaN 내용: 『발해태조건국지』는 1925년 대한민국임시정부의 대통령을 맡기도 한 박은식(朴殷植 1859~1925)이 1911년에 서간도 환인현(桓仁縣) 홍도천에 있던 윤세복(尹世復)의 집에서 저술한 저작의 하나이다 그의 자는 성칠(聖七) 호는 백암(白庵) 겸곡(謙谷) 태백광노(太白狂奴) 무치생(無恥生)이고 이명(異名)은 인식(仁植) 기정(箕貞) 등이다 내용은 목차(서론 발해 이전의 고구려 말운 태조의 가계와 인격 고구려 유민의 생기 영웅의 은둔 활동시기 천문령의 대승첩 태조의 건국 발해의 강역 발해의 종교와 풍속 발해의 문학 태조의 외교 태조의 후손 결론)에서 보듯이 고구려 멸망 이후 대조영이 그 유민을 이끌고 발해를 건국한 과정과 영토 문물 종교 풍속 문학 외교 후손 등을 다루고 있다 합철된 『명림답부전』은 서론 끝의 “大皇祖降世四千三百六十八年(1911)九月日著者 識”와 같이 『발해태조건국지』보다 한 달 앞선 1911년 9월에 완성되었다 박은식이 상무적인 고구려의 많은 인물 중에서도 대표적인 애국충신으로 명림답부(67~179)를 선정하여 조국독립을 위하여 혈투하는 모습을 통하여 한국민의 애국심을 함양시키고자 저술한 전기이다 명림답부는 고구려 7대 차대왕을 제거하고 차대왕의 아우 백고를 신대왕으로 모신 인물이다 그는 고구려 최초의 국상이었고 뛰어난 지략으로 한나라 대군을 물리친 명장이기도 했다 박은식이 1911년 한국역사를 만주 중심으로 이해하면서 저술한 「발해태조건국지」와 「명림답부전」의 합철본인 「발해태조건국지‧명림답부전」은 일제강점기 민족주의 사가들의 고구려‧발해 인식을 가장 명료하게 보여주는 대표적 저술로 한국근대사학사와 한국독립운동사 분야에서 중요한 문헌이다 소재지상세: 서울특별시 서대문구 연세로 50 (신촌동 연세대학교) 박물관', 'score': 0.7727910109010547}, {'text_segment': '국가유산명_국문: 신숭겸장군유적 국가유산명_한자: 申崇謙將軍遺蹟 국가유산종목: 시도기념물 시도명: 대구 시군구명: 동구 시대: 고려시대 내용: 고려의 개국공신인 신숭겸을 기리는 유적이다 신숭겸(∼927)은 평산 신씨의 시조로서 918년 배현경 홍유 복지겸 등과 함께 궁예를 몰아내고 왕건을 추대하여 고려의 건국에 이바지한 인물이다 고려 태조 10년(927) 대구 공산에서 후백제 견훤의 군대와 싸우다가 태조가 적군에게 포위되어 위급해지자 태조의 옷을 입고 변장하여 맞서다가 전사하였다 태조는 그의 죽음을 애통히 여겨 그의 시신을 거두어 광해주(지금의 춘천)에 묻고 순절단 지묘사 미리사를 세워 명복을 빌었다 조선 선조 40년(1607)에 경상도관찰사 유영순이 지묘사의 자리에 표충사를 지어 신숭겸을 모셨으며 후에 이 서원에 사액을 내려 관리하였다 고종 8년(1871)에 서원철폐령으로 표충사가 없어지자 후손들이 표충재를 새로 지어 지금까지 내려오고 있다 소재지상세: 대구광역시 동구 신숭겸길 17 (지묘동 신숭겸장군유적지)', 'score': 0.7596248377731498}, {'text_segment': '국가유산명_국문: 개태사오층석탑 국가유산명_한자: 開泰寺五層石塔 국가유산종목: 문화유산자료 시도명: 충남 시군구명: 논산시 시대: NaN 내용: 개태사는 고려 태조 13년(930) 고려 건국을 기념하고자 창건한 사찰로 이후 폐허가 되어 절터만 남아있던 것을 훗날 김광영 스님이 새로 건물들을 지어 ‘도광사’라 하였다가 다시 ‘개태사’로 고쳐 부르게 되었다 절마당에 자리하고 있는 이 탑은 옛 터에 남아 있었는데 절을 새로 지을 때 이곳으로 자리를 옮긴 것으로 옮길 당시 아래 부분이 일부 없어져 완전한 제 모습을 갖추고 있지는 않다 즉 높직한 바닥돌 위로 기단(基壇)이 없어진 채 5층의 탑신(塔身)만이 차례로 쌓여 있다 탑신부의 각 몸돌에는 모서리마다 기둥 모양을 새겼고 몸돌을 덮고 있는 지붕돌에는 밑면에 4단씩의 받침을 두었다 꼭대기에는 네모난 받침돌 위로 꽃봉오리 모양의 머리장식이 놓여 있다 비록 일부가 없어져 본래의 모습을 볼 수 없는 것이 아쉽기는 하나 조각 기법이 소박하고 단아한 기품이 느껴지는 탑으로 고려시대의 작품으로 추측된다 소재지상세: 충남 논산시 연산면 천호리 396번지', 'score': 0.72753301255548}, {'text_segment': '국가유산명_국문: 계룡산신도내주초석석재 국가유산명_한자: 鷄龍山新都內柱礎石石材 국가유산종목: 시도유형문화유산 시도명: 충남 시군구명: 계룡시 시대: 조선 태조 이성계가 궁궐 건설 공사를 하기위해 사용했던 석재 내용: 조선 태조 이성계가 신도안의 지리적 형세를 보고 신도읍 후보지로 결정하여 궁궐 건설 공사를 하기위해 석재 운반하던 중에 남겨진 주초석으로 추정 소재지상세: 충청남도 계룡시 계룡대로 663 (신도안면)', 'score': 0.7191089821167825}]",경복궁
수원 화성을 축조한 목적은 무엇인가요?,"[{'text_segment': '국가유산명_국문: 수원축만제 국가유산명_한자: 水原祝萬提 국가유산종목: 시도기념물 시도명: 경기 시군구명: 수원시 시대: NaN 내용: 수원시 팔달구 화서동에 있다 화성부 서쪽에 축조된 수리시설로 수원 화성의 서쪽에 있다 하여 서호(西湖)라고도 불린다 정조가 화성을 쌓으면서 1795년(정조 23)에 내탕금 3만냥을 들여 축조한 관개저수지다 축만제는 천년만년 만석의 생산을 축원한다는 뜻을 가지고 있다 제방 양쪽 끝에 두 개의 수문이 설치되어 있는데 이는 축만제에 가두어둔 물을 활용하기 위한 장치였다 국가적으로 중요한 제방이었으므로 제언 관리를 위하여 감관 1명 감고 1명이 배치되어 있었다 축만제 아래쪽에 설치한 축만제 둔전은 총 규모가 답 83석 15두 4승락에 달했다 정조는 즉위한 이후 농업기술과 농업환경 개선의 핵심은 수리시설이라고 파악했다 그리하여 화성을 축성하면서  주변에 만석거 만년제 축만제 등을 쌓았다 여러 제언이 축조된 후 물이 관리되자 버려졌던 땅들이 비옥한 전토로 바뀌었다 축만제는 조선후기 농업수리 역사에서 중요한 위치를 점하고 있다 소재지상세: 수원시 팔달구 화서동 436-1 외', 'score': 0.8341653645038605}, {'text_segment': '국가유산명_국문: 채제공 관련 고문서 일괄 국가유산명_한자: 蔡濟恭 關聯 古文書 一括 국가유산종목: 시도유형문화유산 시도명: 경기 시군구명: 수원시 시대: NaN 내용: 정조시대의 대표적인 재상(宰相)으로서 초대 화성유수(華城留守)를 지낸 번암 채제공(蔡濟恭 1720~1799) 관련 고문서다 총 48종 60점으로 정조가 직접 작성하여 내려준 문서와 어찰(御札) 채제공이 화성유수와 장용외사(壯勇外使)를 지내며 받은 공문서 주변 인물과 주고받은 편지들이다 정조의 친필 편지 수원화성 축성을 감독하는 신하들에게 내린 윤음(綸音) 수원부의 무사들에게 활쏘기 시험을 시행한 후 시상자와 포상 내역을 기록한 무사시취방(武士試取榜) 등의 고문서 자료를 통해 정조의 국정 운영 모습을 살펴볼 수 있다 아울러 정조가 신임한 초대 화성유수 채제공의 실제 활동을 확인할 수 있어 정조의 사상과 조선후기 수원화성의 전반적인 이해를 위한 중요자료로 평가된다 소재지상세: 경기도 수원시 팔달구 창룡대로 21 (매향동 수원화성박물관)', 'score': 0.7271794239190597}, {'text_segment': '국가유산명_국문: 만년제 국가유산명_한자: 滿年堤 국가유산종목: 시도기념물 시도명: 경기 시군구명: 화성시 시대: 조선 1797년 내용: 조선 정조(재위 1776∼1800))는 아버지인 사도세자의 묘를 양주 배봉산에서 수원의 화산 아래로 옮기면서 기존의 수원읍을 현재의 팔달산 아래로 옮겨 새 도시를 조성하였다 새로 이주한 주민들의 안정을 위해 성곽을 쌓을 것을 계획하고 수원의 이름을 화성으로 바꾸었다 정조는 새 도시 경영을 위한 경제적 기반 확보와 백성들의 생활안정을 목적으로 둔전(각 궁과 관아에 딸렸던 밭)을 설치하였다 또한 농사를 위한 관개 용수와 제방 쌓는 일 상권에 대한 보호 나무를 심는 식수사업 등 갖가지 정책적인 배려를 베풀었다 정조 21년(1797)에 세운 만년제는 사도세자의 능인 화산 현륭원 바로 아래에 자리잡고 있다 수원시 서둔(西屯) 서호(西湖) 등의 시설과 함께 만년제는 정조 당시의 권농정책을 보여 주는 중요한 사적이다 소재지상세: 경기 화성시 효행로 636 (안녕동)', 'score': 0.7225657712661107}, {'text_segment': '국가유산명_국문: 정조사 조심태어찰첩 국가유산명_한자: 正祖 賜 趙心泰 御札帖 국가유산종목: 시도유형문화유산 시도명: 경기 시군구명: 수원시 시대: NaN 내용: 정조가 수원부사 화성유수 장용대장을 역임한 조심태(趙心泰 1740∼1799)에게 보낸 어찰을 모은 첩이다 어찰은 모두 13통인데 2통은 2장의 종이에 나머지 11통은 1장의 종이에 썼다 조심태가 수원부사로 임명된 1789년부터 장용대장으로 활동하던 1798년 사이에 정조가 보낸 것으로 추정된다 수원을 중심으로 요동치던 당시의 정국 현황을 파악할 수 있는 매우 중요한 어찰첩이다 어찰 내용을 살펴보면 정조는 수원에 있던 조심태와 수시로 편지를 교환하면서 현지의 사정을 파악하고 그때그때 필요한 조치를 처리해 나갔으며 모종의 비밀 업무도 지시한 후 그 결과를 기다렸음을 알 수 있다 조심태는 정조와 서로 밀서를 주고받던 핵심 측근 관료였다 현재까지 알려진 조심태 관련 정조 어찰첩으로는 유일하다 조심태는 1768년(영조 44) 무과 급제하고 여러 무관직을 두루 거쳐 1789년 수원부사를 역임하였다 이때 현륭원(顯隆園)을 옮겨오는 일과 수원의 도시 기반 시설을 구축하는 일 등 어려운 임무를 차질 없이 처리하였다 이후 총융사 금위대장 어영대장 등을 지내다가 1794년 승격된 화성유수로 다시 제수되었고 수원화성 축성의 주요 직책을 겸하였다 정조가 번암 채제공과 함께 가장 총애하던 무반계 신하였다 소재지상세: 경기도 수원시 팔달구 창룡대로 21 (매향동 수원화성박물관)', 'score': 0.7154838321098659}, {'text_segment': '국가유산명_국문: 수원 서북공심돈 국가유산명_한자: 水原 西北空心墩 국가유산종목: 보물 시도명: 경기 시군구명: 수원시 시대: 조선시대 내용: 화성의 화서문 옆에 위치하고 있으며 조선 정조 20년(1796)에 건립되었다 수원 서북공심돈은 화성 서북측 성벽에서 돌출시켜 남측면의 일부만 성곽에 접하고 나머지 3면이 돌출된 평면을 이루고 있다 3층 구조로 하부 치성(雉城)은 방형의 석재를 사용하였고 1층과 2층 외벽과 3층 하부는 전돌로 쌓았다 1 2층 각 면에는 6개의 총안(銃眼)이 있으며 3층에는 여장(女墻)을 쌓고 같은 높이에 4개의 총안을 내었다 3층 포루(鋪樓)는 정면 2칸 측면 2칸의 팔작 기와지붕으로 벽면 위쪽의 판문에는 전안(箭眼)이 설치되어 있다 치성의 북측면과 서측면에는 각 2개소의 현안(懸眼)을 두어 성에 접근하는 적을 방어할 수 있도록 하였고 하부는 성벽의 석재를 오목하게 “∪”자형으로 가공하여 상부 전돌 현안과 연결되게 하였다 수원 서북공심돈의 성제(城制)는 현존 성곽 건축에서는 화성에서만 볼 수 있는 것으로 재료의 유연성과 기능성이 우수하며 치성의 석재 쌓기 기법과 상부 공심돈의 전돌 축조 기법 현안과 총안 전안 등의 중요한 시설 등 독창적인 건축형태와 조형미를 가지고 있다 소재지상세: 경기 수원시 팔달구 장안동 332번지', 'score': 0.69632059615172}]",아버지 사도세자의 묘를 방문하기 위해
조선의 마지막 왕 고종이 즉위한 장소는 어디인가요?,"[{'text_segment': '국가유산명_국문: 고양 공양왕릉 국가유산명_한자: 高陽 恭讓王陵 국가유산종목: 사적 시도명: 경기 시군구명: 고양시 시대: 조선 태조 3년(1395) 내용: 고려의 마지막 왕인 공양왕(1345~1394재위 1389∼1392)과 그의 부인 순비 노씨의 무덤이다 공양왕은 이성계 등에 의해서 즉위한 이름뿐인 왕이었다 조선 건국 직후 원주로 추방 되었다가 태조 3년(1394)에 삼척부에서 두 아들과 함께 살해되었다 태종 16년(1416)에 공양왕으로 봉하고 고양현에 무덤을 마련하였다 왕과 함께 묻힌 왕비는 노신의 딸로 숙녕·정신·경화 세 공주와 창성군을 낳았으나 고려가 멸망한 후 왕과 함께 폐위되었다 무덤은 쌍능 형식으로 무덤 앞에는 비석과 상석이 하나씩 놓여 있고 두 무덤 사이에 석등과 돌로 만든 호랑이 상이 있다 이 호랑이 상은 고려의 전통적인 양식을 보여주고 있으나 조선 초기의 왕릉인 태조와 태종 무덤의 것과 양식이 비슷하다 무덤의 양쪽에는 문신과 무신상을 세웠다 무덤 앞에 만들어 놓은 석물은 양식과 수법이 대체로 소박하다 비석은 처음에 세운 것으로 보이지만 ‘고려공양왕고릉(高麗恭讓王高陵)’이라는 글씨가 있는 무덤을 표시하는 돌은 조선 고종 때에 세운 것으로 알려지고 있다 공양왕의 무덤은 이곳뿐만 아니라 그가  살해된 삼척 지역에도 무덤이 전해지고 있다 소재지상세: 경기 고양시 덕양구 원당동 산65-1번지 산65-6', 'score': 0.7486344277858734}, {'text_segment': '국가유산명_국문: 숭혜전 국가유산명_한자: 崇惠殿 국가유산종목: 문화유산자료 시도명: 경북 시군구명: 경주시 시대: NaN 내용: 숭혜전(崇惠殿) 건물내에는 신라 최초의 김씨 임금인 13대 미추왕(味鄒王)과 삼국통일의 대업을 이룩한 30대 문무대왕(文武大王) 그리고 신라 마지막 임금인 경순왕(敬順王)의 위패를 모셨다 원래 신라 마지막 임금인 경순왕(敬順王)의 덕을 기리기 위하여 처음 월성(月城)에 사당을 지어 영정(影幀)을 모시고 제향했으나 조선 선조(宣祖) 25년(1592) 임진왜란으로 불타고 인조(仁祖) 5년(1627) 동천동에 새로 사당을 지어 동천묘(東泉廟)라 하고 경순왕의 위패를 모셨다 경종(景宗) 3년(1723) 경순왕전(敬順王殿)으로 고치고 정조(正祖) 18년(1794) 지금의 위치로 옮기고 황남전(皇南殿)이라 고쳤다 그 후 고종(高宗) 24년(1887)에 미추왕(味鄒王)의 위패를 모시고 이듬해 문무대왕(文武大王)의 위패도 같이 모시게 되었다 이때 고종황제가 사당을 크게 짓게 하고 숭혜전이라는 편액을 내렸다 앞면 5칸 옆면 3칸인 맞배집으로 왼쪽에 영육재(永育齋) 오른쪽에 경모재(敬募齎)가 있다 앞에는 경순왕 신도비와 비각이 있고 길 건너에 계림세묘(雞林世廟)가 있다 소재지상세: 경북 경주시 포석로1050번길 39-11 (황남동)', 'score': 0.7402237628260334}, {'text_segment': '국가유산명_국문: 영조어필벼루 국가유산명_한자: NaN 국가유산종목: 문화유산자료 시도명: 경기 시군구명: 수원시 시대: NaN 내용: 영조어필 벼루는 뒷면에 영조(1694~1776)가 71세 때 자신의 연표(年表)를 친히 짓고 써서 새긴 특별한 벼루다 연표 내용은 가로 2칸 세로 10칸으로 구획한 직사각형의 표 안에 매우 작은 글씨로 새겨 넣었는데 ‘어제(御製)’와 ‘어필(御筆)’이란 글자가 있어 영조가 직접 짓고 쓴 것임을 알 수 있다 세로줄 1번째 칸에 “자성옹(自醒翁 영조의 호)이 71세 망팔(望八)의 나이에 시력을 시험하는 연표(年表)를 쓰다”라는 글귀를 쓴 후 2~9번째 칸에는 영조가 태어난 갑술(甲戌 1694)년 이후부터 여덟번째 갑(甲)자가 들어간 갑신(甲申 1764)년을 맞아 자신의 일생을 10년 단위로 정리하면서 주요 행적들을 기록하였다 마지막 칸에는 글을 짓고 쓴 시기를 적었다 왕이 하사한 것으로 전해오는 벼루가 가끔 있지만 이처럼 왕과 관련된 명확한 기록을 가진 벼루는 매우 희귀하다 명문도 왕이 아니면 새길 수 없는 내용이다 더구나 왕의 글씨를 그대로 새겼다는 점에서 그 의미가 더욱 크다고 할 것이다 벼루는 약간 붉은 색을 띠며 어떤 무늬도 새기지 않은 소박한 것으로 평소 검약을 숭상하고 이를 실천했던 영조의 성품을 그대로 보여주는 듯 하다 규모는 가로 312㎝  세로 498㎝이며 두께 45㎝ 무게 171㎏이다 소재지상세: 경기도 수원시 팔달구 창룡대로 21 (매향동 수원화성박물관)', 'score': 0.7201124808075534}, {'text_segment': '국가유산명_국문: 종묘 국가유산명_한자: 宗廟 국가유산종목: 사적 시도명: 서울 시군구명: 종로구 시대: 조선 태조 4년(1396) 내용: 종묘는 조선왕조의 왕과 왕비 그리고 죽은 후 왕으로 추존된 왕과 왕비의 신위를 모시는 사당이다 종묘에는 본래의 건물인 정전과 별도의 사당인 영녕전을 비롯하여 여러 부속건물이 있다 태조 3년(1394)에 한양으로 도읍을 옮기면서 짓기 시작하여 그 이듬해에 완성되었다 태조는 4대(목조 익조 도조 환조)의 추존왕을 정전에 모셨으나 세종 때 정종이 죽자 모셔둘 신실이 없어 중국 송나라 제도를 따라 세종 3년(1421) 영녕전을 세워 4대 추존왕의 신위를 옮겨 모셨다 정전과 영녕전은 1592년 임진왜란 때 불에 탄 것을 1608년에 다시 지었다 정전은 몇 차례의 증축을 통해 현재 19칸의 건물이 되었고 19분의 왕과 30분의 왕후를 모시고 있다 정전 앞 뜰에는 조선시대 83명 공신의 위패가 모셔진 공신당이 있고 토속신앙 유교사상과 관련된 일곱 신을 모신 칠사당이 있다 영녕전은 16칸 신실에 15분의 왕과 17분의 왕후 및 조선 마지막 황태자인 고종의 아들 이은(李垠)과 황태자비의 신위가 모셔져 있다 종묘는 동시대 단일 목조건축물 중 연건평 규모가 세계에서 가장 크나 장식적이지 않고 유교의 검소함이 깃든 건축물이다 또한 중국의 태묘가 9칸인데 비해 19칸의 긴 정면과 수평선이 강조된 건물 모습은 세계에 유례가 없는 독특한 건축물이며 동양 고대문화의 성격과 특징을 연구하는데 필요한 귀중한 자료가 담긴 유산이다 종묘의 정전과 영녕전 및 주변 환경이 원형 그대로 보존되어 있고 종묘제례와 음악·춤의 원형 또한 잘 계승되어 종묘는 1995년에 유네스코 세계유산으로 종묘제례와 종묘제례악은 2001년에 인류무형유산으로 등재되었다 소재지상세: 서울 종로구 종로 157 (훈정동)', 'score': 0.7145542474693621}, {'text_segment': '국가유산명_국문: 숙모전 국가유산명_한자: 肅慕殿 국가유산종목: 문화유산자료 시도명: 충남 시군구명: 공주시 시대: 대한제국시대 내용: 단종(1441∼1457)과 단종의 죽음을 막기 위해 노력한 충신들의 위패를 모신 사당이다 단종은 아버지 문종에 이은 조선 6대 왕이다 어린 나이에 왕에 올라 많은 충신들의 도움으로 정치를 하던 중 작은아버지인 수양대군에게 정권을 빼앗기고 죽음을 당하게 된다 이곳은 원래 초혼각으로 사육신의 시신을 장례한 후 제사지내던 곳이었다 영조 4년(1728)에 불탄 것을 순조 27년(1827)에 다시 세웠고 고종 1년(1864) 초혼각 북쪽에 단종의 위패를 동벽에 고려 후기 충신 7위를 서벽에는 사육신 등 7위를 모셨다 고종 41년(1904)에 이름을 ‘숙모전’이라 바꾸고 단종의 부인이었던 정순왕후도 함께 모시게 되었다 소재지상세: 충청남도 공주시 반포면 학봉리 789', 'score': 0.7136498159199693}]",경복궁
조선의 수도였던 한양은 현재 어떤 도시인가요?,"[{'text_segment': '국가유산명_국문: 연주대 국가유산명_한자: 戀主臺 국가유산종목: 시도자연유산 시도명: 경기 시군구명: 과천시 시대: NaN 내용: ‘연주대’는 관악산 정상에서 남쪽으로 조금 떨어진 곳에 크고 작은 바위가 우뚝 솟아 절벽을 이룬 봉우리에 축대를 쌓아 평평한 집터를 만든 곳이다 이름의 한자를 보면 ‘연(戀)’은 그리워 한다는 뜻이고 ‘주(主)’는 주군(主君) 즉 임금을 뜻하여 ‘임금을 그리워하는 곳’으로 풀이된다 연주대는 신라의 의상대사가 677년에 지은 작은 암자로 원래 ‘의상대’라 불렀다고 전한다 지금의 연주대라는 이름은 조선 시대에 붙인 것이다 이름과 관련된 전설로 가장 널리 알려진 것은 조선이 세워지고 수도가 개성에서 한양(지금의 서울)로 옮겨지면서 고려를 그리워한 사람들이 여기에 올라 옛 왕조와 충신들을 그리워했다는 이야기가 있다 또 다른 전설로는 조선이 세워지고 한양이 수도로 정해질 때 무학 대사(無學大師)의 권유로 태조 이성계가 직접 관악산 연주대에 올라 경치를 둘러보고 조선과 한양의 복을 빌기 위해 원각(圓覺) · 연주(戀主) 두 절을 지었고 이때부터 ‘연주대’라 불렸다는 이야기도 있다 연주대와 관련된 설화 중에는 세종의 형인 양녕 대군과 효령 대군의 이야기도 있다 태종이 셋째 왕자 충녕 대군(훗날 세종)을 세자로 정하려 하자 두 형은 궁을 나와 여러 곳을 유람하였는데 양녕 대군이 이곳에 올라 경치를 바라보며 시를 지었고 효령 대군은 스님이 되어 이곳에서 오랫동안 머물렀다는 이야기다 소재지상세: 경기 과천시 중앙동 산12-4번지', 'score': 0.8977235756870142}, {'text_segment': '국가유산명_국문: 연주대 국가유산명_한자: 戀主臺 국가유산종목: 시도기념물 시도명: 경기 시군구명: 과천시 시대: NaN 내용: ‘연주대’는 관악산 정상에서 남쪽으로 조금 떨어진 곳에 크고 작은 바위가 우뚝 솟아 절벽을 이룬 봉우리에 축대를 쌓아 평평한 집터를 만든 곳이다 이름의 한자를 보면 ‘연(戀)’은 그리워 한다는 뜻이고 ‘주(主)’는 주군(主君) 즉 임금을 뜻하여 ‘임금을 그리워하는 곳’으로 풀이된다 연주대는 신라의 의상대사가 677년에 지은 작은 암자로 원래 ‘의상대’라 불렀다고 전한다 지금의 연주대라는 이름은 조선 시대에 붙인 것이다 이름과 관련된 전설로 가장 널리 알려진 것은 조선이 세워지고 수도가 개성에서 한양(지금의 서울)로 옮겨지면서 고려를 그리워한 사람들이 여기에 올라 옛 왕조와 충신들을 그리워했다는 이야기가 있다 또 다른 전설로는 조선이 세워지고 한양이 수도로 정해질 때 무학 대사(無學大師)의 권유로 태조 이성계가 직접 관악산 연주대에 올라 경치를 둘러보고 조선과 한양의 복을 빌기 위해 원각(圓覺) · 연주(戀主) 두 절을 지었고 이때부터 ‘연주대’라 불렸다는 이야기도 있다 연주대와 관련된 설화 중에는 세종의 형인 양녕 대군과 효령 대군의 이야기도 있다 태종이 셋째 왕자 충녕 대군(훗날 세종)을 세자로 정하려 하자 두 형은 궁을 나와 여러 곳을 유람하였는데 양녕 대군이 이곳에 올라 경치를 바라보며 시를 지었고 효령 대군은 스님이 되어 이곳에서 오랫동안 머물렀다는 이야기다 소재지상세: 경기 과천시 중앙동 산12-4번지', 'score': 0.8291095629013445}, {'text_segment': '국가유산명_국문: 서울 한양대학교 구 본관 국가유산명_한자: NaN 국가유산종목: 국가등록문화유산 시도명: 서울 시군구명: 성동구 시대: 1950년대 내용: 「서울 한양대학교 구 본관」은 한국전쟁 직후 한양대학교 캠퍼스를 조성하는 과정에서 1956년 대학 본부로 건립되었다 외관을 석재로 마감하고 정면 중앙부에 열주량을 세우는 등 당시 대학 본관 건물에서 보여지는 신고전주의 양식의 디자인적인 요소들이 잘 보존되어 있다 또한 우리나라에서 유일하게 공학을 모태로 성장한 대학으로 경제개발기에 중추적인 역할을 한 기술인력을 배출한 한양대학교의 역사를 상징한다는 점에서 의미가 크다 소재지상세: 서울특별시 성동구 왕십리로 222 (사근동 한양대학교)', 'score': 0.8060409606831738}, {'text_segment': '국가유산명_국문: 진해 근대역사문화공간 국가유산명_한자: NaN 국가유산종목: 국가등록문화유산 시도명: 경남 시군구명: 창원시 시대: NaN 내용: ｢진해 근대역사문화공간｣은 1905년 일본이 제국주의 열강과의 전쟁을 목적으로 주민들을 강제 이전시키고 계획 설계한 아픔을 가진 도시이다 19세기 중반 서구 도시경관의 개념이 도입된 군사도시로서 방사상 거리 여좌천 하수관거 등 도시의 뼈대를 이루는 기반시설이 당시 모습대로 남아 있어 면적 공간단위로서 등록할 역사적 가치가 있다 소재지상세: 경상남도 창원시', 'score': 0.7980305921296422}, {'text_segment': '국가유산명_국문: 연사일록과 한글 연행록 국가유산명_한자: 燕槎日錄과 한글 연행록 국가유산종목: 시도유형문화유산 시도명: 경기 시군구명: 의왕시 시대: NaN 내용: 연사일록(燕槎日錄)과 연행록은 각각 2책 3권(상·중·하)으로 구성되었다 이 고도서는 조선 철종 1858년에 김직연(金直淵)이 사신단의 서장관(書狀官)으로 임명되어 청나라 수도인 북경으로 사행(使行)을 다녀오면서 겪었던 일들을 상세하게 기록한 책이다 연사일록은 한문으로 연행록은 한글로 기록하였다 상권에는 1858년 10월 27일 한양을 출발하여 12월 25일 북경에 도착하기까지의 여정이 기록되어 있다 중권에는 북경에 머물면서 있었던 일들을 기록하였는데 12월 26일부터 이듬해 2월 3일까지 38일간의 일정을 기록하였다 하권에는 2월 4일 북경을 출발하여 3월 20일 한양으로 귀국해 임금께 복명(復命)하는 내용을 기록하였다 소재지상세: 경기도 의왕시 골우물길 49 (고천동 책마루의왕시중앙도서관)', 'score': 0.7653218314453727}]",서울
비천상은 어떤 신을 표현한 것인가요?,"[{'text_segment': '국가유산명_국문: 남해 화방사 원패 국가유산명_한자: 南海 花芳寺 願牌 국가유산종목: 문화유산자료 시도명: 경남 시군구명: 남해군 시대: NaN 내용: 원패1에는 주색바탕에 황색으로 “三界四府群眞” 원패2에는 검정바탕에 흰 글씨로 “朝鮮獨立萬歲”라 쓰여있다 원패1은 패두와 패신에 봉황과 구름이 조각되어있고 연화좌대와 분리되어진다 패두의 봉황은 향좌를 바라보고 패신의 봉황은 아래를 향하고 있다 좌대는 주색으로 채색되어있고 봉황은 녹색 백색 적색 황토등으로 채색되어있으나 많이 바랜 상태이다 원패2와 달리 패의 앞뒷면이 분리되어지지 않는다 원패2는 패두와 패신에 용과 구름이 조각되어있다 연화좌대와 패신은 연결되어있어 분리되지 않고 패의 전면과 배면은 분리될 수 있게 되어있다 패두의 용은 향좌의 용은 위로 향우의 용은 아래로 향하고 있다 패두와 패신이 따로 조각되어 연결되어진 형태로 패의 전면과 배면은 못으로 연결되어있다 조각후 백색 녹색 주색 황색등으로 채색되었다 원패1과 원패2의 조각기법을 비교해볼  때 원패1이 선적인 표현이 더 많고 먼저 제작된 것으로 보인다 소재지상세: 경상남도 남해군', 'score': 0.7678057055131433}, {'text_segment': '국가유산명_국문: 최영장군 당굿 국가유산명_한자: NaN 국가유산종목: 이북5도 무형유산 시도명: 황해도 시군구명: 전역 시대: NaN 내용: 최영장군 당굿은 강림신앙의 한 형태로써 고려 충신 최영장군(1316~1388) 및 여타 신들을 강림시켜 최영장군을 초모함은 물론 여타의 신령들을 대접하기 위한 무속의례이다 최영장군이 무교의 신으로 받아들여진 것은 조선 세종때인 것으로 추정되며 최영장군을 모시고 나라의 태평과 국태민안을 축원함은 물론 무당들이 장군으로부터 영험력을 얻기 시작한 것으로 알려지고 있다 최영장군처럼 무속신앙에서 모셔시는 영웅신은 대부분 국가적 차원에서 깊은 애국심을 갖고 활동하다가 죽음과 함께 민중들로부터 영웅시되어진 경우가 많으며 특히 황해도 굿으로 치러지는 최영장군 당굿은 굿이 ‘드는 날’  ‘묵는 날’ ‘나는 날’ 등 총 삼일굿으로 굿이 드는 날부터 묵는 날 오전까지는 소(素)굿이며 묵는 날 오후부터 나는 날까지는 육(肉)굿으로 치러지며 총 24거리로 구성된다 또한 최영장군 당굿에서 추어지는 굿춤은 기교보다도 기능과 내용에 충실하며 선 또한 굵고 정확하며 황해도 굿춤 음악인 거상장단 벅구장단 사면장단 막장단 등에 맞춰추는 강신무적인 독특한 춤이라 할 수 있다 소재지상세: 황해도', 'score': 0.7637482496421772}, {'text_segment': '국가유산명_국문: 고령 관음사 신중도 국가유산명_한자: NaN 국가유산종목: 문화유산자료 시도명: 경북 시군구명: 고령군 시대: 1908년 내용: 이 불화는 순종 2년(1908)에 원일(圓日)과 진규(眞珪) 두 승려가 그린 신중도(神衆圖: 부처님의 가르침을 수호하는 신들을 그린 불화)이다 중앙의 위태천(韋馱天: 불법을 지키는 사천왕 중 남쪽을 수호하는 증장천 팔장군 중 하나)을 중심으로 위쪽에는 좌우로 불교의 신인 제석(帝釋)과 범천(梵天)이 있고 그 주변으로 천녀·천동과 일천대신·월천대신이 있다 아래쪽에는 무장한 천룡팔부신중(天龍八部神衆: 천산과 용신을 비롯한 불법을 지키는 여덟 명의 신) 가운데 4위가 나란히 자리하고 있다 전체적으로 턱이 둥글고 후덕한 얼굴에 눈 코 입을 작게 표현하였으며 색채는 주로 밝은 적·녹색을 사용하였다 이러한 형태 및 색채의 표현 기법은 20세기 초반 불화의 전형적인 특징을 잘 보여준다 소재지상세: 경상북도 고령군 주산순환길 147 (대가야읍 관음사)', 'score': 0.7457606469140758}, {'text_segment': '국가유산명_국문: 산청 견성암 신중도 국가유산명_한자: 山淸 見聖庵 神衆圖 국가유산종목: 문화유산자료 시도명: 경남 시군구명: 산청군 시대: NaN 내용: 신중도(神衆圖)는 인도의 토속신들을 그려 신앙의 대상으로 삼은 그림으로 신중은 불교에서 불법과 신도들을 수호하는 신들을 뜻한다 ｢ 산청 견성암 신중도｣는 1873년 진주 월아산 성은암에서 조성된 불화이다 제작자는 알 수 없으나 제작시기와 봉안처가 남아 있는 19세기 후반의 소규모 신중도로 안정된 13위의 인물 구성과 비례를 잘 갖춘 인물표현 등 조선후기 신중도의 형식과 양식이 잘 갖추어진 작품이다 소재지상세: 경상남도 산청군', 'score': 0.7418770419681971}, {'text_segment': '국가유산명_국문: 양평 상원사 동종 국가유산명_한자: 楊平 上院寺 銅鐘 국가유산종목: 시도유형문화유산 시도명: 경기 시군구명: 양평군 시대: 조선시대 내용: 한국과 일본의 혼합양식을 보여주는 범종으로 한국종의 미감이 도드라지며 전반적인 문양의 구성과 표현 기법에서 한국과 일본 범종의 혼용 양상이 등장했던 고려 전반기(11-12세기)로 추정된다 범종 제작 방식의 측면에서 한국 장인의 일본 교류 및 영향을 추정할 있으며 종신에 표현된 주악비천상은 고려후기 여래좌상으로 정착되기 전의 고려 전반기 특징을 보여준다 소재지상세: 경기도 양평군 상원사길 292 (용문면 상원사)', 'score': 0.7301767940064796}]",천상의 음악을 연주하는 신
고려시대 몽골의 침입을 피해 임시 수도로 사용된 곳은 어디인가요?,"[{'text_segment': '국가유산명_국문: 강화산성 국가유산명_한자: 江華山城 국가유산종목: 사적 시도명: 인천 시군구명: 강화군 시대: 고려시대 내용: 강화읍을 에워싸고 있는 고려시대의 산성이다 몽골의 침입으로 백성과 국토가 수난을 당하자 당시 실권자인 최우는 1232년 강화도로 수도를 옮겼다 왕궁과 성·관아 시설은 1234년 본격적인 공사가 시작되었다 이 때 개경의 궁궐과 비슷하게 지어 산의 이름도 송악이라 지었다 성은 흙으로 쌓았고 내성·중성·외성으로 이루어져 있고 내성은 주위 약 1200m로 지금의 강화성이다 중성은 내성을 지키기 위해 쌓았으며 외성은 1233년 강화 동쪽해안을 따라 쌓았다 이 외성은 몽골군이 바다를 건너 공격하지 못하게 한 가장 중요한 방어시설이자 정부가 39년간 육지로부터 물자를 지원받았던 곳이기도 하다 고려 원종 11년(1270) 개경으로 수도를 다시 옮기면서 몽골과 강화조약의 조건으로 성을 모두 헐게 되었다 조선 전기에 내성이었던 강화성을 축소하여 다시 지었다 1637년 병자호란 때 청군에 의해 다시 파괴당하였고 숙종 3년(1677)에 성을 보수하면서 모두 돌로 쌓고 넓혀 지었다 남문인 안파루·북문인 진송루·서문인 첨화루와 동문인 망한루가 있으며 비밀통로인 암문 4개 그리고 수문이 2개 남아있다 높은 곳에서 망을 보기 위한 장대와 성위에서 몸을 감추기 위한 여장 등의 방어시설도 갖추고 있었으나 여장은 모두 무너졌다 현재 성의 동쪽 부분은 없어졌으나 남북쪽 산자락은 복원 정비되어 있다 조선 후기 병인양요·신미양요와 일본 침략에 의한 강화조약을 체결한 수많은 외세침략의 역사적인 현장이다 소재지상세: 인천 강화군 강화읍 국화리 산3번지 일원', 'score': 0.7435111254453659}, {'text_segment': '국가유산명_국문: 양평군함왕성지 국가유산명_한자: 楊平郡咸王城址 국가유산종목: 시도기념물 시도명: 경기 시군구명: 양평군 시대: NaN 내용: 경기도 양평군 용문산 줄기 855m의 봉우리와 여우봉(865m)에서 서쪽과 남쪽으로 뻗은 능선과 북쪽으로 뻗은 큰 계곡을 막아 만든 산성으로 ‘함공성’ ‘양근성’ ‘함씨대왕성’ 등으로 불린다 성 아래에는 성공혈이라는 큰 바위굴이 있는데 여기서 원삼국시대 함왕 주악(周鍔)이 탄생하였으며 이 곳을 보호하기 위해 성을 쌓고 부근을 정복하였다고 전해지고 있다 고려시대 몽골의 4차 침입이 있을 때 몽골군이 쳐들어오자 사람들이 이곳으로 피신하였다는 옛 기록이 남아 있다 자연석으로 쌓은 성곽의 길이는 29058척(약 8805m)이라고 전해지나 현재는 700m 정도 남아있으며 성벽은 높이 16m 안팎이고 대부분 무너지거나 토사에 덮여 있는 상태이다 1999년 수원대학교 박물관에서 학술조사를 실시한 결과 성내에서 문지 1개소·치성 1개소·추정 건물지 3동·장대지 2개소·우물지 ·수구지 2기를 확인하였으며 북동쪽의 건물지에서는 주춧돌과 기와 조각 등이 흩어져 있으며 산성 내에서는 고려시대~조선시대의 기와 및 자기편들이 확인되었다 현재까지의 조사 결과로 살펴보면 함왕성은 고려후기의 몽골 침략기에 축조된 포천 보가산성 양양 권금성 충주 보련산성 동해 두타산성 등과 같이 험준한 지형을 이용한 피난용 산성으로 확인된다 소재지상세: 경기 양평군 옥천면 용천리 산27번지', 'score': 0.7386937204872694}, {'text_segment': '국가유산명_국문: 대한민국임시의정원인 국가유산명_한자: NaN 국가유산종목: 국가등록문화유산 시도명: 서울 시군구명: 영등포구 시대: 일제강점기 내용: 1919년 4월 11일 중국 상해에서 설립되어 대한민국 임시정부의 입법부 기능을 수행한 대한민국 임시의정원에서 사용되었던 관인으로서 1925년의 ‘임시의정원 잠행조례안 통과 고함’ 1943년의 ‘원비 결산서 제출에 관한 건’ 등 임시의정원의 문건에서 사용된 것이 확인되었다 이 관인은  임시의정원 의장을 네 차례 역임한 홍진(洪震 1877∼1946)이 1945년 해방 후 그 해 12월 1일 환국할 때 국내로 가지고 왔고 홍진이 별세한 이후 유족들이 보관하다가 2019년 국회도서관에 기증하였다 해당 관인은 현재까지 공개된 유일한 임시의정원의 관인으로서 매우 귀중한 국가유산적 가치를 지니고 있다 소재지상세: 서울특별시 영등포구 의사당대로 1 (여의도동 국회도서관)', 'score': 0.7199398938864765}, {'text_segment': ""국가유산명_국문: 흥국사 국가유산명_한자: 興國寺 국가유산종목: 문화유산자료 시도명: 전남 시군구명: 여수시 시대: NaN 내용: 조계종 화엄사에 딸린 말사로 1196년(고려 명종 26) 보조국사 지눌이 창건하였다 지눌이 수행할 곳을 찾다가 여기에 절을 지으면 '나라가 흥한다'는 신령한 노승의 말에 따라 지금의 자리에 절을 세우고 '흥국사'라고 이름 지었다 한다 몽골군의 침입으로 불타 없어졌다가 조선 시대에 다시 세웠으나 임진왜란과 정유재란을 겪으면서 법당과 요사가 완전히 불타버린 것을 1624년(인조 2) 계특대사가 다시 지었다 백두대간 끝자락 지리산에서 여수로 뻗어 내린 산줄기의 한 갈래인 진례산과 영취산이 연꽃처럼 감싸도는 곳에 자리잡고 있으며 대웅전 팔상전 원통전 무사전 등 목조 건물들과 대웅전후불탱 노사나불괘불탱 수월관음도 십육나한도 홍교 등 많은 국가유산이 있다 소재지상세: 전남 여수시 흥국사길 160 (중흥동)"", 'score': 0.7072477611714996}, {'text_segment': '국가유산명_국문: 진도 용장성 국가유산명_한자: 珍島 龍藏城 국가유산종목: 사적 시도명: 전남 시군구명: 진도군 시대: 고려시대 내용: 배중손이 이끌던 삼별초가 몽골의 침략에 대항하여 항쟁을 벌였던 장소이다 고려 고종 18년(1231)부터 침략해 오던 몽골과의 전쟁을 벌이기 위해 고려는 수도를 개경에서 강화로 옮겼다 그리고 40여 년 동안 삼별초가 중심이 되어 몽골과의 전쟁을 벌였으나 원종 11년(1270) 고려가 몽골에 항복을 하였다 몽골에 대한 항복을 받아들일 수 없던 배중손을 비롯한 삼별초는 왕족인 승화후 온(承化候溫)을 왕으로 삼아 남쪽으로 내려와 이곳에 궁궐과 성을 쌓고 몽골과의 전쟁을 계속하였다 이때 쌓은 성이 바로 용장성이다 지금은 용장산 기슭에 약간의 성벽이 부분적으로 남아있으며 성 안에는 용장사가 있던 절터와 궁궐의 자리가 남아있다 용장성 안에는 성황산이 있는데 이 산에도 산성을 쌓은 흔적이 보인다 성이 만들어진 연대가 확실하고 고려의 왕실과 대립되는 궁궐이 만들어진 점에서 가치있는 유적이다 <br/><b>※(용장산성 → 진도 용장성)으로 명칭변경 되었습니다(20110728 고시) </b> 소재지상세: 전남 진도군 군내면 용장리 106번지', 'score': 0.6873088295516245}]",강화도
독립문은 어떤 목적을 기념하기 위해 건설되었나요?,"[{'text_segment': '국가유산명_국문: 울산 구 삼호교 국가유산명_한자: 蔚山 舊 三湖橋 국가유산종목: 국가등록문화유산 시도명: 울산 시군구명: 남구 시대: 1924 내용: \xad일제 강점기에 군수산업을 효과적으로 관리할 목적으로 건설된 울산 지역 최초의 근대식 철근콘크리트조 교량 소재지상세: 울산광역시 중구 다운동 480-5 외 3필지 남구 무거동 113-2번지 외', 'score': 0.775502242704639}, {'text_segment': '국가유산명_국문: 완주 구 삼례양수장 국가유산명_한자: 完州 舊 參禮揚水場 국가유산종목: 국가등록문화유산 시도명: 전북 시군구명: 완주군 시대: 1920년대 내용: 이 양수장은 삼례와 익산 지역의 상수원을 목적으로 건립하였다 창호의 상부는 모두 평아치로 구성하였으며 주 출입구 포치(porch) 상부는 수평의 돌림띠 형태로 벽돌을 포개어 쌓았고 각 모서리는 기둥 모양으로 돌출시켜 마감하였다 당시 치수 사업의 상황과 건설 기술 등을 잘 보여 준다 소재지상세: 전북 완주군 삼례읍 비비정길 26 외 1필지 (삼례리)', 'score': 0.7459771242282014}, {'text_segment': '국가유산명_국문: 영암선 개통 기념비 국가유산명_한자: 榮巖線 開通 紀念碑 국가유산종목: 국가등록문화유산 시도명: 경북 시군구명: 봉화군 시대: 1955년 내용: 영암선(榮巖線)은 영주~철암간 864km의 철도노선으로 1948년 8월15일 대한민국정부 수립 후 미국의 원조자금으로 1949년 4월 8일 대한민국 정부 최초의 철도부설공사로 착공 후 한국전쟁으로 중단했다가 휴전 성립 후 미국 FOA(Foreign Operation Administration)의 원조자금으로 재착공하여 1955년말 완공한 철도이다 1963년 5월27일 동해북부선과 통합하여 영동선으로 명칭이 변경되었다 한국전쟁 시기 험난한 산악 지형 등의 어려움을 극복하며 우리의 손으로 건설된 것을 기념하기 위하여 이승만 대통령의 친필을 받아 영암선 건설공사 구간 중 가장 어려움이 많았던 승부역에 1955년에 설립된 기념비이다 기념비의 전면 중앙에는 자연석판에 ‘榮巖線 開通 記念’이라는 문구가 새겨져 있으며 측면에서는 ‘起工 檀紀 四千貳百八拾貳年 四月 八日 竣工 檀紀 四千貳百八拾八年 拾貳月 參拾日 交通部 鐵道建設局’이라는 준공 표지석이 부착되어 있다 초창기 한국의 발전에 크게 기여한 철도노선인 영암선 자체의 역사적 의의 뿐만 아니라 한국 초대대통령의 친필로 새겨진 비문을 보존하고 있는 기념비로 사료적 가치가 높다 소재지상세: 경상북도 봉화군 승부길 1162-5', 'score': 0.7415223067140082}, {'text_segment': '국가유산명_국문: 서울 독립문 국가유산명_한자: 서울 獨立門 국가유산종목: 사적 시도명: 서울 시군구명: 서대문구 시대: NaN 내용: 갑오개혁 이후 자주독립의 의지를 다짐하기 위해 중국 사신을 영접하던 영은문(迎恩門)을 헐고 세운 기념물이다 갑오개혁(1894∼1896)은 내정개혁과 제도개혁을 추진하였던 개혁운동이다 그러나 외국세력의 간섭으로 성공하지 못하였고 나라의 자주독립 또한 이루지 못하였다 이에 국민들은 민족의 독립과 자유를 위해서는 어떠한 간섭도 허용하지 않겠다는 다짐으로 중국사신을 맞이하던 영은문을 헐고 그 자리에 독립문을 세우게 되었다 건양(建陽) 원년(1896년) 서재필이 조직한 독립협회의 주도하에 국왕의 동의를 얻고 뜻있는 애국지사와 국민들의 폭넓은 지지를 얻으며 프랑스 파리의 개선문을 본떠 광무 2년(1898년) 완성하였다 화강석을 쌓아 만든 이 문의 중앙에는 무지개 모양의 홍예문이 있고 왼쪽 내부에는 정상으로 통하는 돌층계가 있다 정상에는 돌난간이 둘러져 있으며 홍예문의 가운데 이맛돌에는 조선왕조의 상징인 오얏꽃무늬가 새겨져 있다 그 위의 앞뒤에는 한글과 한자로 ‘독립문’이라는 글씨와 그 양옆에 태극기가 새겨져 있다 문앞에는 영은문주초(사적) 2개가 남아있다 원래 남동쪽으로 70m떨어진 길 가운데에 있었는데 1979년 성산대로 공사에 따라 지금의 위치로 옮기게 되었다 소재지상세: 서울 서대문구 현저동 941번지', 'score': 0.716764509677887}, {'text_segment': '국가유산명_국문: 서울 영은문 주초 국가유산명_한자: 서울 迎恩門 柱礎 국가유산종목: 사적 시도명: 서울 시군구명: 서대문구 시대: 조선시대 내용: 조선시대에 중국의 사신을 맞아들이던 모화관 앞에 세웠던 주춧돌이다 개화기에 우리민족의 자유와 독립을 다짐하는 의미로 영은문(迎恩門)을 헐고 그 자리에 독립문을 세우면서 그 기둥을 받치던 밑돌인 주초만 남게 되었다 모화관은 조선 태종 7년(1407)에 처음 세우고 모화루라 하였는데 그 뒤 세종 12년(1430)에 모화관이라 이름을 바꾸고 그 앞에 상징적인 의미의 홍살문을 세웠다 중종 32년(1537)에 홍살문보다 격식을 갖춘 형식의 문을 만들고 ‘영조문’이라 하였다가 중종 34년(1539)에는 중국 사신의 건의로 영은문이라 이름을 고쳤으며 연주문·연은문이라고도 하였다 중종 때 만들어진 문은 1칸 규모이며 두 개의 긴 주춧돌 위에 원기둥을 세우고 우진각지붕을 얹었는데 지붕은 청기와로 덮고 각종 동물 모양을 조각한 잡상을 배치하였다 남아 있는 2개의 주초는 2단의 사각형 받침돌 위에 기둥처럼 길게 세워져 있다 위에 놓인 받침돌에는 2개씩의 안상(眼象)이 조각되어 있다 1896년 독립문이 세워지면서 주초만 그 앞에 세워두었는데 1979년 성산대로 공사로 인해 독립문과 함께 지금의 자리로 옮겨졌다 <br/><b>※(영은문주초 → 서울 영은문 주초)으로 명칭변경 되었습니다 (20110728 고시) </b> 소재지상세: 서울 서대문구 현저동 945번지', 'score': 0.7149436723024067}]",대한민국이 외세의 간섭으로부터 독립을 기념하기 위해
전등사는 어느 시대에 창건되었나요?,"[{'text_segment': '국가유산명_국문: 전등사 대웅보전 후불탱 국가유산명_한자: 傳燈寺 大雄寶殿 後佛幀 국가유산종목: 문화유산자료 시도명: 인천 시군구명: 강화군 시대: 1916년 내용: 전등사 대웅보전 목조삼존불좌상의 후불탱으로 탱화란 천이나 종이에 그림을 그려 액자나 족자 형태로 만들어지는 불화를 말한다 1916년에 제작된 그림으로 한 폭에 석가와 약사 아미타를 그린 일폭삼세불화(一幅三世佛畵)이다 전체적으로 황토색과 진한 녹색 밝은 벽돌색의 색 배합을 보이고 있으며 얼굴이나 의습에는 20세기 초기에 경기도 일대에서 유행했던 서양화식 음영법이 가해진 그림이다 소재지상세: 인천 강화군 길상면 전등사로 37-41 (온수리)', 'score': 0.7848123276894341}, {'text_segment': '국가유산명_국문: 전등사 강설당 아미타불탱 국가유산명_한자: 傳燈寺 講說堂 阿彌陀佛幀 국가유산종목: 문화유산자료 시도명: 인천 시군구명: 강화군 시대: 1918년 내용: 전등사 강설당에 보존되어 있는 아미타불탱이다 탱화란 천이나 종이에 그림을 그려 액자나 족자 형태로 만들어진 불화를 말한다 1918년에 제작된 그림으로 많은 존상들이 정연하게 늘어서 있어 안정감을 주고 있으며 각 인물들의 얼굴과 자세 의습선 등에서 정치(精緻)한 필력(筆力)을 엿볼 수 있다 색 배합은 밝은 홍색과 녹색 황색 위주이고 간간이 백색과 청색을 섞어 썼다 포대위에 선정인을 취하고 있는 아미타불의 신광과 두광 그리고 원만 구족한 상호와 자연스럽고 부드러운 어깨선의 처리는 절로 평화로운 극락세계로 인도받는 듯한 느낌을 갖게 한다 소재지상세: 인천 강화군 길상면 전등사로 37-41 (온수리)', 'score': 0.7648531195339545}, {'text_segment': '국가유산명_국문: 전등사 법화경판 국가유산명_한자: 傳燈寺 法華經板 국가유산종목: 시도유형문화유산 시도명: 인천 시군구명: 강화군 시대: 조선 중종 39년(1544) 내용: 전등사 법화경판은 조선 중종 39년(1544)에 제작된 것으로 조선시대에서 가장 많이 읽혀진 부처님 말씀이다 법화경의 성립연대는 대체로 기원 전후에 성립되었다고 하는 설이 일반적이며 산문(散文)과 시구(詩句)로 구성되어 있으며 보살 비구 비구니 사람들에게 성불을 예언하고 그러기 위해 일불승을 삼승으로 나누어 설한다는 사실을 밝히고 있다 법화경은 현재 대웅보전 내 유리문 장내에 총 104매가 보관되어 있다 현존하는 30여 점의 법화경판 가운데 조성시기가 분명하고 특히 임진왜란 이전 조성으로 밝혀진 것은 8점에 불과하므로 그 역사적·문화재적 가치가 크다 소재지상세: 인천광역시 강화군 전등사로 37-41 (길상면 전등사)', 'score': 0.7550883293151855}, {'text_segment': '국가유산명_국문: 전등사 약사전 현왕탱 국가유산명_한자: 傳燈寺 藥師殿 現王幀 국가유산종목: 시도유형문화유산 시도명: 인천 시군구명: 강화군 시대: 조선 고종 21년(1884) 내용: 전등사 약사전(보물 제179호)에 보존되어 있는 현왕탱인데 이 그림은 사람이 죽은지 3일 만에 심판하는 현왕과 그 권속을 도상화한 것이다 조선 고종 21년(1884)에 제작된 그림으로 화면은 원형구도로서 생동감을 주고 있으며 비록 색 배합은 뛰어나지 않지만 꼼꼼한 필력이 구사된 점 현왕도의 도상적 특징을 잘 보여주고 있는 점 등 19세기 불화연구에 귀중한 자료가 된다 소재지상세: 인천광역시 강화군 전등사로 37-41 (길상면 전등사)', 'score': 0.7495952096871683}, {'text_segment': '국가유산명_국문: 전등사 업경대 국가유산명_한자: 傳燈寺 業鏡臺 국가유산종목: 시도유형문화유산 시도명: 인천 시군구명: 강화군 시대: 조선 인조 5년(1627) 내용: 업경대는 망자의 죄업을 드러내 보인다고 하는 거울로 업경륜이라고도 한다 전등사 업경대는 황색사자와 청색사자 1쌍으로 목각 사자의 몸체와 등 위에 커다란 화염문 거울이 꽂혀있다 규모는 높이 107cm 길이 65cm이다 좌대 바닥에 ‘천계칠년정묘구월 십삼일 각록목화원밀영 천기 봉생(天啓七年丁卯九月 十三日 刻祿木畵員密英 天琦 奉生)’이라는 묵서 명문이 남아 있어 조선 인조 5년(1627)에 제작되었음을 알 수 있다 전등사 업경대는 조선 후기 불교 목공예품의 편년 설정·상호비교 연구의 획기적 자료로 평가된다 소재지상세: 인천광역시 강화군 전등사로 37-41 (길상면 전등사)', 'score': 0.7439189784594832}]",삼국시대
대원군의 다른 이름은 무엇인가요?,"[{'text_segment': '국가유산명_국문: 석파정 국가유산명_한자: 石坡亭 국가유산종목: 시도유형문화유산 시도명: 서울 시군구명: 종로구 시대: NaN 내용: 조선 고종(재위 1863∼1907)의 친아버지인 흥선대원군의 별장으로 원래는 김흥근의 소유였던 것을 고종 즉위 후 대원군이 사용하였다 한국전쟁 후 고아원·병원 등으로 사용되다가 현재는 개인소유 건물이다 정자의 앞산이 모두 바위라 대원군이 ‘석파정(石坡亭)’이라 이름지었으며 삼계동 정자라 하기도 한다 커다란 바위와 바위산에서 흐르는 시냇물 뜰에 서 있는 소나무를 배경으로 한 석파정은 매우 아름답다 소재지상세: 서울 종로구 부암동 산16-1 201', 'score': 0.7200256139039993}, {'text_segment': '국가유산명_국문: 남해척화비 국가유산명_한자: 南海斥和碑 국가유산종목: 문화유산자료 시도명: 경남 시군구명: 남해군 시대: 조선 내용: 척화비란 병인양요와 신미양요를 승리로 이끈 흥선대원군이 서양사람들을 배척하고 그들의 침략을 국민에게 경고하기 위해 서울 및 전국 각지에 세우도록 한 비로 이 비도 그 중의 하나이다 낮은 사각받침돌 위에 비몸을 세우고 맨 위에 지붕돌을 올려놓아 다른 척화비와는 다른 모습이다 이는 당시 대원군의 명으로 척화비를 곳곳에 세우자 이 지역의 관청에서 그것을 본 떠 세우면서 양식을 달리 한 것으로 보인다 척화비를 일제히 세우던 고종 8년(1871)에 함께 세운 것으로 대원군이 러시아 공사관으로 납치된 후 세계 각국과의 교류가 이루어지면서 대부분의 비들이 철거되었으나 이 비처럼 몇기의 비들이 여전히 남아 그속에 담긴 역사적인 의미를 말해주고 있다 소재지상세: 경남 남해군 설천면 노량리 410-18번지', 'score': 0.6709245759202633}, {'text_segment': '국가유산명_국문: 매천 황현 매천야록 국가유산명_한자: 梅泉 黃玹 梅泉野錄 국가유산종목: 국가등록문화유산 시도명: 전남 시군구명: 전남전역 시대: NaN 내용: ㅇ 조선말부터 대한제국기의 역사가이자 시인이며 경술국치 직후 순절(殉節)한  황현[黃玹 1855-1910 잘 알려진 호는 양운(養雲)․매천(梅泉)]이 1864년 대원군 집정부터 1910년 경술국치까지 약 47년간의 역사 등을 기록한 친필 원본 7책으로 한국근대사 연구에 중대한 가치를 지닌 사료이다 「매천야록」에는 한말에  세상을 어지럽게 하였던 위정자의 사적인 비리․비행과 특히 일제의 침략상과 이에 대한 우리 민족의 끈질긴 저항 등이 담겨 있으며 자유로운 방식으로 당시의 역사를 보고 들은 대로 기록하였다 소재지상세: 전라남도', 'score': 0.6643023338076582}, {'text_segment': '국가유산명_국문: 온양민속박물관 소장 거북흉배 국가유산명_한자: 溫陽民俗博物館 所藏 龜文胸背 국가유산종목: 시도민속문화유산 시도명: 충남 시군구명: 아산시 시대: NaN 내용: 흉배는 조선시대에 왕족과 문무백관의 상복(常服)에 부축하여 수놓은 장식천이다 흉배는 조선시대에 왕복과 관리복에 부착되어 직위를 나타내는 표지로 직위에 따라 외곽의 형태 문양의 종류와 수(數)를 달리하였다 원형의 보는 하늘을 상징하여 왕과 왕비 및 왕세자가 사각형의 흉배는 땅을 상징하여 문무관이 사용하였다 문무관에 따라 흉배의 주문양이 달라지며 그 주변에는 길상과 장수를 의미하는 문양으로 꾸며 관리들의 가슴과 등에 부착하였다 〈온양민속박물관 소장 거북흉배〉는 그 크기로 미루어 볼 때 제작시기가 19세기말 고종 연간에 제작된 것으로 판단되며 금실로 수를 놓았는데 금실 흉배의 착용 사례는 18세기 초 연잉군과 19세기 말 흥선대원군의 초상화에서 확인되었다 그리고 현존하는 유물로는 국립고궁박물관 소장의 기린 흉배가 있다 때문에 금실로 짠 흉배는 대군이 아니면서도 후일 왕권에 오른 왕자나 왕의 친부였던 대원군이 착용하도록 국가에서 제작해 내려 보냈다고 여겨진다 연잉군이나 대원군의 초상화 및 국립고궁박물관 소장의 흉배에는 기린이 수놓아져 있으나 온양민속박물관 소장 흉배에는 거북 문양이 수놓아져 있다 초상화의 기린 문양은 중국의 예로 보면 문관 1급에 해당되는 권력과 위엄을 상징하는 문양이었다 그러나 거북 문양은 한국과 중국에서 유일하다 거북 흉배의 각종 문양을 살펴보면 1869년 대원군의 초상화에 그려진 흉배 그리고 국립고궁박물관 소장의 기린 흉배와 바탕의 구름이나 여타의 부속 문양이 대체로 일치하여 고종시대 흥선대원군 이하응의 것으로 볼 수 있다 그런데 초상화의 기린 흉배는 1869년의 것이고 국립고궁박물관의 것도 대원군이 권력을 잡고 있을 당시의 것인데 비해 이하응은 1873년에 실각하고 고종이 친정하였기 때문에 거북 흉배는 그 이후에 같은 본을 토대로 제작된 것으로 여겨진다 즉 거북 문양은 장수를 상징하는 것으로 권력을 상징하는 기린 흉배 대신 장수를 상징하는 거북 흉배로 대체하여 1820년생인 대원군(1820-1898)이 60세 환갑을 맞이한 1880년이나 70세 고희를 맞이한 1890년에 제작되었던 것으로 보인다 소재지상세: 부여군 봉산면 교원리', 'score': 0.6626200161839327}, {'text_segment': '국가유산명_국문: 대원군척화비 국가유산명_한자: 大院君斥和碑 국가유산종목: 문화유산자료 시도명: 충남 시군구명: 홍성군 시대: 1871년 내용: 척화비란 쇄국정책을 실시하던 흥선대원군이 병인양요 신미양요를 치르면서 더욱 그러한 의지를 굳혀 서양세력을 배척하고 그들의 침략을 경계하여야 한다는 의지를 국민에게 심어주고자 서울 및 전국의 중요도로변에 세우도록 한 비이다 홍성지역에 자리하고 있는 이 비는 넓적한 자연암석 위에 비몸을 꽂아놓은 모습이다 비문에는 “서양 오랑캐가 침범하였는데 싸우지 않으면 화친을 할 수 밖에 없고 화친을 주장하면 나라를 파는 것이 된다”라는 강한 어투의 경고문구를 적어 놓았다 고종 8년(1871)에 전국에 일제히 세운 것으로 1882년 임오군란이 일어나 대원군이 러시아 공사관으로 납치되면서 일제에 의해 대부분 철거되거나 훼손되었다 이 비는 충남 지방에 남아 있는 3기의 척화비 중 하나로 급변하던 구한말 당시의 상황과 쇄국의 의지를 잘 보여주고 있다 소재지상세: 충청남도 홍성군', 'score': 0.6584524806212728}]",흥선대원군
석굴암은 어느 시대에 만들어졌나요?,"[{'text_segment': '국가유산명_국문: 양주 석굴암 석조지장보살좌상 국가유산명_한자: NaN 국가유산종목: 문화유산자료 시도명: 경기 시군구명: 양주시 시대: NaN 내용: 양주 석굴암 삼성각에 봉안된 조선 후기의 보살상이다 경기도에서 흔하지 않은 경주 불석(沸石)으로 제작했으며 표면에는 금을 입혔다 양팔을 몸에 붙여 신체를 하나의 덩어리처럼 표현하여 시대적 특징이 잘 드러난다 불석은 경상북도 경주에서 산출되는 돌로 무른 특성으로 인해 조각하기가 용이하다 17세기 경부터 불상의 재료로 사용되기 시작했다 ‘양주 석굴암 석조 지방보살 좌상’은 높이 48cm의 아담한 불상으로 신체에 비해 머리가 큰 편이며 상체에 비해 무릎이 상당히 높아 비례가 조화롭지 않다 오른손은 가볍게 무릎 위에 얹고 왼손은 다리 중앙에 놓고 손바닥에 보배 구슬을 받들고 있다 머리에는 두건을 썼으며 양 어깨에는 두건 자락이 가지런히 늘어져 있다 네모지고 넓적한 얼굴에는 가늘게 뜬 작은 눈이 나란히 새겨지고 두툼한 코 약간 큰 입에 진지한 인상의 상이다 몸에 비해 큰 얼굴을 가진 작달막한 신체비례 양팔을 몸에 붙여 단순화한 자세와 평면적인 신체 표현 사각의 얼굴에 간략하고 단순화된 세부와 옷자락 표현 등에서 조선 후기의 조각양식을 잘 보여주고 있다 『봉선사본말사지(奉先寺本末寺誌)』에 의하면 이 보살상은 1873년 이씨진명행(李氏進明行)이 발원하여 한봉창엽(漢峰瑲曄)과 금곡영환(金谷永煥)이 나한상과 함께 제작하였다고 한다 한봉창엽과 금곡영환은 19세기 경기도를 중심으로 활동한 대표적인 불화승(佛畫僧; 불화를 그리거나 불상을 제작하던 승려들)이다 소재지상세: 경기도 양주시 석굴암길 519 (장흥면)', 'score': 0.755085006966905}, {'text_segment': '국가유산명_국문: 양주 석굴암 석조불좌상 국가유산명_한자: NaN 국가유산종목: 문화유산자료 시도명: 경기 시군구명: 양주시 시대: NaN 내용: 양주 석굴암 대웅보전에 봉안되어 있는 석불이다 42cm의 작은 불상으로 경기도에서 흔하지 않은 경주 불석(沸石)으로 제작했으며 표면에는 금을 입혔다 양팔을 몸에 붙여 신체를 하나의 덩어리처럼 표현하여 조선후기의 시대적 특징이 잘 드러난다 불석은 경상북도 경주에서 산출되는 돌로 무른 특성으로 인해 조각하기 용이하다 이 돌은 17세기경부터 불상의 재료로 사용되기 시작했다 신체에 비해 머리가 크며 허리는 짧고 무릎이 높은 조선 후기 석조 불상의 특징을 따르고 있다 이는 같은 양주 석굴암 경내에 봉안되어 있는 석조 지장보살 좌상이나 나한상에서도 볼 수 있는 특징이다 네모진 얼굴에는 눈꼬리가 약간 치켜 올라가고 짧은 삼각형의 코에 얇고 기다란 입술에는 미소를 머금고 있다 두 손은 손바닥을 서로 마주보듯이 다리 위에 가볍게 내려놓고 있다 대의는 양 어깨에 걸쳐진 위로 또 다른 자락이 그 일부를 덮고 있는 소위 ‘이중착의’라 부르는 형식이다 양 어깨에 걸쳐져 신체 전면을 덮고 있는 법의는 양쪽 어깨에서 한 겹 접혔으며 가슴에는 치마의 굵은 단이 수평으로 드러나 있다 옷을 입는 방식과 옷주름 표현은 1705년(숙종 31) 칠장사 지장전 지장 삼존상과 유사하다 네모지고 턱이 넓은 얼굴형은 1685년(숙종 11) 마일(摩日)이 조성한 안성 칠장사 대웅전 목조 삼불 좌상과 유사하다 특히 삼각형의 코와 길고 넓은 인중 밑에 가늘고 긴 입술 귓불이 약간 반전된 귀의 형태도 유사하다 이런 특징들을 볼 때 17세기 후반에서 18세기 전반기 불상의 특징을 보이는 있다 소재지상세: 경기도 양주시 석굴암길 519 (장흥면)', 'score': 0.7471204669080502}, {'text_segment': '국가유산명_국문: 탱화장 국가유산명_한자: 幀畵匠 국가유산종목: 시도무형유산 시도명: 전남 시군구명: 전남전역 시대: NaN 내용: 탱화란 천이나 종이에 그림을 그려 액자나 족자형태로 만들어지는 불화(佛畵:불교의 내용을 쉽게 표현하고 널리 전하기 위해 그리는 그림)를 말하며 이러한 탱화를 그리는 기술과 그 기술을 가진 사람을 탱화장이라 한다 탱화는 만드는 방법이 다른 불화에 비해 훨씬 쉽고 고정되어 있지 않고 옮길 수 있어서 불교행사 때 쓰기 위해 많이 그려졌다 우리나라의 탱화는 삼국시대 때 불교가 전해지면서 시작되었다고 추측된다 이는『삼국사기』의 “신라 화가 솔거가 황룡사 벽에 늙은 소나무를 그렸다”는 기록을 통해 알 수 있다 또 통일신라 혜공왕(재위 765∼780) 때 만들어진 석굴암의 석조 탱화가 남아있는 것으로 보아 삼국시대에 시작되어 통일신라시대에는 탱화가 널리 그려졌을 것으로 보인다 조선 후기에는 전쟁으로 파괴된 절들을 새로 고치면서 많이 그려졌다 소재지상세: 전라남도', 'score': 0.697669643333278}, {'text_segment': '국가유산명_국문: 경주 석굴암 삼층석탑 국가유산명_한자: 慶州 石窟庵 三層石塔 국가유산종목: 보물 시도명: 경북 시군구명: 경주시 시대: 통일신라시대 8세기 내용: 석굴암에서 동북쪽으로 약 150m지점 언덕에 서 있는 탑이다 2층을 이루는 기단(基壇)은 원형과 8각이 조화를 이루고 있어 특이한 모습이며 그 위로 4각의 탑신(塔身)을 3층으로 쌓아 올렸다 기단의 모습은 매우 독특한 예인데 그 유래에 대해서는 밝혀지지 않고 있다 전체적으로 원과 4각 8각의 조화가 아름답고 세부 수법의 경쾌함이 돋보이는 석탑으로 8세기 말 통일신라시대에 만들어진 것으로 짐작된다 소재지상세: 경북 경주시 불국로 873-243 (진현동)', 'score': 0.6832046214526011}, {'text_segment': '국가유산명_국문: 제천 고산사 석조나한상군 국가유산명_한자: 堤川 高山寺 石造羅漢像群 국가유산종목: 시도유형문화유산 시도명: 충북 시군구명: 제천시 시대: NaN 내용: 충청북도 제천시 덕산면 와룡산의 고산사 응진전에 봉안된 나한상(羅漢像)이다 나한이란 아라한(阿羅漢)의 준말로 소승불교의 수행자 중 가장 높은 지위에 있는 성자를 말한다 우리나라에서는 경주 석굴암의 10대 제자상이 걸작으로 손꼽힌다 사찰의 기록에 의하면 고산사는 신라말 고려초에 도선국사가 창건한 것으로 나타난다 그러나 절에서 수습되는 기와조각 청자조각 등은 고려에서 조선시대의 유물들이 주종을 이루고 있어 확실하게 알 수 없다 관음보살상과 더불어 응진전에 모셔진 나한상은 조선 중기에 만든 것으로 추정된다 조선시대 나한상은 주로 석고로 만들거나 흙으로 만들었는데 이 나한상은 돌로 만들어 그 예가 극히 드물다 충청북도 지방에서 조선시대 나한신앙의 일부를 확인할 수 있는 귀중한 자료가 된다 소재지상세: 충북 제천시 덕산면 월악로9길 113 (신현리)', 'score': 0.6678827718162248}]",통일신라 시대
팔만대장경이 보관된 사찰은 어디인가요?,"[{'text_segment': '국가유산명_국문: 해인사법보전비로자나불좌상 국가유산명_한자: 海印寺法寶殿毘盧舍那佛坐像 국가유산종목: 시도유형문화유산 시도명: 경남 시군구명: 합천군 시대: NaN 내용: 해인사는 신라 애장왕 때 순응과 이정이 세운 사찰로 의상의 화엄 10찰 중 하나이며 팔만대장경을 보관하고 있는 법보사찰(法寶寺刹)로서 유명하다 불상은 팔만대장경이 보관되어 있는 장경각 뒤편에 있는 법보전의 본존불로서 이마에는 반달 모양이 표현되었고 얼굴은 갸름한 편이다 귀는 어깨까지 길게 내려오고 목에는 3개의 주름인 삼도(三道)가 뚜렷하다 불상이 입고 있는 옷은 왼쪽 어깨에만 걸쳐 있고 주름은 평행 계단식으로 표현되었다 손은 왼손 검지를 오른손으로 감싸고 있는 모습으로 비로자나불이 취하는 일반적인 손모양이다 좌우에는 높이 47㎝의 문수보살과 보현보살이 아담한 크기로 배치되어 있는데 조선 초기 보살상의 특징을 잘 표현하고 있다 소재지상세: 경상남도 합천군 해인사길 122 (가야면 비로전)', 'score': 0.7150418311357498}, {'text_segment': '국가유산명_국문: 팔만대장경 국가유산명_한자: 八萬大藏經 국가유산종목: 시도유형문화유산 시도명: 강원 시군구명: 평창군 시대: 조선 고종 2년 (1865) 내용: 판수가 8만여 개에 달하고 8만 4천 번뇌에 해당하는 8만 4천 법문을 실었다고 하여 8만대장경이라고 부른다 월정사에 있는 팔만대장경은 해인사의 고려대장경 경판에서 직접 찍어온 것이다 조선 고종 2년(1865)에 찍어내어 월정사에서 보관하고 있다 크기는 가로 846㎝ 세로 24㎝이고 한지에 인쇄하였다 판의 끝에는 경전의 이름과 권수의 간행 차례가 기록되어 있다 천자문 순서대로 새겨 놓았는데 총 1511부 6802권 81137판으로 되어있다 고려 때는 물론이고 조선초에도 인쇄되었으나 전부 남아있는 것은 몇 개 전하여지지 않는다 이 대장경은 조선 고종 2년(1865)에 인쇄한 2부 가운데 하나이다 소재지상세: 강원특별자치도 평창군 오대산로 176 (진부면 월정사성보박물관) 동산리', 'score': 0.5963637872964089}, {'text_segment': '국가유산명_국문: 합천 해인사 대적광전 국가유산명_한자: 陜川 海印寺大寂光殿 국가유산종목: 시도유형문화유산 시도명: 경남 시군구명: 합천군 시대: NaN 내용: 팔만대장경이 보관되어 있는 해인사는 통일신라 애장왕 3년(802)에 지어졌다 중심 법당인 대적광전은 2층 건물로 비로전이라 불리다가 조선 성종 19년(1488)에 다시 지으면서 대적광전으로 이름을 바꾸었다 그 뒤 여러 차례의 화재가 있어 옛 모습을 찾아 볼 수 없고 지금의 건물은 순조 17년(1817)에 다시 지은 것을 1971년 대폭 수리한 것이다 앞면 5칸·옆면 4칸 규모로 지붕 옆면이 여덟 팔(八)자 모양인 팔작지붕집이다 내부에는 중앙의 비로자나불을 중심으로 좌우에 문수보살과 보현보살을 모시고 있다 소재지상세: 경상남도 합천군 해인사길 122 (가야면 비로전)', 'score': 0.5539672464787726}, {'text_segment': '국가유산명_국문: 오대산중대불량문 국가유산명_한자: 五臺山中臺佛糧文 국가유산종목: 문화유산자료 시도명: 강원 시군구명: 평창군 시대: 조선 순조 14년 추정 (1814) 내용: 이 책은 조선 후기 오대산 적멸보궁의 중창사실과 이를 재정적으로 후원한 일반 시주자 및 인근 사찰의 시주스님을 기록한 책으로 오대산 적멸보궁(중대)에서 보관용으로 기록한 것이다 각 장 8행(行)에 글자 수는 16∼25자로 불규칙하며 모두 20장으로 이루어져 있다 책에는 재물을 출연하여 시주하는 공덕을 찬양하는 내용의 발문 일반 대시주자의 이름과 소원문이 보이며 이어서 본사 비구를 비롯하여 인근의 사찰 및 경상도 은해사 스님들의 시주명이 차례로 기재되어 있으며 권말에는 이를 증명하는 각 사찰명이 지역별로 기재되어 있다 이 책이 만들어진 시기는 책 끝부분에 보이는 연대를 통해서 대략 19세기 초반으로 생각된다 조선 후기 오대산 적멸보궁의 중창사실과 이를 재정적으로 후원한 일반 시주자 및 인근 사찰의 이름을 알 수 있고 당시 사찰 연혁을 살필 수 있다 소재지상세: 강원특별자치도 평창군 오대산로 176 (진부면 월정사성보박물관)', 'score': 0.5477980954269197}, {'text_segment': '국가유산명_국문: 해인사봉황문 국가유산명_한자: 海印寺鳳凰門 국가유산종목: 문화유산자료 시도명: 경남 시군구명: 합천군 시대: NaN 내용: 해인사는 가야산 서남쪽 기슭에 있는 절이다 의상의 화엄 10찰 중 하나이고 팔만대장경판이 보관되어 있는 법보 사찰로 신라 애장왕 때 순응과 이정이 세웠다 해인사의 두번째 문이며 천왕문 금강문이라고 불리는 봉황문은 지은 시기를 알 수 없으나 여러 차례 고쳐 지은 기록이 있다 지금 있는 건물은 순조 21년(1821)에 고쳐 세운 것이다 앞면 3칸·옆면 2칸의 규모로 옆면 지붕선이 사람 인(人)자 모양인 맞배지붕이다 또한 지붕처마를 받치기 위한 공포가 새날개모양인 익공양식으로 내부에는 사천왕 탱화가 모셔져 있다 소재지상세: 경상남도 합천군 해인사길 122 (가야면 사찰)', 'score': 0.5341158264322694}]",해인사
금관총은 어느 나라의 왕릉인가요?,"[{'text_segment': '국가유산명_국문: 전고령가야왕릉 국가유산명_한자: 傳古寧伽倻王陵 국가유산종목: 시도기념물 시도명: 경북 시군구명: 상주시 시대: NaN 내용: 이곳은 AD 42년 낙동강을 중심으로 일어난 여섯 가야(伽倻) 중 하나인 고령가야 태조의 무덤이라고 전해오고 있다 고령가야는 낙동강 일대인 함창 문경 가은 지방을 영역으로 하여 세워진 나라로『삼국유사』의 5가야조와『삼국사기』의 고령군조에 그 이름이 보이고 있다 조선 선조 25년(1592) 당시 경상도 관찰사 김수와 함창 현감 이국필 등이 묘 앞에 묻혀 있던 묘비를 발견하여 가야왕릉임을 확인했다고도 전해오고 있다 그 후 조선 숙종 38년(1712) 왕명으로 묘비와 석양(石羊) 등의 석물을 마련한 후 후손들에 의해 여러 차례 묘역이 정비되어 오늘에 이르렀다 소재지상세: 경상북도 상주시 함창읍 증촌리 7', 'score': 0.665641145502549}, {'text_segment': '국가유산명_국문: 금관총 금제 허리띠 국가유산명_한자: 金冠塚 金製 銙帶 국가유산종목: 국보 시도명: 경북 시군구명: 경주시 시대: 신라시대(5세기) 내용: 과대는 직물로 된 띠의 표면에 사각형의 금속판을 붙여 만든 허리띠를 말하며 요패는 허리띠에 늘어뜨린 장식품을 말한다 옛날 사람들은 허리띠에 옥(玉)같은 장식품과 작은칼 약상자 숫돌 부싯돌 족집게 등 일상도구를 매달았는데 이를 관복에 적용한 것으로 보인다 백제나 신라에서는 관직이나 신분에 따라 재료 색 수를 달리하여 그 등급을 상징하였다 경북 경주시 노서동 소재 금관총에서 출토된 신라시대 금제 과대 및 요패는 과대길이 109㎝ 요패길이 544㎝이다 과대는 39개의 순금제 판으로 이루어져 있고 양끝에 허리띠을 연결시켜 주는 고리인 교구를 달았으며 과판에는 금실을 이용하여 원형장식을 달았다 과대에 늘어뜨린 장식인 요패는 17줄로 길게 늘어뜨리고 끝에 여러 가지 장식물을 달았다 장식물의 길이가 일정하지 않지만 크고 긴 것을 가장자리에 달았다 금관총 과대 및 요패는 무늬를 뚫어서 조각한 수법이 매우 정교한 우수한 작품으로 평가된다 소재지상세: 경북 경주시 일정로 186 국립경주박물관', 'score': 0.6093108728528023}, {'text_segment': '국가유산명_국문: 경주 경애왕릉 국가유산명_한자: 慶州 景哀王陵 국가유산종목: 사적 시도명: 경북 시군구명: 경주시 시대: 통일신라 경애왕 내용: 신라 55대 왕인 경애왕(재위 924∼927)의 무덤으로 경명왕의 뒤를 이어 왕위에 올랐다 재위 4년이 되던 해에 포석정에서 잔치를 베풀고 있을 때 후백제 견훤의 습격을 받아서 비참한 최후를 마친 왕이다 무덤은 삼릉계곡 입구의 소나무 숲 안에 있으며 일반무덤와 같아서 별다른 특징은 없다 신라왕릉으로는 빈약한 편이며 발굴된 적은 없다 『삼국사기』에는 경애왕을 남산 해목령에 장사지냈다고 되어있다 해목령은 경애왕릉에서 떨어져 있어서 맞지 않으며 해목령 가까이에 있는 지금의 일성왕릉을 경애왕릉으로 보아야 한다는 견해도 있다 <br/><b>※(경애왕릉 → 경주 경애왕릉)으로 명칭변경 되었습니다(20110728 고시) </b> 소재지상세: 경북 경주시 배동 산73-1번지', 'score': 0.6005126478301721}, {'text_segment': '국가유산명_국문: 산청 전 구형왕릉 국가유산명_한자: 山淸 傳 仇衡王陵 국가유산종목: 사적 시도명: 경남 시군구명: 산청군 시대: 6세기 내용: 가야 10대 임금인 구형왕의 무덤으로 전해지고 있는 돌무덤으로 구형왕은 구해(仇亥) 또는 양왕(讓王)이라 하는데 김유신의 증조부이다 521년 가야의 왕이 되어 532년 신라 법흥왕에게 영토를 넘겨줄 때까지 11년간 왕으로 있었다 이 무덤을 둘러싸고 종래에는 석탑이라는 설과 왕릉이라는 2가지 설이 있었다 이것을 탑으로 보는 이유는 이와 비슷한 것이 안동과 의성지방에 분포하고 있는데 근거를 두고있다 왕릉이라는 근거는 『동국여지승람』 『산음현 산천조』에 ‘현의 40리 산중에 돌로 쌓은 구룡이 있는데 4면에 모두 층급이 있고 세속에는 왕릉이라 전한다’라는 기록이 있다 이 무덤에 왕명을 붙인 기록은 조선시대 문인인 홍의영의 『왕산심릉기』에 처음 보이는데 무덤의 서쪽에 왕산사라는 절이 있어 절에 전해오는 『왕산사기』에 구형왕릉이라 기록되었다고 하였다 일반무덤과는 달리 경사진 언덕의 중간에 총높이 715m의 기단식 석단을 이루고 있다 앞에서 보면 7단이고 뒷면은 비탈진 경사를 그대로 이용하여 만들었기 때문에 평지의 피라미드식 층단을 만든 것과는 차이가 있다 무덤의 정상은 타원형을 이루고 있다 돌무덤의 중앙에는 ‘가락국양왕릉’이라고 쓰인 비석이 있고 그 앞에 석물들이 있는데 이것은 최근에 세운 시설물이다 조선 정조 17년(1793)에는 왕산사에서 전해오던 나무상자에서 발견된 구형왕과 왕비의 초상화 옷 활 등을 보존하기 위해 ‘덕양전’이라는 전각을 짓고 오늘날까지 봄과 가을에 제사를 지내고 있다 <br/><b>※(전구형왕릉 → 산청 전 구형왕릉)으로 명칭변경 되었습니다(20110728 고시) </b> 소재지상세: 경남 산청군 금서면 화계리 산16번지', 'score': 0.5990652896501139}, {'text_segment': '국가유산명_국문: 경주 일성왕릉 국가유산명_한자: 慶州 逸聖王陵 국가유산종목: 사적 시도명: 경북 시군구명: 경주시 시대: 신라 일성왕(서기 154년경) 내용: 신라 7대 일성왕(재위 134∼154)의 무덤이다 왕은 북쪽 변방에 침입하는 말갈인을 막고 농토를 넓혀 제방을 쌓는 등 농업을 권장했으며 백성들에게 금·은·보석의 사용을 금지하여 사치풍조를 멀리하게 했다 왕릉은 높이 53m 지름 15m의 둥글게 흙을 쌓아올린 원형 봉토무덤이다 밑둘레에는 자연석을 이용하여 둘레돌을 둘렀으며 내부는 굴식돌방무덤(횡혈식석실묘)이다 무덤 앞 2단 축대는 경내를 보호하기 위해 최근에 만들어진 것이다 <br/><b>※(신라일성왕릉 → 경주 일성왕릉)으로 명칭변경 되었습니다(20110728 고시) </b> 소재지상세: 경북 경주시 탑동 산23번지', 'score': 0.5882985831076284}]",신라
수원 화성이 완공된 연도는 언제인가요?,"[{'text_segment': '국가유산명_국문: 채제공 관련 고문서 일괄 국가유산명_한자: 蔡濟恭 關聯 古文書 一括 국가유산종목: 시도유형문화유산 시도명: 경기 시군구명: 수원시 시대: NaN 내용: 정조시대의 대표적인 재상(宰相)으로서 초대 화성유수(華城留守)를 지낸 번암 채제공(蔡濟恭 1720~1799) 관련 고문서다 총 48종 60점으로 정조가 직접 작성하여 내려준 문서와 어찰(御札) 채제공이 화성유수와 장용외사(壯勇外使)를 지내며 받은 공문서 주변 인물과 주고받은 편지들이다 정조의 친필 편지 수원화성 축성을 감독하는 신하들에게 내린 윤음(綸音) 수원부의 무사들에게 활쏘기 시험을 시행한 후 시상자와 포상 내역을 기록한 무사시취방(武士試取榜) 등의 고문서 자료를 통해 정조의 국정 운영 모습을 살펴볼 수 있다 아울러 정조가 신임한 초대 화성유수 채제공의 실제 활동을 확인할 수 있어 정조의 사상과 조선후기 수원화성의 전반적인 이해를 위한 중요자료로 평가된다 소재지상세: 경기도 수원시 팔달구 창룡대로 21 (매향동 수원화성박물관)', 'score': 0.8051317930221558}, {'text_segment': '국가유산명_국문: 정조사 조심태어찰첩 국가유산명_한자: 正祖 賜 趙心泰 御札帖 국가유산종목: 시도유형문화유산 시도명: 경기 시군구명: 수원시 시대: NaN 내용: 정조가 수원부사 화성유수 장용대장을 역임한 조심태(趙心泰 1740∼1799)에게 보낸 어찰을 모은 첩이다 어찰은 모두 13통인데 2통은 2장의 종이에 나머지 11통은 1장의 종이에 썼다 조심태가 수원부사로 임명된 1789년부터 장용대장으로 활동하던 1798년 사이에 정조가 보낸 것으로 추정된다 수원을 중심으로 요동치던 당시의 정국 현황을 파악할 수 있는 매우 중요한 어찰첩이다 어찰 내용을 살펴보면 정조는 수원에 있던 조심태와 수시로 편지를 교환하면서 현지의 사정을 파악하고 그때그때 필요한 조치를 처리해 나갔으며 모종의 비밀 업무도 지시한 후 그 결과를 기다렸음을 알 수 있다 조심태는 정조와 서로 밀서를 주고받던 핵심 측근 관료였다 현재까지 알려진 조심태 관련 정조 어찰첩으로는 유일하다 조심태는 1768년(영조 44) 무과 급제하고 여러 무관직을 두루 거쳐 1789년 수원부사를 역임하였다 이때 현륭원(顯隆園)을 옮겨오는 일과 수원의 도시 기반 시설을 구축하는 일 등 어려운 임무를 차질 없이 처리하였다 이후 총융사 금위대장 어영대장 등을 지내다가 1794년 승격된 화성유수로 다시 제수되었고 수원화성 축성의 주요 직책을 겸하였다 정조가 번암 채제공과 함께 가장 총애하던 무반계 신하였다 소재지상세: 경기도 수원시 팔달구 창룡대로 21 (매향동 수원화성박물관)', 'score': 0.7913048212115024}, {'text_segment': '국가유산명_국문: 수원축만제 국가유산명_한자: 水原祝萬提 국가유산종목: 시도기념물 시도명: 경기 시군구명: 수원시 시대: NaN 내용: 수원시 팔달구 화서동에 있다 화성부 서쪽에 축조된 수리시설로 수원 화성의 서쪽에 있다 하여 서호(西湖)라고도 불린다 정조가 화성을 쌓으면서 1795년(정조 23)에 내탕금 3만냥을 들여 축조한 관개저수지다 축만제는 천년만년 만석의 생산을 축원한다는 뜻을 가지고 있다 제방 양쪽 끝에 두 개의 수문이 설치되어 있는데 이는 축만제에 가두어둔 물을 활용하기 위한 장치였다 국가적으로 중요한 제방이었으므로 제언 관리를 위하여 감관 1명 감고 1명이 배치되어 있었다 축만제 아래쪽에 설치한 축만제 둔전은 총 규모가 답 83석 15두 4승락에 달했다 정조는 즉위한 이후 농업기술과 농업환경 개선의 핵심은 수리시설이라고 파악했다 그리하여 화성을 축성하면서  주변에 만석거 만년제 축만제 등을 쌓았다 여러 제언이 축조된 후 물이 관리되자 버려졌던 땅들이 비옥한 전토로 바뀌었다 축만제는 조선후기 농업수리 역사에서 중요한 위치를 점하고 있다 소재지상세: 수원시 팔달구 화서동 436-1 외', 'score': 0.7565287603616957}, {'text_segment': '국가유산명_국문: 수원 화성 국가유산명_한자: 水原 華城 국가유산종목: 사적 시도명: 경기 시군구명: 수원시 시대: 조선 정조       20년(1796) 내용: 화성은 조선시대 화성유수부 시가지를 둘러싼 성곽이다 1789년(정조 13) 수원을 팔달산 동쪽 아래로 옮기고 1794년(정조 18) 축성을 시작해 1796년에 완성했다 전체 길이는 574㎞에 달한다 4개의 성문을 비롯해 망루의 일종인 공심돈(空心墩) 대포를 둔 포루(砲樓) 요충지에 세운 각루(角樓) 군사지휘소인 장대(將臺) 등을 두루 갖췄다 화성은 지형을 살려 쌓는 조선의 축성 전통을 따르면서도 새로운 방어시설을 도입한 성곽이다 실학자 정약용은 조선과 중국의 축성 방식을 총망라하여 성곽의 규모와 방어시설 재료를 계획했고 자재를 쉽게 들어 올리는 거중기와 튼튼한 수레 유형거를 발명하여 공사비용도 줄였다 축성의 모든 과정은 『화성성역의궤』라는 공사보고서에 꼼꼼하게 기록했다 건축도면과 축성기계의 그림 사용한 재료의 치수와 수량까지 수록되어 있어 현재까지도 『화성성역의궤』를 바탕으로 수리 보수가 이루어지고 있다 화성은 동서양의 기술교류를 보여주고 지형을 살린 우수한 군사건축물로 인정받아 1997년 유네스코 세계유산에 등재됐다 화성은 성곽뿐 아니라 18세기 말에 만들어진 성곽도시이자 계획 신도시라는 점에서도 큰 가치가 있다 서울과 삼남지방을 잇는 교통의 중심지에 자리 잡은 화성에는 경제적으로 부강한 도시를 만들고자 했던 정조의 뜻과 실학정신이 반영되어 있다 <br/><b>※(화성 → 수원 화성)으로 명칭변경 되었습니다 (20110728 고시) </b> 소재지상세: 경기 수원시 팔달구 장안동 1-2번지', 'score': 0.7444912253929421}, {'text_segment': '국가유산명_국문: 번암선생집 국가유산명_한자: 樊巖先生集 국가유산종목: 시도유형문화유산 시도명: 경기 시군구명: 수원시 시대: NaN 내용: 정조대 초대 화성유수를 지내고 영의정까지 오른 번암 채제공(蔡濟恭 1720~1799)의 시문집(詩文集) 초고본이다 채제공은 사도세자 추숭 현륭원 조성 수원읍치 이전 수원화성 성역 등 정조가 추진하는 주요 사업을 맡아 수행한 인물이다 1799년(정조 24) 1월에 채제공이 세상을 떠나자 그해 가을에 문인(門人)인 정약용(丁若鏞)과 이가환(李家煥) 등이 유고를 교정하였다 이듬해 정조가 채제공의 문집 편집과 간행에 큰 관심을 갖고 직접 범례(凡例)를 지어 주며 문집을 편집하는 기준으로 삼게 하였다 표지 안쪽 면에 『번암선생집(樊巖先生集)』 구본(舊本)을 정조가 정해 준 범례대로 다시 편집하고 3본을 베껴 서울 영남 충청도에 보내니 더 이상 내용을 바꾸지 말고 이 책을 기준으로 간행할 것을 당부하는 별지(別紙)가 붙어 있다 총 62권 30책 가운데 표지의 우측 상단에 ‘권수(卷首)’라고 표기된 제1책을 포함하여 27권 22책만 전한다 소재지상세: 경기도 수원시 팔달구 창룡대로 21 (매향동 수원화성박물관)', 'score': 0.7321411892592378}]",1796년
백제의 마지막 수도는 어디인가요?,"[{'text_segment': '국가유산명_국문: 예산 임존성 국가유산명_한자: 禮山 任存城 국가유산종목: 사적 시도명: 충남 시군구명: 예산군 시대: 삼국시대 내용: 백제 때 수도 경비의 외곽기지 역할을 한 성이다 봉수산(鳳首山)의 꼭대기에 있는 둘레 약 3㎞의 산성으로 백제가 고구려의 침입에 대비하여 쌓은 것으로 짐작된다 현재는 성문터와 성문 밑으로 개울물이 흐르게 하던 수구문 그리고 우물터 ·건물터가 남아있다 성벽의 바깥쪽은 돌을 다듬어 차곡차곡 쌓고 안쪽으로는 흙을 파서 도랑처럼 만들어 놓았다 또한 성의 네 모퉁이를 튼튼하게 하기 위해 다른 곳보다 약 2m정도 두껍게 쌓았다 백제가 멸망한 뒤에는 주류성과 더불어 백제 부흥군이 활동했던 곳으로 사비성을 되찾기 위한 부흥군의 마지막 근거지이다 이 성에서 흑치상지(黑齒常之)를 중심으로 백제의 부흥을 꾀하였으나 실패했다 또한 후삼국시대에는 고려 태조 왕건과 견훤이 이 곳에서 전투를 벌였다고도 전해지는 유서깊은 곳이다 <br/><b>※(대흥임존성 → 예산 임존성)으로 명칭변경 되었습니다(20110728 고시) </b> 소재지상세: 충남 예산군 대흥면 상중리 산8번지', 'score': 0.7506012916564941}, {'text_segment': '국가유산명_국문: 두릉산성(두릉이성) 국가유산명_한자: 豆陵山城(豆陵伊城) 국가유산종목: 문화유산자료 시도명: 충남 시군구명: 청양군 시대: NaN 내용: 청양군 정선면 계봉산에 있는 이 산성은 두릉윤성 또는 계봉산성이라고 한다 『동국여지승람』에 계봉산성은 돌로 쌓은 성으로 성의 둘레가 1200척이라고 기록되어 있다 백곡리 백실부락 뒷쪽에 높게 솟은 2개의 산봉우리 정상에 약 540m에 이르는 성벽이 자연 지형을 따라 둘러쌓여 있다 이 산성은 백제의 수도 사비성 북방에 있어 국토 방위에 중요한 역할을 한 산성으로 백제 멸망 후 그 유민들의 부흥운동 근거지가 되기도 하였다 소재지상세: 충남 청양군 정산면 백곡리 산18번지', 'score': 0.7216160724166175}, {'text_segment': '국가유산명_국문: 신안도창리고분 국가유산명_한자: 新安道昌里古墳 국가유산종목: 시도기념물 시도명: 전남 시군구명: 신안군 시대:  내용: 전라남도 신안군 도창리 마을 독서회관을 세우다가 발견된 널방(현실)과 널길(연도)이 있는 백제의 돌방무덤(석실분)이다 천장은 커다란 판돌로 벽면을 세우고 그 위에 괴임돌을 얻어 천장의 공간을 좁게 한 후 천장돌을 덮은 꺾임천정이다 이러한 형식은 백제가 부여로 수도를 옮긴 후인 7세기 중엽부터 백제 존속기간까지 지배계급의 무덤 형식으로 쓰였다 신안 도창리무덤은 전남지방에서는 유일하게 발견된 것으로 이 지역 백제무덤 연구에 중요한 자료가 되고 있다 소재지상세: 전남 신안군 장산면 도창리 산93-4번지', 'score': 0.7169114721049477}, {'text_segment': '국가유산명_국문: 부여 증산성 국가유산명_한자: 扶餘 甑山城 국가유산종목: 사적 시도명: 충남 시군구명: 부여군 시대: NaN 내용: 흰 돌을 사용하여 쌓은 성이 마치 시루를 올려놓고 시루테를 바른 듯 하다고 하여 시루메산성이라고도 부르는 백제 산성이다 성왕 16년(538) 수도를 사비로 옮기고 나서 수도를 보호하기 위해 쌓은 것으로 추정된다 둘레는 약 600m이고 높이는 2∼3m 정도이다 일부 무너진 곳이 있지만 성의 남쪽부분은 비교적 잘 남아 있고 특히 서쪽·남쪽·북쪽에 각각 문이 있던 흔적이 남아있다 성벽은 자연 지세를 이용하여 쌓았다 성 안에는 백제토기와 기와조각이 많이 남아 있으며 동쪽에는 우물터가 있다 은산면에 있는 이중산성 서쪽의 옥녀봉산성과 서로 바라 보면서 연결 되어있다 신라 문무왕 12년(672) 정월에 백제 고성성을 쳐서 이겼다는 기록이 있어 고성성이라는 이름으로 불린 것으로 추정하는 학설도 있다 백제 부흥운동군의 한 거점으로도 여겨지는 중요한 산성이다 ※(증산성 → 부여 증산성)으로 명칭변경 되었습니다(20110728 고시)  소재지상세: 충남 부여군 규암면 신성리 산86번지', 'score': 0.675395125996525}, {'text_segment': '국가유산명_국문: 계백장군유적전승지 국가유산명_한자: 階伯將軍遺蹟傳承地 국가유산종목: 시도기념물 시도명: 충남 시군구명: 논산시 시대: NaN 내용: 성충(成忠) 흥수(興首)와 더불어 백제의 3충신으로 꼽히는 백제 말기의 명장 계백 장군의 무덤으로 추정되는 곳이다 계백 장군은 의자왕 20년(660)에 나·당 연합군이 백제의 요충지인 탄현과 백강으로 진격해오자 5천여명의 결사대를 이끌고 황산벌에서 신라 김유신의 5만 대군에 맞서 싸웠다 전장에 나가기 전에는 가족들이 적의 노비가 되는 부끄러움을 면하기 위해 스스로 부인과 자식을 죽이고 떠났다고 한다 죽음을 각오한 결사대의 용맹스러운 활약으로 4번의 싸움에서 이겼으나 수적인 열세로 말미암아 마침내 장렬한 최후를 맞았다 이곳을 계백 장군의 무덤으로 간주하는 이유는 옛 문헌에서 계백의 목이 잘렸다고 전하는 ‘수락산’과 계백의 시신을 급히 거두어 가매장했다는 ‘가장곡’이 바로 이곳이라는 점과 계백 장군의 위패를 모신 충곡서원이 바로 뒷편에 있다는 점이다 또한 무덤지역의 동남쪽이 백제와 신라의 마지막 격전지였던 황산벌이라는 점도 있다 원래 무덤 일원은 돌덧널(석곽)이 노출된 채 방치되어 있었는데 1970년대 후반에 보수공사를 거쳐 현재의 모습을 갖추었다 소재지상세: 충남 논산시 부적면 신풍리 산4번지 외 27필', 'score': 0.6547725403321878}]",사비성
광개토대왕비는 누구의 업적을 기리기 위해 세워졌나요?,"[{'text_segment': '국가유산명_국문: 권태사신도비 국가유산명_한자: 權太師神道碑 국가유산종목: 문화유산자료 시도명: 경북 시군구명: 안동시 시대: NaN 내용: 신도비란 왕이나 고관 등의 평생업적을 기리어 그의 묘 남동쪽에 세워두는 것으로 이 비는 안동 권씨의 시조(始祖)인 태사 권행(權幸)을 기리고 있다 비는 받침돌 위로 비몸을 세우고 머릿돌을 올린 모습으로 조선 현종 2년(1621) 권행의 24세손인 군수 권성원이 세웠다 비문은 이후 우의정을 지내기도 한 허목선생의 글씨로 새겼다 1971년에 비각을 세워 비를 보호하고 있다 소재지상세: 경북 안동시 서후면 권태사길 87 (성곡리)', 'score': 0.7132092443493777}, {'text_segment': '국가유산명_국문: 산청 권도 신도비 국가유산명_한자: 山淸 權濤 神道碑 국가유산종목: 문화유산자료 시도명: 경남 시군구명: 산청군 시대: 1816년(순조 16년) 내용: 신도비(神道碑)는 왕이나 공신 고관 또는 이름난 학자의 생애와 업적을 기록하여 무덤 남동쪽 길가에 세운 비석이다 산청 권도 신도비는 1816년에 조선 중기 문신인 동계 권도의 업적을 기리기 위해 세웠으며 비석의 글은 조선 후기 영‧정조 시대 정승을 지낸 채제공이 지었다 신도비는 높이 약 33m로 담장이 둘러진 비각 안에 보관되어 있으며 비석은 보존상태가 매우 좋고 비석에 새겨진 글자 또한 선명하게 남아있다 비의 주인인 권도와 글을 쓴 채제공은 당시 학문적·정치적으로 뛰어난 인물들로 권도 신도비는 유학사적으로 큰 의미를 가지고 있는 비석이다 소재지상세: 경상남도 산청군 신등가회로85번길 8-10 (신등면)', 'score': 0.7016415039430866}, {'text_segment': '국가유산명_국문: 조순 장군비 국가유산명_한자: 趙純 將軍碑 국가유산종목: 문화유산자료 시도명: 경남 시군구명: 함안군 시대: NaN 내용: 함안천 동쪽 언덕 위에 자리하고 있는 비로 조순  장군의 지조를 기리고 있다 조순은 요동을 정벌할 때 좌중군을 맡아 출정하였으며 위화도에 이르러 이성계가 회군하려 하자 이를 적극 반대하며 벼슬을 버리고 고향으로 돌아가 나오지 않았다 이성계가 왕위에 오른 후 그를 여러번 불렀으나 끝내 나아가지 않았고 그가 죽은 후 왕이 그의 집 앞에 비를 세우도록 하여 누구든 이 비를 지나갈 때에는 말에서 내릴 것을 명하였다 비는 납작한 받침돌 위로 비몸을 세운 모습으로 비의 윗변을 둥글게 다듬었다 훗날 집 앞에 부서져 있던 것을 이곳으로 옮겨 보존하고 있다 소재지상세: 경남 함안군 가야읍 검암리 586-1번지', 'score': 0.6921365486342171}, {'text_segment': '국가유산명_국문: 김임신도비 국가유산명_한자: 金임神道碑 국가유산종목: 문화유산자료 시도명: 충남 시군구명: 논산시 시대: NaN 내용: 신도비란 조선시대에 왕이나 고관 등의 평생업적을 비석에 새겨 그의 묘 남동쪽에 세워두던 것으로 이 비는 판서공 김임 선생의 행적을 기리고 있다 거북받침돌 위로 비몸을 세우고 머릿돌을 올린 모습을 하고 있으며 거북의 등에는 무늬가 조각되어 있다 비문은 앞면에 김임의 인품에 대해 적어놓았고 뒷면에는 독특하게도 고령 김씨의 족보를 새겨놓아 눈길을 끌고 있다 소재지상세: 충남 논산시 노성면 호암리 산5번지', 'score': 0.6656157317996471}, {'text_segment': '국가유산명_국문: 함양 양희 신도비 국가유산명_한자: NaN 국가유산종목: 문화유산자료 시도명: 경남 시군구명: 함양군 시대: NaN 내용: 신도비는 임금이나 고관 등의 평생업적을 기록하여 그의 묘 남동쪽에 세우는 비로서 구졸암 신도비는 조선시대 학자인 양희선생을 기리는 비로 양씨문중에서 비각을 세워 관리하고 있으며 비각 뒤쪽으로는 대고대가 있는데 구졸선생의 유적지이다 구졸암 양희 선생은 1515년 함양군 수동면 우명리 효리마을에서 태어났으며 일로당 양관 선생의 손자이다 1540년 사마시에 장원급제 명종 원년(1546) 문과에 급제하여 파주목사 사간 의주목사 승지를 거쳐 1568년(선조)에 춘추관 편수관을 겸직하여 “명종실록”의 편찬에 참여하였고 명나라 사신으로 다녀오는 길에 1580년 중국 옥하관에서 운명 하셨다 구졸선생은 청백리 집안의 후예로서 가풍을 잘 이어 부모에게 효도하고 나라에는 충신이며 학식과 덕망을 갖춘 청빈한 학자로서 후대 사람들이 천령(함양)삼걸이라 불렀다 특히 구졸선생은 스스로 아홉가지나 옹졸한 사람이라 채찍질 하는 겸손함을 보였으며 항상 자신의 학문이 모자란다는 생각으로 평생을 공부하려는 선생의 숭고한 정신을 기리고 후손들에게 교훈으로 삼고자 이조판서와 대제학을 지낸 이덕수가 비문을 지어 본 신도비를 1858년에 건립하였다 소재지상세: 경상남도 함양군 지곡면 도촌리 214', 'score': 0.6621973920377929}]",고구려의 광개토대왕
장군총은 어느 나라의 대표적인 무덤인가요?,"[{'text_segment': '국가유산명_국문: 서울 석촌동 고분군 국가유산명_한자: 서울 石村洞 古墳群 국가유산종목: 사적 시도명: 서울 시군구명: 송파구 시대: 백제시대 초기 내용: 석촌동 무덤들은 백제 초기에 만들어진 무덤으로서 일제시대 때 처음 조사되었다 1호 2호 무덤은 주민들이 농사짓는 땅으로 이용해서 내부구조와 유물은 정확히 알 수 없었으며 3호 무덤은 기원전·후부터 나타나는 고구려 무덤 형식인 기단식돌무지무덤(기단식적석총)이다 무덤은 높은 지형을 평평하게 하고 밑 테두리에는 매우 크고 긴 돌을 두르고 자연석으로 층단을 이루면서 쌓아올려 3단으로 되었는데 옛 고구려 지역인 만주 통구에 있는 장군총보다 큰 것임이 밝혀졌다 5호 무덤은 조사가 완전하게 되지 않아 구조와 유물에 대해서는 확실히 알 수 없으며 무덤 주변에는 무덤을 두르고 있는 돌을 2단으로 쌓았다 내부구조에 대해서 확실히 알 수는 없고 이 지역 지배계층의 무덤으로서 주변에 만들어진 무덤의 주인보다는 낮은 계층의 사람들 같고 독무덤(옹관묘)이나 작은 돌방무덤(석실묘)에 묻힌 사람들 보다는 조금 높은 신분계층의 사람들의 무덤으로 볼 수 있다 이 무덤들은 가락동·방이동 무덤과 함께 초기 백제의 문화와 역사를 알려주는 중요한 자료이다 ※&#39;석촌동백제초기적석총&#39;은 &#39;서울 석촌동 고분군&#39;으로 명칭변경 되었습니다 (20110728 고시)  소재지상세: 서울 송파구 석촌동 61-6번지', 'score': 0.6795742809772491}, {'text_segment': '국가유산명_국문: 주암댐지석묘군 국가유산명_한자: 住岩댐支石墓群 국가유산종목: 문화유산자료 시도명: 전남 시군구명: 순천시 시대: NaN 내용: 지석묘는 청동기시대의 대표적인 무덤으로 고인돌이라고도 부르며 주로 경제력이 있거나 정치권력을 가진 지배층의 무덤으로 알려져 있다 우리나라의 고인돌은 4개의 받침돌을 세워 돌방을 만들고 그 위에 거대하고 평평한 덮개돌을 올려 놓은 탁자식과 땅속에 돌방을 만들고 작은 받침을 세운 뒤 그 위에 덮개돌을 올린 바둑판식으로 구분된다 전라남도 지방은 전국에서 고인돌이 가장 많이 분포하는 지역으로 지금까지 발견된 것만 해도 약 2만여 기가 넘는다 순천에 있는 이 고인돌군은 1986∼1987년 주암댐 수몰지구에서 발굴조사된 것 가운데 상태가 양호한 고인돌을 송광 고인돌 공원으로 이전하여 복원한 것이다 이들 고인돌 중 송광면 우산리 내우에서 옮겨온 50여 기의 고인돌이 가장 대표적이며 이곳에서는 비파형동검·간돌칼·돌화살촉·홈자귀 등 많은 유물이 출토되었다 이곳 공원에는 현재 약 140여 기의 고인돌이 전시되어 있으며 우리나라의 대표적인 고인돌 학습장으로 각광받고 있다 소재지상세: 전남 순천시 송광면 우산리 476번지 외', 'score': 0.6642040949553123}, {'text_segment': '국가유산명_국문: 고흥과역리민등지석묘군 국가유산명_한자: 高興過驛里珉燈支石墓群 국가유산종목: 시도기념물 시도명: 전남 시군구명: 고흥군 시대: 선사시대 내용: 지석묘는 청동기시대의 대표적인 무덤으로 고인돌이라고도 부르며 주로 경제력이 있거나 정치권력을 가진 지배층의 무덤으로 알려져 있다 우리나라의 고인돌은 4개의 받침돌을 세워 돌방을 만들고 그 위에 거대하고 평평한 덮개돌을 올려 놓은 탁자식과 땅 속에 돌방을 만들고 작은 받침돌을 세운 뒤 그 위에 덮개돌을 세운 바둑판식으로 구분된다 전라남도 고흥군 과역리에 있는 이 고인돌은 바둑판식으로 한 곳에 50여 기 이상이 무리지어 있다 가장 큰 덮개돌의 길이 4∼5m이고 너비는 25∼3m이며 작은 덮개돌의 길이는 06∼15m이다 돌화살촉 돌검 비파형동검 등의 무기류와 붉은 간토기 장식옥 등이 출토되었고 무덤 주위에서는 생활용구와 공구류 같은 석기와 토기조각들이 다수 발견되었다 우리나라에서 몇 안되는 대표적인 고인돌군으로 대형 고인돌을 중심으로 무리지어 있어 청동기시대 고인돌 사회를 연구하는데 귀중한 자료가 되고 있다 소재지상세: 전남 고흥군 과역면 과역리 산37번지', 'score': 0.6318201213855597}, {'text_segment': '국가유산명_국문: 화순벽송리지석묘군 국가유산명_한자: 和順碧松里支石墓群 국가유산종목: 시도기념물 시도명: 전남 시군구명: 화순군 시대: NaN 내용: 지석묘는 청동기시대의 대표적인 무덤으로 고인돌이라고도 부르며 주로 경제력이 있거나 정치권력을 가진 지배층의 무덤으로 알려져 있다 우리나라의 고인돌은 4개의 받침돌을 세워 돌방을 만들고 그 위에 거대하고 평평한 덮개돌을 올려 놓은 탁자식과 땅속에 돌방을 만들고 작은 받침돌을 세운 뒤 그 위에 덮개돌을 올린 바둑판식으로 구분된다 전라남도 화순군 벽송리의 고인돌군은 보성강 상류 사평천의 평지에 분포하고 있는데 하천을 따라 동서로 길게 열을 지어 20여 기의 바둑판식 고인돌이 있다 규모는 2∼3m 정도의 것이 대부분이고 3m를 넘는 것도 3기나 있다 이 중 가장 큰 것은 받침돌이 4개인 전형적인 바둑판식으로 길이는 34m 너비 32m이며 무리 중심부에 있는 대표적인 고인돌이다 이런 고인돌은 무덤의 기능보다는 집단의 기념물이나 위력을 과시하는 상징적 의미가 크다 이곳의 고인돌 중 ‘배바우’라고 부르는 것이 있는데 길이 25m 너비 19m의 덮개돌 아래 잘 다듬은 장대석 4매(원래 6매)로 무덤방을 만든 것으로 보인다 보성강 상류에 있는 벽송리 고인돌은 영산강 상류에 분포한 고인돌과 서로 비교할 수 있는 중요한 유적이다 소재지상세: 전남 화순군 남면 벽송리 200번지', 'score': 0.6071801047041911}, {'text_segment': '국가유산명_국문: 신안흑산진리지석묘군 국가유산명_한자: 新安黑山鎭里支石墓群 국가유산종목: 문화유산자료 시도명: 전남 시군구명: 신안군 시대: NaN 내용: 지석묘는 청동기시대의 대표적인 무덤으로 고인돌이라고도 부르며 주로 경제력이 있거나 정치권력을 가진 지배층의 무덤으로 알려져 있다 우리나라의 고인돌은 4개의 받침돌을 세워 돌방을 만들고 그 위에 거대하고 평평한 덮개돌을 올려 놓은 탁자식과 땅속에 돌방을 만들고 작은 받침돌을 세운 뒤 그 위에 덮개돌을 올린 바둑판식으로 구분된다 전라남도 지방은 전국에서 고인돌이 가장 많이 분포하는 지역으로 지금까지 발견된 것만 해도 약 2만여기가 넘는다 흑산진리 고인돌군은 흑산초등학교에서 약 100m 떨어진 구릉 위에 있는데 가장 큰 것은 길이 225m 너비 157m이고 6기의 고인돌 중 3기에서는 덮개돌을 지탱하고 있는 작은 받침돌이 확인되었다 발굴조사를 통해 흑갈색 민무늬토기와 회갈색 토기조각이 발견되었는데 이것은 인근에서 조사된 선사시대의 조개더미와 더불어 신석기∼청동기시대에 사람들이 거주하였음을 알려주는 자료가 된다 육지에서 멀리 떨어진 섬 지역에서 고인돌이 발견되었다는 점에서 우리나라 고인돌의 전파과정을 이해하는데 중요한 자료가 되고 있다 소재지상세: 전남 신안군 흑산면 진리 102-2번지', 'score': 0.6049377017848958}]",고구려
경복궁의 정문은 무엇인가요?,"[{'text_segment': '국가유산명_국문: 제주 구 육군 제1훈련소 지휘소와 정문 국가유산명_한자: 濟州 舊 陸軍第一訓練所 指揮所와 正門 국가유산종목: 국가등록문화유산 시도명: 제주 시군구명: 서귀포시 시대: 일제강점기 내용: ㅇ제주 구 육군 제1훈련소 지휘소 : 이 건물은 일제 강점기 당시 일본군이 건립했으나 광복 후 제주도에 창설된 우리나라 육군 제1훈련소의 지휘부로 사용되었다 외부의 대칭적 모습과는 달리 내부는 비대칭적으로 공간의 성격과 기능에 맞추어 공간을 구획하였고 공중 화장실과 같은 공간을 내부에 설치한 것은 당시로서는 보기 드문 형태이다 한국전쟁 당시 많은 장병들을 훈련시켜 적을 방어하는데 크게 기여하였으며 한국전쟁의 대표적 상징물로서 그 의미가 크다\r\nㅇ 제주 구 육군 제1훈련소 정문 : &#39;제주 구 육군 제1훈련소 정문&#39;은 6·25전쟁 당시 제주도에 설립한 육군 제1훈련소(강병대)의 정문 기둥으로 이미 등록된 제주 구 육군 제1훈련소 지휘소와 함께 6·25전쟁 관련 유산으로서의 역사적 상징성이 있으며 훈련소가 위치한 북쪽과 부대시설인 교회 병원 등이 위치한 남쪽의 경계가 되어 훈련소의 외부와 내부를 구분해주는 장소적 의미가 있다 기둥 축조에 사용된 제주 현무암과 조개껍질 등의 건축 재료는 지역적 특성 또한 잘 나타내고 있다 아울러 「제주 구 육군 제1훈련소 정문」은 기존에 등록된 「제주 구 육군 제1훈련소 지휘소」와 함께 연계하여 「제주 구 육군 제1훈련소 지휘소와 정문」으로 등록한다 소재지상세: 제주 서귀포시 대정읍 상모리 3370번지 외', 'score': 0.6981652983193132}, {'text_segment': '국가유산명_국문: 경복궁 근정전 국가유산명_한자: 景福宮 勤政殿 국가유산종목: 국보 시도명: 서울 시군구명: 종로구 시대: 조선 고종 4년(1867) 내용: 경복궁 근정전은 조선시대 법궁인 경복궁의 중심 건물로 신하들이 임금에게 새해 인사를 드리거나 국가의식을 거행하고 외국 사신을 맞이하던 곳이다 태조 4년(1395)에 지었으며 정종과 세종을 비롯한 조선 전기의 여러 왕들이 이곳에서 즉위식을 하기도 하였다 ‘근정’이란 이름은 천하의 일은 부지런하면 잘 다스려진다는 의미를 담고 있는 것으로 정도전이 지었다 지금 있는 건물은 임진왜란 때 불탄 것을 고종 4년(1867) 다시 지은 것이다 앞면 5칸·옆면 5칸 크기의 2층 건물로 지붕은 옆면에서 볼 때 여덟 팔(八)자 모양인 팔작지붕이다 지붕 처마를 받치기 위해 장식하여 짜여진 구조가 기둥 위뿐만 아니라 기둥 사이에도 있는 다포식 건물이며 그 형태가 화려한 모습을 띠고 있다 건물의 기단인 월대의 귀퉁이나 계단 주위 난간기둥에 훌륭한 솜씨로 12지신상을 비롯한 동물상들을 조각해 놓았다 건물 내부는 아래·위가 트인 통층으로 뒷편 가운데에 임금의 자리인 어좌가 있다 어좌 뒤에는 ‘일월오악도’병풍을 놓았고 위는 화려한 장식으로 꾸몄다 근정전에서 근정문에 이르는 길 좌우에는 문무백관들의 지위를 표시하는 품계석이 차례로 놓여 있으며 햇빛을 가릴 때 사용하였던 차일 고리가 앞마당에 남아 있다 근정문 주변으로는 행각(行閣)이 연결되어 근정전을 둘러싸고 있다 근정전은 조선 중기 이후 세련미를 잃어가던 수법을 가다듬어 완성시킨 왕궁의 위엄을 갖춘 웅장한 궁궐건축이다 소재지상세: 서울특별시 종로구 사직로 161 (세종로 경복궁)', 'score': 0.6927302181720734}, {'text_segment': '국가유산명_국문: 경복궁 근정문 및 행각 국가유산명_한자: 景福宮 勤政門 및 行閣 국가유산종목: 보물 시도명: 서울 시군구명: 종로구 시대: 조선시대 내용: 근정문은 경복궁의 중심 건물인 근정전의 남문으로 좌우에 행각이 둘러싸고 있다 조선시대 태조 4년(1395) 경복궁을 세울 때 함께 지었으나 임진왜란으로 불에 타 버렸다 지금 있는 건물은 고종 4년(1867) 경복궁을 다시 지으면서 새로 만든 것이다 근정문은 앞면 3칸·옆면 2칸의 2층 건물로 지붕은 앞면에서 볼 때 사다리꼴을 한 우진각지붕이다 지붕 처마를 받치기 위해 장식하여 만든 공포는 기둥 위뿐만 아니라 기둥 사이에도 있다 이를 다포 양식이라 하며 밖으로 뻗쳐 나온 부재들의 형태가 날카롭고 곡선을 크게 그리고 있어 조선 후기의 일반적인 수법을 나타내고 있다 행각은 근정전의 둘레를 직사각형으로 둘러 감싸고 있는데 양식과 구조는 간결하게 짜여 있으며 남행각이 연결되는 곳에 일화문(日華門)과 월화문(月華門)이 있고 북측으로는 사정문(思政門)이 있어서 사정전과 연결된다 동·서쪽으로는 각각 밖으로 돌출한 융문루(隆文樓)·융무루(隆武樓)가 있다 벽에 만든 창의 형태는 사각형의 모서리를 사선으로 처리한 것이 특이하다 근정문은 현존하는 조선시대 궁궐 정전의 남문 중 유일하게 2층 건물로 지어져서 법궁의 위엄에 맞게 조성되었으며 궁궐건축 연구에 귀중한 자료가 되고 있다 소재지상세: 서울특별시 종로구 사직로 161 (세종로 경복궁)', 'score': 0.6917489877211702}, {'text_segment': '국가유산명_국문: 백악춘효 국가유산명_한자: 白岳春曉 국가유산종목: 국가등록문화유산 시도명: 서울 시군구명: 용산구 시대: 1915년 내용: <백악춘효>는 심전 안중식(安中植1861～1919)이 1915년에 백악과 경복궁의 실경을 그린 작품으로 여름본과 가을본 두 점이 전해진다 두 작품 모두 근경(나무와 해태상) 중경(광화문과 경복궁 전각들) 원경(백악산과 북한산 자락)이 명확하게 구분되며 원경에 해당하는 백악산과 북한산 줄기가 그림의 절반에 해당하는 공간을 차지하고 있다 여름본의 경우 광화문의 중심축이 백악산의 정상을 지나고 경복궁 전각들이 웅대하게 재현됨 여름본에는 ‘白岳春曉’(백악춘효) ‘乙卯夏日心田寫’(을묘하일심전사) 가을본에는 ‘白岳春曉’\r\n(백악춘효) ‘乙卯秋日心田安中植’(을묘추일심전안중식)이라는 묵서와 낙관이 있다 <백악춘효>는 조선왕조 말기 대표적인 화가이면서 이상범 노수현 변관식 등 근대 산수화가들을 길러낸 안중식의 실경산수로서 봉건적 요소와 서구적 안목이 작용한 보기 드문 작품으로 역사적·예술적 가치가 있다 소재지상세: 서울특별시 용산구 서빙고로 135-', 'score': 0.6803243109385666}, {'text_segment': '국가유산명_국문: 경복궁 국가유산명_한자: 景福宮 국가유산종목: 사적 시도명: 서울 시군구명: 종로구 시대: 조선 태조 4년(1395) 내용: 조선시대 궁궐 중 가장 중심이 되는 왕조 제일의 법궁(法宮 임금이 사는 궁궐)으로 태조 4년(1395)에 한양으로 수도를 옮긴 후 처음으로 세운 궁궐이다 궁궐의 이름은 정도전이 『시경』에 나오는 “이미 술에 취하고 이미 덕에 배부르니 군자만년 그대의 큰 복을 도우리라”에서 큰 복을 빈다는 뜻의 ‘경복(景福)’이라는 두 글자를 따서 지은 것이다 1412년 태종은 경복궁의 연못을 크게 넓히고 섬 위에 경회루를 만들었다 이 곳에서 임금과 신하가 모여 잔치를 하거나 외국에서 오는 사신들에게 연회를 베풀었다 태종의 뒤를 이은 세종은 주로 경복궁에서 지냈는데 경회루 남측의 궐내각사 권역에 집현전을 짓고 학자들을 가까이 하였다 또한 경회루의 남쪽에는 시각을 알려주는 보루각을 세웠으며 궁궐의 서북쪽 모퉁이에는 천문 관측시설인 간의대를 마련해 두었다 또한 흠경각을 짓고 그 안에 시각과 4계절을 나타내는 옥루기륜을 설치하기도 하였다 경복궁은 임진왜란(1592)으로 인해 창덕궁·창경궁과 함께 모두 불에 탄 것을 1867년에 흥선대원군이 다시 세웠다 그러나 1895년 궁궐 안에서 명성황후 시해 사건이 벌어지고 고종은 러시아 공관으로 거처를 옮기면서 경복궁은 주인을 잃은 빈 궁궐이 되었다 1910년 한일강제병합으로 국권을 잃게 되자 일본인들은 건물을 헐고 근정전 앞에 조선총독부 청사를 짓는 등 궁궐의 대부분을 훼손함에 따라 점차 궁궐의 제 모습을 잃게 되었다 일제강점기 이후 궁궐 안에 남아있던 주요건물은 근정문·근정전·사정전·천추전·수정전·자경전·경회루·제수각·함화당·집경당·향원정·집옥재·협길당 등이 있다 중국에서 고대부터 전해 오던 도성(都城) 건물배치의 기본형식을 지킨 궁궐로서 궁궐의 왼쪽(동쪽)에는 역대 왕들과 왕비의 신위를 모신 종묘가 있으며 오른쪽(서쪽)에는 토지와 곡식의 신에게 제사를 지내는 사직단이 자리잡고 있다 건물들의 배치는 국가의 큰 행사를 치르거나 왕이 신하들의 조례를 받는 근정전과 왕이 일반 집무를 보는 사정전을 비롯한 정전과 편전 등이 앞부분에 있으며 뒷부분에는 왕과 왕비의 거처인 침전과 휴식공간인 후원이 자리잡고 있다 이는 전조후침(前朝後寢)의 제도인데 이러한 형식은 경복궁이 조선의 법궁으로서 특히 엄격한 규범을 나타내고자 했던 것으로 풀이된다 비록 궁궐 안 대부분의 건물들이 없어지기는 하였지만 정전·누각 등의 주요 건물들이 남아있고 처음 지어진 자리를 지키고 있어서 조선의 법궁의 모습을 확인할 수 있는 중요한 유적지이다 소재지상세: 서울특별시 종로구 사직로 161 (세종로 경복궁)', 'score': 0.6633739111285546}]",광화문
성덕대왕신종의 다른 이름은 무엇인가요?,"[{'text_segment': '국가유산명_국문: 성덕대왕신종 국가유산명_한자: 聖德大王神鍾 국가유산종목: 국보 시도명: 경북 시군구명: 경주시 시대: 통일신라 혜공왕 7년(771) 내용: 우리나라에 남아있는 가장 큰 종으로 상원사 동종(국보) 청주 운천동 출토 동종(보물)과 더불어 우리나라에 남아있는 완전한 형태의 통일신라시대 범종 3구 중 하나이다 높이 366m 입지름 227m 두께 11∼25㎝이며 무게는 1997년 국립경주박물관에서 정밀측정한 결과 189톤으로 확인되었다 신라 경덕왕이 아버지인 성덕왕의 공덕을 널리 알리기 위해 종을 만들려 했으나 뜻을 이루지 못하고 그 뒤를 이어 혜공왕이 771년에 완성하여 성덕대왕신종이라고 불렀다 이 종은 처음에 봉덕사에 달았다고 해서 봉덕사종이라고도 하며 아기를 시주하여 넣었다는 설화로 인해 에밀레종이라고도 불리운다 종의 맨 위에는 소리의 울림을 도와주는 음통(音筒)이 있는데 이것은 우리나라 동종에서만 찾아볼 수 있는 독특한 구조이다 종을 매다는 고리 역할을 하는 용뉴는 용머리 모양으로 조각되어 있다 종 몸체에는 상하에 넓은 띠를 둘러 그 안에 꽃무늬를 새겨 넣었고 종의 어깨 밑으로는 4곳에 연꽃 모양으로 돌출된 9개의 연꽃봉우리를 사각형의 연곽(蓮廓)이 둘러싸고 있다 유곽 아래로 2쌍의 비천상이 있고 그 사이에는 종을 치는 부분인 당좌가 연꽃 모양으로 마련되어 있으며 몸체 앞뒷면 두곳에는 종에 대한 내력이 새겨져 있다 특히 종 입구 부분이 꽃모양으로 굴곡진 특이한 형태를 하고 있어 이 종의 특징이 되고있다 통일신라 예술이 각 분야에 걸쳐 전성기를 이룰 때 만들어진 종으로 화려한 문양과 조각수법은 시대를 대표할 만하다 또한 몸통에 남아있는 1000여자의 명문은 문장뿐 아니라 당시의 종교와 사상을 살펴 볼 수 있는 귀중한 금석문 자료로 평가된다 소재지상세: 경북 경주시 일정로 186 국립경주박물관 (인왕동국립경주박물관)', 'score': 0.5522005446255207}, {'text_segment': '국가유산명_국문: 평안도 배뱅이굿 국가유산명_한자: NaN 국가유산종목: 이북5도 무형유산 시도명: 평안남도 시군구명: 전역 시대: NaN 내용: ‘배뱅이굿’은 기존의 신분질서와 사회적 통념의 가치에 대하여 부정하고 반문하며 그 안에서 자연스러운 웃음을 담아내는 서도의 재담소리이다 사회가 금기시했던 것들은 자연스러움을 거스르고 있다 하지만 ‘배뱅이굿’은 기존 질서와 다른 변화된 사회의식을 싹트게 하고 있다 기존 사회의 가치와 질서를 파괴하고 있지만 그 순간의 상황이 불편하게 다가오는 것이 아니라 자연스럽게 해학적으로 받아들여지게 된다 ‘배뱅이굿’은 서도지방에 전해 내려오는 판소리 형태의 재담소리이다 청중이 모인 소리판에서 소리광대가 고수의 장구 반주에 맞춰서 연행하는 1인 창극이며 서사적인 소재의 배뱅이 이야기를 소리와 아니리 그리고 발림을 섞어가며 공연하기 때문에 남도지역의 판소리와 비교되는 서도지역의 재담소리이다 판소리와 공연형태가 비슷하지만 판소리는 남도 육자배기토리의 선율을 북 반주에 맞추어 실연하지만 ‘배뱅이굿’은 서도 수심가토리의 선율을 장구 반주에 맞추어 실연한다 ‘배뱅이굿’은 수심가토리인 산염불과 평양 다리굿에서의 사령굿 즉 기밀이 주를 이루고 있으며 그 외에도 다양한 무가들을 구사할 뿐만 아니라 발림과 재담도 함께 연기하고 행해진다 특히 평안도 지역의 ‘배뱅이굿’은 평안도 방언이 짙게 깔려있어 향토색이 짙게 묻어나오며 사령굿에서 기밀은 평안도 지역민들의 애환이 잘 표현되어 구슬프고 애잔한 느낌을 준다 이은관제 ‘배뱅이굿’은 기존의 ‘배뱅이굿’과 같이 전체적으로 무가와 산염불조가 중심이 된다 수심가토리 이외에도 메나리토리의 장타령 엮음 아라리 등이 삽입된다 특히 이은관의 ‘배뱅이굿’은 같은 평안도 ‘배뱅이굿’이라 해도 김종조 최순경 김주호 등이 부르는 ‘배뱅이굿’에는 없는 상좌중과 배뱅이 사랑 대목이 전승되고 있으며 황해도 전승 ‘배뱅이굿’에는 거의 보이지 않는 배뱅이 죽음 대목을 가지고 있다는 점에서 매우 탄탄하고 완성도 높은 재담소리라는 평가를 받고 있다 소재지상세: NaN', 'score': 0.5}, {'text_segment': '국가유산명_국문: 평안도 향두계놀이 국가유산명_한자: NaN 국가유산종목: 이북5도 무형유산 시도명: 평안남도 시군구명: 전역 시대: NaN 내용: 예부터 우리 민족이 더불어 살기 위한 다양한 풍습 중 하나가 두레(계)인데 지방마다 조금씩 다른 이름이나 다른 방식으로 이어져 왔다 ‘항두계’는 평안도 함경도 일대에 있어온 농사를 위한 공동생활조직이다 ‘향두’라는 말의 어원은 ‘향도’(鄕徒)에서 비롯되었다는 것이 일반적인 학설이다 ‘평안도 항두계놀이’는 농사일에 마을 사람들과 함께 모여 사연들을 노래로 표현하는 연희극이다 ‘평안도 향두계 놀이’는 오랜 동안 사람들의 입에서 입으로 구전심수(口傳心授)되어 내려온 민족전통의 연희이다 연회 중에 향두꾼들이 부르는 호미소리는 향두꾼들의 봉건의식도  반영되어 있으나 농민들의 염원 상층계층에 대한 풍자도 담겨져 있어 과거 봉건사회의 사회상을 엿볼 수 있는 대목이다 ‘평안도 항두계놀이’는 전통 춤과 긴아리 자진아리 호미타령 등  토속민요 그리고 수심가 엮음수심가 등 평안도의 대표적인 통속민요를 곁들여 연희한다 소재지상세: 평안남도', 'score': 0.4921918638619601}, {'text_segment': '국가유산명_국문: 주철장 국가유산명_한자: 鑄鐵匠 국가유산종목: 국가무형유산 시도명: 충북 시군구명: 충북전역 시대: NaN 내용: 주철장이란 인류가 오랫동안 사용하였던 쇠를 녹여서 각종 기물을 만드는 장인을 말한다 우리나라에서 주조물을 사용하기 시작한 시기는 대략 기원전 6세기∼5세기 경으로 추정되며 문헌 자료로는 『삼국지』「위지 동이전」에 쇠가 생산되고 매매되었다는 기록이 있다 인류문명 발달에서 쇠가 매우 중요한 역할을 하였으므로 고대부터 쇠를 이용하여 필요한 물품을 만드는 기술과 장인은 국가적인 관심사였다 또한 한반도에 불교가 정착되면서 사찰이 건립되었고 이와 관련하여 많은 범종이 제작되었다 이처럼 쇠를 녹여서 범종을 비롯한 각종 쇠제품을 만드는 장인을 주철장이라고 한다 우리나라 범종의 특징은 세부의 장식이 정교하고 울림소리가 웅장하여 동양권의 종 가운데에서도 가장 뛰어나다 형태는 항아리를 거꾸로 엎어놓은 것 같은 모습이며 고리 역할을 하는 용뉴와 대롱 형태의 용통이 부착되어 있다 이러한 우리나라 범종 가운데 가장 오래된 종은 통일신라시대인 725년에 제작된 오대산 상원사 동종이다 또한 그 크기와 미적인 면에서는 성덕대왕신종을 들 수 있다 범종의 제작 기법으로는 밀랍으로 주조하는 방식이 있으며 이것이 전통적인 종 제작 방식으로 이해되고 있다 재료는 종의 크기에 따라 다르기는 하나 기본적으로는 동 80％ 주석 17％로 합금하며 밀랍제조의 경우 밀랍에 소기름을 기본적으로는 8:2로 혼합하되 그 배합 비율은 기후에 따라 다르다 범종 제작 방법은 종의 크기보다 약간 작은 크기의 벽돌을 쌓은 다음 이 벽돌에 고령토 점토를 혼합하여 종의 형태로 만든다 그 다음에 표면을 손질하고 물에 갠 흑연가루로 마무리를 한다 다음으로는 밀랍으로 종의 모형을 제작하고 여기에 주물사를 밀랍 표면에 두 번을 바른다 이후 밀랍을 녹여서 내고 제작된 외형을 내형에 조립하여 주조함으로써 종을 완성한다 소재지상세: 충청북도', 'score': 0.4916271112217345}, {'text_segment': '국가유산명_국문: 경주읍성 국가유산명_한자: 慶州邑城 국가유산종목: 사적 시도명: 경북 시군구명: 경주시 시대: 고려 우왕 4년 개축 내용: 읍성이란 군이나 현의 주민을 보호하고 군사적·행정적인 기능을 함께 하는 성을 말한다 경주는 통일신라시대 이후 지방통치의 중심지였다 주로 중심이 되는 지방도시에 읍성을 쌓았으므로 경주에도 읍성을 쌓았다 다만  경주읍성의 정확한 축조연대는 알 수 없으나 고려시대 쌓은 것으로 알려져 오고 있다 즉 고려 우왕 때 개축했다는 기록과 1592년에 일어난 임진왜란 때에 왜군에게 이 성을 빼앗겼을 때 당시 이장손이 만든 일종의 포인 비격진천뢰를 사용하여 다시 찾은 역사를 간직하고 있다 그리고 조선 시대 세종 선조 영조 고종에 이르기까지 경주 읍성에 많은 증․개축 과정과 내․외부의 구조 변경이 있었음을 문헌기록을 통해서 확인할 수 있다 『문종실록(文宗實錄)』에 따르면 문종 원년(1451년)에 둘레 4075척(약 1904m) 높이 11척 6촌(약 54m) 등 비교적 정확한 성곽(城廓) 제원과 구체적인 구조가 잘 기록되어 있다 읍성의 성문은  동서남북에 향일문 망미문 징례문 공진문의 4대문이 있어 이들 문을 통해 출입하였다 특히 남문인 징례문에는 현재 국립경주박물관 종각에  걸려있는 신라 성덕대왕 신종이 매달려 있었다고 전하고 있다 읍성은 경주시내 중심부에 위치하고 있으며 일제강점기와 이후 대부분  헐려나가고  동벽만 약 50m 정도만 옛 모습을 남기고 있었다 현재 경주읍성의 옛 모습을 찾기 위하여 2009년 “경주읍성 정비복원 기본계획”을 수립하여 2018년 동성벽(324m) 동문(향일문) 복원 및 주변 탐방로 정비를 완료하고 앞으로 주변의 노후 불량주택을 매입 정비와 북쪽 성벽 등의 복원정비를 추진 할 계획이다 소재지상세: 경북 경주시 북부동 1번지', 'score': 0.48538562990544604}]",에밀레종
대한제국 시기 고종이 머물렀던 궁궐은 무엇인가요?,"[{'text_segment': '국가유산명_국문: 대한제국애국가 국가유산명_한자: NaN 국가유산종목: 국가등록문화유산 시도명: 경기 시군구명: 파주시 시대: 대한제국기 내용: ‘대한제국애국가‘는 대한제국 시기에 애국가 제정의 필요성에 의해 군악대 지휘자로 초빙된 독일 음악가 프란츠 폰 에케르트(Franz von Eckert 1852~1916)가 작곡한 것을 1902년 발행한 것으로 관악합주용 총보와 한글 및 독일어로 번역한 가사가 실려 있으며 제작 경위를 밝히는 민영환(閔泳煥 1861~1905)의 서문이 있는 것이 특징이다 해당 유물은 제국주의 열강들의 경쟁 속에서 대한제국의 위상을 높이고 나라의 주권을 지키려는 전기를 마련하고자 했던 외교적 노력을 담고 있어 귀중한 가치를 지닌다 소재지상세: 경기도 파주시 헤이리로 30 (탄현면 국립민속박물관 파주)', 'score': 0.8843737343109739}, {'text_segment': '국가유산명_국문: 여수 거문도 근대역사문화공간 국가유산명_한자: NaN 국가유산종목: 국가등록문화유산 시도명: 전남 시군구명: 여수시 시대: 대한제국시기~ 내용: ｢여수 거문도 근대역사문화공간｣은 1885년 영국군의 거문도 점령 사건 이후 각 시기별 항만시설 군사시설 수산업관련 시설 등 역사적 흔적이 남아 있으며 각 시기를 대표하는 다양한 근대문화유산들이 곳곳에 분포하고 있어 근대역사문화공간인 면적 단위 문화유산으로서 등록할 가치가 있다 소재지상세: NaN', 'score': 0.823246154401813}, {'text_segment': '국가유산명_국문: 서울 이준 묘소 국가유산명_한자: 서울 李儁 墓所 국가유산종목: 국가등록문화유산 시도명: 서울 시군구명: 강북구 시대: 대한제국의 네덜란드 헤이그에서 개최되는 만국평화회의에 특사 파견 내용: 이준 열사는 대한제국의 법관양성소 출신으로 고종의 명을 받아 이상설·이위종과 함께 네덜란드 헤이그에서 개최되는 만국평화회의에 특사로 파견되어 일본의 침략을 세계에 호소하려고 하였으나 뜻을 이루지 못하고 현지에서 순국한 인물로 이곳은 선생의 애국정신을 기릴 수 있는 역사적·교육적 가치가 큰 곳이다 소재지상세: 서울특별시 강북구 수유동 127--2 127-15', 'score': 0.7956987819050316}, {'text_segment': '국가유산명_국문: 구 목포세관 본관 터 및 창고 국가유산명_한자: NaN 국가유산종목: 국가등록문화유산 시도명: 전남 시군구명: 목포시 시대: 1950년대 내용: 구 목포세관 본관 터 및 창고는 대한제국 시기 개항(開港)과 함께 목포에 설치․운영되었던 ‘세관’ 청사 건물과 관련시설의 흔적들로 축항(築港) 시설 등과 함께 근대기 개항도시에서의 중요한 건축사적 의미를 내포하고 있다 소재지상세: 전라남도 목포시 항동 6-8 6-33', 'score': 0.7679599015649055}, {'text_segment': '국가유산명_국문: 고종황제 하사 족자 국가유산명_한자: 高宗皇帝 下賜 簇子 국가유산종목: 국가등록문화유산 시도명: 서울 시군구명: 서대문구 시대: NaN 내용: ○ 19세기 말기에 정부(대한제국)가 고종의 주치의였던 에비슨(Oliver R Avison)에게 하사한 족자이다 ○ 족자 가운데 쓴 글은 ‘投良濟堯帝時巫咸(투양제요제시무함)’이다 풀이하자면 ‘좋은 약을 지어주는 것이 요나라 황제 때의 무함이다’ 라는 뜻이다 특이한 점은 수급자 표시의 오른 쪽과 가운데 쓴 글의 위쪽에 각각 ‘의비신 대인 각하’ ‘투량뎨요뎨시무함’과 같이 한글 음을 작은 글자로 병기해 놓았다는 점이다 그리고 족자의 아래 부분에도 작은 글자로 한글 풀이를 적어 놓았다 이것은 한자에 익숙하지 않은 서양인을 배려하여 적은 것으로 추정된다 ○ 이 족자는 에비슨이 고종의 시의(侍醫)를 지냈던 사실을 확인할 수 있으며 국왕과 정부가 서양의술의 탁월함을 인정한 기록물인데다가 더욱이 에비슨의 후손들에 의해 기증된 환수국가유산이라는 사실에 의미가 있다 소재지상세: 서울특별시 서대문구 연세로 50-1 (신촌동 연세의료원) 동은의학박물관', 'score': 0.7622219355240092}]",덕수궁
고구려의 장수왕은 어떤 정책을 통해 영토를 확장했나요?,"[{'text_segment': '국가유산명_국문: 충주 고구려비 국가유산명_한자: 忠州 高句麗碑 국가유산종목: 국보 시도명: 충북 시군구명: 충주시 시대: 고구려시대 내용: 국내에 유일하게 남아 있는 고구려 석비로 장수왕이 남한강 유역의 여러 성을 공략하여 개척한 후 세운 기념비로 추정된다 1979년 입석마을 입구에서 발견되었는데 오랜 세월이 흐른 탓에 발견 당시 비면이 심하게 마모되어 있었다 석비는 돌기둥 모양의 자연석을 이용하여 4면에 모두 글을 새겼는데 그 형태가 만주에 있는 광개토대왕비와 비슷하다 비문은 심하게 닳아 앞면과 왼쪽 측면 일부만 읽을 수 있는 상태로 내용 중 처음에 ‘고려대왕(高麗大王)’이라는 글자가 보이는데 여기에서 고려는 고구려를 뜻한다 ‘전부대사자(前部大使者)’·‘제위(諸位)’·‘사자(使者)’ 등 고구려 관직 이름과 광개토대왕 비문에서와 같이 ‘고모루성(古牟婁城)’등의 글자가 보이고 ‘모인삼백(募人三百)’·‘신라토내(新羅土內)’ 등 고구려가 신라를 불렀던 말들이 쓰여 있어 고구려비임을 확인하게 되었다 고구려 영토의 경계를 표시하는 비로 백제의 수도인 한성을 함락하고 한반도의 중부지역까지 장악하여 그 영토가 충주지역에까지 확장되었음을 말해준다 또한 역사적으로 고구려와 신라 백제 3국의 관계를 밝혀주는 귀중한 자료로서 우리나라에 남아있는 유일한 고구려비라는 점에서 커다란 역사적 가치를 지닌다 소재지상세: 충청북도 충주시 감노로 2319 (중앙탑면 충주고구려비전시관)', 'score': 0.6557235866785049}, {'text_segment': '국가유산명_국문: 발해태조건국지·명림답부전 국가유산명_한자: 渤海太祖建國誌·明臨答夫傳 국가유산종목: 국가등록문화유산 시도명: 서울 시군구명: 서대문구 시대: NaN 내용: 『발해태조건국지』는 1925년 대한민국임시정부의 대통령을 맡기도 한 박은식(朴殷植 1859~1925)이 1911년에 서간도 환인현(桓仁縣) 홍도천에 있던 윤세복(尹世復)의 집에서 저술한 저작의 하나이다 그의 자는 성칠(聖七) 호는 백암(白庵) 겸곡(謙谷) 태백광노(太白狂奴) 무치생(無恥生)이고 이명(異名)은 인식(仁植) 기정(箕貞) 등이다 내용은 목차(서론 발해 이전의 고구려 말운 태조의 가계와 인격 고구려 유민의 생기 영웅의 은둔 활동시기 천문령의 대승첩 태조의 건국 발해의 강역 발해의 종교와 풍속 발해의 문학 태조의 외교 태조의 후손 결론)에서 보듯이 고구려 멸망 이후 대조영이 그 유민을 이끌고 발해를 건국한 과정과 영토 문물 종교 풍속 문학 외교 후손 등을 다루고 있다 합철된 『명림답부전』은 서론 끝의 “大皇祖降世四千三百六十八年(1911)九月日著者 識”와 같이 『발해태조건국지』보다 한 달 앞선 1911년 9월에 완성되었다 박은식이 상무적인 고구려의 많은 인물 중에서도 대표적인 애국충신으로 명림답부(67~179)를 선정하여 조국독립을 위하여 혈투하는 모습을 통하여 한국민의 애국심을 함양시키고자 저술한 전기이다 명림답부는 고구려 7대 차대왕을 제거하고 차대왕의 아우 백고를 신대왕으로 모신 인물이다 그는 고구려 최초의 국상이었고 뛰어난 지략으로 한나라 대군을 물리친 명장이기도 했다 박은식이 1911년 한국역사를 만주 중심으로 이해하면서 저술한 「발해태조건국지」와 「명림답부전」의 합철본인 「발해태조건국지‧명림답부전」은 일제강점기 민족주의 사가들의 고구려‧발해 인식을 가장 명료하게 보여주는 대표적 저술로 한국근대사학사와 한국독립운동사 분야에서 중요한 문헌이다 소재지상세: 서울특별시 서대문구 연세로 50 (신촌동 연세대학교) 박물관', 'score': 0.6355013924604282}, {'text_segment': '국가유산명_국문: 평북농요 국가유산명_한자: NaN 국가유산종목: 이북5도 무형유산 시도명: 평안북도 시군구명: 전역 시대: NaN 내용: 평북에서 농사를 지으면서 부르던 소리로 고구려의 투박하면서도 씩씩한 기상과 화합정신 서로 돕는\r\n두레 정신을 계승하고 있다 소재지상세: 평안북도', 'score': 0.589241538127046}, {'text_segment': '국가유산명_국문: 양주대모산성 국가유산명_한자: 楊州大母山城 국가유산종목: 시도기념물 시도명: 경기 시군구명: 양주시 시대: NaN 내용: 양주 대모산성은 양주산성이라고 불리기도 하는데 해발 212m의 대모산 정상에 있다 분지형을 이루고 있는 대모산의 산꼭대기를 돌아가면서 돌로 성을 쌓은 테뫼식 산성이다 이곳은 수락산 봉수대와 연결되는 교통의 요지이자 양주를 포함한 여러 지역을 방어할 수 있는 전략적 요충지이다 5세기 중엽까지 백제의 영역이었다가 고구려 장수왕의 남하정책으로 6세기 중엽까지 고구려에 속하였고 그 이후에는 신라 땅이 되었다 이런 지정학적인 위치를 중심으로 살펴볼 때 양주 대모산성은 삼국시대에 만들어진 ‘매초성’으로 추정된다 타원형을 이룬 성벽의 둘레는 1400m 쯤 되며 북쪽의 문터로 짐작되는 곳에는 성벽이 잘 남아 있지만 다른 곳은 대부분 무너졌다 현재 성벽의 높이는 4∼5m 안팎이나 너비는 주변의 지세에 따라 가파른 남쪽은 6m 완만한 북서쪽은 8m쯤 된다 50°정도의 각도로 경사지게 들여쌓기를 하였는데 이러한 방식은 삼국시대에서 고려시대까지 주로 이용된 것이다 성 내부에는 건물터로 추정되는 평지가 여러 곳 있으며 지표에는 둥근 주춧돌 여러 개가 노출되어 있고 또 주변에는 많은 토기조각과 기와조각이 흩어져 있다 소재지상세: 경기 양주시 어둔동 백석읍 방성리일대', 'score': 0.5534972619738486}, {'text_segment': ""국가유산명_국문: 애원성 국가유산명_한자: NaN 국가유산종목: 이북5도 무형유산 시도명: 함경북도 시군구명: 전역 시대: NaN 내용: 조선시대 6진 정책으로 새 땅을 일구어내는 시기에 원주민과 각처에서 온 이주민들의 생활사를 담은 함경도의 대표적 민요이다 혼자서 산길을 걸을 때에나 혼자 김을 맬 때에 흥얼거리며 부른다고 한다 임과의 이별의 슬픔 고단한 살림살이 유랑민의 애환 들과 같이 주로 변방 사람들이 겪는 생활 주변의 이야기를 소재로 삼고 있어서 제목 그대로 애원이 깃든 노래이다 높은 음으로 질러 내는 부분이 많아 마치 슬픔이나 시름을 한껏 토해 내는 듯한 느낌을 준다 그러나 음의 조직이 독특해서 〈신고산타령〉이나 〈궁초 댕기〉와 같은 '라' '도' '레' '미' '솔'이 아니고 경기 민요 음계의 제1형과 같은 '솔' '라' '도' '레' '미'이고 종지음도 '솔'이다 소재지상세: 함경북도"", 'score': 0.5531381212507938}]",남진 정책
부석사를 창건한 사람은 누구인가요?,"[{'text_segment': '국가유산명_국문: 부석사 국가유산명_한자: 浮石寺 국가유산종목: 문화유산자료 시도명: 충남 시군구명: 서산시 시대: NaN 내용: 부석사는 신라 문무왕 17년(677)에 의상대사가 지었으며 그 뒤 무학대사가 보수하였다고 전한다 경내에는 극락전을 비롯하여 같은 건물로 연결된 심검당 무량수각 등의 건물이 있으며 극락전 앞에 안양루가 서해를 향하고 있다 극락전은 앞면 3칸·옆면 3칸의 규모로 지붕은 옆면에서 볼 때 사람 인(人)자 모양인 맞배지붕이다 지붕 처마를 받치기 위해 장식하여 만든 공포는 기둥 위에만 있는 주심포 양식으로 꾸몄다 고려시대의 건축 양식을 보이고 있는 건축물이다 소재지상세: 충청남도 서산시 부석사길 243 (부석면 부석사)', 'score': 0.8316441128313619}, {'text_segment': '국가유산명_국문: 부석사삼층석탑 국가유산명_한자: 浮石寺三層石塔 국가유산종목: 시도유형문화유산 시도명: 경북 시군구명: 영주시 시대: NaN 내용: 부석사 삼층석탑은 동서로 마주 보고 있는 두 개의 탑이다 두 개의 탑은 처음부터 함께 만든 것처럼 크기와 모양이 매우 비슷하다 원래 부석사에서 동쪽으로 200m 정도 떨어진 절터에 있었는데 1966년에 현재 위치로 옮겨 왔다 부석사 삼층석탑은 무량수전 옆에 있는 보물 제249호 영주 부석사 삼층석탑과도 크기와 모양이 비슷하다 다만 지붕돌받침이 4단이고 바닥돌 크기가 작다는 점에서 무량수전 옆의 삼층석탑보다 조금 늦게 만들어졌다고 판단된다 바닥돌은 각 면의 모서리와 중앙에 몸돌은 모서리에 기둥 모양 장식을 하였다 지붕돌의 처마는 수평을 이루다가 양 끝에서 살짝 치솟아 경쾌한 느낌을 준다 머리 장식부는 없어져서 새로 만들어 얹었다 전체적으로 비율이 좋으면서 짜임새가 있어 통일 신라 후기의 석탑 모습을 잘 보여 주는 자료이다 소재지상세: 경북 영주시 부석면 부석사로 345 (북지리)', 'score': 0.6672612066809187}, {'text_segment': '국가유산명_국문: 영주 부석사 고려목판 국가유산명_한자: 榮州 浮石寺 高麗木板 국가유산종목: 보물 시도명: 경북 시군구명: 영주시 시대: 고려시대 내용: 영주 부석사 고려목판(榮州 浮石寺 高麗木板)은 부석사에 있는『화엄경』정원본 40권 진본 60권 주본 80권 등 3종의 대방광불화엄경을 나무판에 새긴 것이다 대방광불화엄경은 줄여서 ‘화엄경’이라 부르기도 하는데 화엄종의 근본경전으로 법화경과 함께 한국 불교사상 확립에 가장 크게 영향을 끼친 경전이다 정원본(貞元本)은 반야가 번역한 화엄경 40권을 가리키고 진본(晋本)은 불타발타라가 번역한 화엄경 60권을 주본(周本)은 실차난타가 번역한 화엄경 80권을 가리킨다 이 판은 모두 합쳐 634판이며 한 줄에 34자씩 글자를 배열한 특이한 형식이다 13∼14세기경 거란에서 불경을 수입하여 나무판에 다시 새긴 것으로 추정되며 현재 전해지는 유일한 거란본 계열의 각판으로 매우 중요한 자료이다 우리나라 화엄종의 창시자인 의상대사가 창건하여 화엄사상을 발전시켜 나간 부석사에 소장되어 있다는 점에서 그 가치가 더욱 크다 소재지상세: 경북 영주시 부석면 북지리 148 부석사', 'score': 0.6612136960029602}, {'text_segment': '국가유산명_국문: 영주 부석사 안양루 국가유산명_한자: 榮州 浮石寺 安養樓 국가유산종목: 보물 시도명: 경북 시군구명: 영주시 시대: 조선시대 내용: 영주 부석사 안양루는 경상북도 영주시 부석면 부석사로 345에 위치하고 있으며 2018년 「산사 한국의 산지승원」으로 유네스코 세계유산에 등재된 부석사 내에 자리하고 있는 문루로 국보 부석사 무량수전 앞에 위치한 정면 3칸 측면 2칸 규모의 중층 다포계 팔작지붕의 형식을 가진 16세기 사찰 문루 건축의 대표적 사례이다 영주 부석사 안양루는 『계암일록(溪巖日錄)』 「부석사 안양루 중창기(浮石寺 安養樓 重刱記)」 「무량수전 안양루 중수기(無量壽殿 安養樓 重修記)」 등의 문헌자료에 의하면 원래 ‘강운각(羌雲閣)’이라는 단층 건물이 있었으나 1555년 화재로 소실되었고 이후 1576년에 중층 문루인 ‘안양루’를 그 자리에 지은 것으로 되어 있다 영주 부석사 안양루는 전체 사찰배치에서 사찰의 진입 축(軸)을 꺾어 무량수전 영역에 진입하게 하고 있어 무량수전 영역의 종교적 경외감과 조망을 극대화 시키고 있다 아래층은 모두 기둥만으로 구성되어 있으며 가운데 칸에 계단을 두어 무량수전으로 통하는 출입문으로 사용하는 누하진입(樓下進入)의 형식으로 되어 있고 안양문이라는 현판이 걸려 있다 위층은 사방이 벽체가 없이 트여 있으며 내부 바닥 전체가 우물마루로 되어 있어 강당의 역할을 하고 있다 공포는 외2출목 내3출목으로 구성되어 있으며 주간포는 주심포 사이에 각 1개씩 배치되어 있다 공포는 외부와 내부의 모습이 다른데 외부의 살미는 길이가 짧으면서 끝을 직절한 쇠서형태로 된 반면 내부는 교두형으로 첨차와 동일한 형태로 처리되어 있고 첨차에는 조선 중기 이전에 나타나는 공안(拱眼)의 수법이 남아 있다 또한 대들보 위에는 화반형 동자대공 첨차 소로로 구성된 포대공을 놓아 종보를 받치고 있으며 충량 위에는 복화반 형태 동자주와 화반형 동자주를 직교하여 도리를 받치고 있는데 이러한 구성은 조선 중기 또는 그 이전에 사용된 오래된 기법으로 알려져 있다 소재지상세: 경상북도 영주시 부석사로 345 (부석면 부석사)', 'score': 0.6152686249487824}, {'text_segment': '국가유산명_국문: 영주 부석사 삼층석탑 국가유산명_한자: 榮州 浮石寺 三層石塔 국가유산종목: 보물 시도명: 경북 시군구명: 영주시 시대: 통일신라시대 내용: 부석사 무량수전 동쪽에 세워져 있는 석탑으로 2단의 기단(基壇) 위에 3층의 탑신(塔身)을 세운 모습이다 기단에는 각 면의 모서리와 가운데에 기둥 모양의 조각을 두었는데 아래층 기단은 가운데에 2개씩의 조각을 두고 위층 기단에는 하나씩을 두었다 탑신의 몸돌과 지붕돌은 각각 하나의 돌로 되어있는데 몸돌은 모서리마다 기둥 모양을 조각하였으며 지붕돌은 밑면의 받침이 5단으로 통일신라의 전형양식을 따르고 있다 문무왕 16년(676) 부석사를 창건할 당시에 만들어진 것으로 아래층 기단의 너비가 매우 넓고 1층 몸돌 또한 높이에 비해 너비가 넓어서 장중해 보인다 1956년 해체하여 복원할 때 철제탑 불상의 파편 구슬 등이 발견되었고 이 때 일부 파손된 부분은 새로운 부재로 보충하였다 탑은 원래 법당 앞에 건립되는 것이 통례이나 이 석탑은 법당의 동쪽에 세워져 있어 눈길을 끈다 소재지상세: 경북 영주시 부석면 북지리 149 부석사', 'score': 0.6147303347257649}]",의상
불국사는 어느 도시에 위치해 있나요?,"[{'text_segment': '국가유산명_국문: 대구 동인초등학교 강당 국가유산명_한자: NaN 국가유산종목: 국가등록문화유산 시도명: 대구 시군구명: 중구 시대: 일제강점기(학교 설립 인가) 내용: ○「대구 동인초등학교 강당」은 강당 건물로서의 필요한 층고 확보를 위해 채용한 만사드지붕 등의 \r\n     건축적 수법을 잘 보여주는 특징을 가지고 있고 대구 구 도심의 오래된 학교시설로서 근대기 도시\r\n     공간 구조와 함께 교육 및 지역사적 의미를 가지고 있음 ○ 동인초등학교는 대구광역시 구도심에서 상업지역에 위치하여 주변이 번화하고 복잡하지만 학교의 \r\n    특성상 넓은 부지를 형성하고 강당 등 건물 주변에 운동장 등 넓은 외부공간(Open Space)를 확보\r\n    하고 있고 또한 학교측에서는 학교 오랜 역사의 유일한 현존 흔적으로서 보존하고자 하므로 \r\n    국가유산 보존관리 여건 및 주변환경은 양호함\r\n\r\n○ 현재 대구 동인초등학교가 위치하고 있는 대구광역시 중구는 본래 대구읍성이 있었던 지역으로 \r\n    1906년 대구읍성이 철거된 이후 전통적 도시구조에서 근대적 도시구조로 점차 변화\r\n  - 대구 중구는 과거 읍성 지역을 중심으로 많은 근대 건축물이 건축되며 시가지가 점차\r\n    확장되었으며  현재도 대구의 원도심이자 구시가지 지역으로 다수의 근대건축물이 현존함 소재지상세: 대구광역시 중구 국채보상로 728 (동인동4가 동인초등학교)', 'score': 0.8596676806831579}, {'text_segment': '국가유산명_국문: 진해 근대역사문화공간 국가유산명_한자: NaN 국가유산종목: 국가등록문화유산 시도명: 경남 시군구명: 창원시 시대: NaN 내용: ｢진해 근대역사문화공간｣은 1905년 일본이 제국주의 열강과의 전쟁을 목적으로 주민들을 강제 이전시키고 계획 설계한 아픔을 가진 도시이다 19세기 중반 서구 도시경관의 개념이 도입된 군사도시로서 방사상 거리 여좌천 하수관거 등 도시의 뼈대를 이루는 기반시설이 당시 모습대로 남아 있어 면적 공간단위로서 등록할 역사적 가치가 있다 소재지상세: 경상남도 창원시', 'score': 0.8305504725987074}, {'text_segment': '국가유산명_국문: 경주 불국사 극락전 앞 석등과 봉로대 국가유산명_한자: 慶州 佛國寺 極樂殿 앞 石燈과 奉爐臺 국가유산종목: 시도유형문화유산 시도명: 경북 시군구명: 경주시 시대: 통일신라시대 내용: -불국사 극락전 석등은 전형적인 9세기 중엽 일반형 석등 양식을 갖추고 있고 일부 부재가 일제강점기에 추가 보충되고 있지만 온전한 형태의 복원된 모습으로 통일신라 석조미술 연구사에서 중요한 가치가 있다 -석등과 봉로대가 동일한 시기에 함께 만들어진 세트 형식으로 초창 이후 조선시대까지 동일한 위치에 있다는 사실이 사찰의 조선 후기 사적기 등을 통해서 증명되고 있으며 한 세트를 이루는 귀중한 작례로 평가 할 수 있다 소재지상세: 경상북도 경주시 불국로 385 (진현동 불국사)', 'score': 0.8040542006492615}, {'text_segment': '국가유산명_국문: 통영 김상옥 생가 국가유산명_한자: NaN 국가유산종목: 국가등록문화유산 시도명: 경남 시군구명: 통영시 시대: 일제강점기 내용: 통영성 밖 조선시대의 옛길(현 항남동1번가길)에 위치한 건물로 일제강점기부터 해방 이후까지 이어져온 이 일대의 근현대 도시경관을 대표하는 건축물이라는 측면에서 의미가 있으며 통영 출신의 시조 시인 김상옥이 태어난 곳이라는 측면에서도 등록가치가 있는 것으로 판단된다 소재지상세: 경상남도 통영시 항남1번가길 13 (항남동 타임)', 'score': 0.78976386707813}, {'text_segment': '국가유산명_국문: 수내동가옥 국가유산명_한자: 數內洞家屋 국가유산종목: 문화유산자료 시도명: 경기 시군구명: 성남시 시대: 조선시대 내용: ‘수내동 가옥’은 한산 이씨(韓山李氏)의 살림집 중 한 채로 이택구가 거주하였던 집이다 수내동은 1980년대까지 30여 호 가량의 한산이씨가 모여 사는 집성촌이었다 분당 신도시 건설로 인하여 대부분의 살림집이 철거되고 이 집만 남아 현재 신도시의 중앙공원 내에 자리 잡게 되었다 가옥은 모두 초가이며 바깥마당에 면하여 ‘一’자형 문간채가 위치하고 있다 그 안쪽으로 ‘ㄱ’자형 안채가 배치되어 안마당을 이루고 있다 안채는 대청을 중심으로 오른쪽에 1칸의 건넌방이 있고 왼쪽에는 2칸의 안방이 일렬로 배치되어 있다 안방 앞쪽으로 꺾여 부엌과 광이 있다 이러한 공간구성은 경기도 살림집에서 주로 나타나는 특징이다 이 가옥은 수내동 지역에 모여 살던 한산이씨 집성촌의 역사적 흔적을 보여주는 건물이며 느티나무와 연못 등과 함께 신도시개발 이전의 모습을 담고 있는 기념적인 건물이다 또 초가집이지만 부재가 비교적 견실하고 목재를 다듬은 방법도 반듯하여 19세기 말에 건축된 조선후기 경기지역 살림집의 모습을 잘 보여주고 있다 소재지상세: 경기도 성남시 분당구 성남대로 550 (수내동)', 'score': 0.7466917582945642}]",경주
고려시대 거란의 침입을 물리친 명장은 누구인가요?,"[{'text_segment': '국가유산명_국문: 진주 강민첨탄생지 국가유산명_한자: 姜民瞻誕生地 국가유산종목: 시도기념물 시도명: 경남 시군구명: 진주시 시대: 963 내용: 고려시대의 명장 은열 강민첨(∼1021) 장군이 태어난 곳이다 강민첨은 고려 목종(재위 997∼1009) 때 문과에 급제하였으며 현종 3년(1012)에 동여진족이 쳐들어 오자 도부서의 문연 등과 함께 격퇴하였다 또한 1018년에 거란의 소배압이 10만의 군사를 이끌고 침입하자 강감찬 장군의 부장으로 함께 출전하여 흥화진에서 적을 대파하였다 그 공으로 응양상장군주국이 되고 이어 우산기상시에 올라 추성치리익대공신이 되었으며 이듬해 지중추사병부상서가 되었다 현재 탄생지에는 사당과 유허비(선현들의 자취가 있는 곳을 길이 후세에 알리거나 이를 계기로 그들을 추모하기 위해 세운 비)가 있고 사당 뒷편 바위에는 ‘강은렬공유지’라는 글자를 새겼다 1980년대에 사당 정문 재실을 새로 짓고 깨끗이 하였다 소재지상세: 경남 진주시 진양호로 603 (옥봉동)', 'score': 0.7620884416294472}, {'text_segment': '국가유산명_국문: 강민첨 초상 국가유산명_한자: 姜民瞻 肖像 국가유산종목: 보물 시도명: 서울 시군구명: 용산구 시대: 조선 정조 12년(1788) 내용: <강민첨초상(姜民瞻肖像)>은 고려시대 장군인 강민첨을 그린 초상화로 크기는 가로 613㎝ 세로 80㎝이다 강민첨(∼ 1021)은 고려시대 명장으로 목종(재위 997∼1009) 때 문과에 급제하였고 현종 3년(1012) 동여진이 침입하자 안찰사로서 군대를 이끌고 나가 격퇴하였고 현종 9년(1018) 거란이 침입하자 이를 막아내는데 큰 공을 세우기도 하였다 과거에 급제한 후 쓰던 모자인 복두에 정장을 하고 홀(笏)을 들고 앉아서 왼쪽을 바라보고 있는 반신상이다 의자 등받이에 있는 호랑이 가죽은 18세기 초상화의 특징을 보여준다 이 그림은 고려시대에 그려진 것이 아니라 정조 12년(1788) 박춘빈이 원본을 그대로 옮겨 그린 그림이다 비록 조선시대에 그려진 그림이지만 고려시대 초상화가 희귀한 상황에서 고려 공신상 형식과 표현형식을 엿볼 수 있는 중요한 그림이다 소재지상세: 서울특별시 용산구 서빙고로 137 (용산동6가 국립중앙박물관)', 'score': 0.7108530849218369}, {'text_segment': '국가유산명_국문: 밀양 남계서원 국가유산명_한자: 密陽 南溪書院 국가유산종목: 문화유산자료 시도명: 경남 시군구명: 밀양시 시대: NaN 내용: 영헌공 김지대의 충효를 기리기 위해 세운 서원이다 김지대(1190∼1266)는 고려 고종 때 문신으로 청도 김씨의 시조이다 고종 4년(1217)에 거란이 침입하자 병환 중인 아버지를 대신하여 나가 싸워 충과 효를 동시에 이루기도 하였다 남계서원은 조선 숙종 30년(1704)에 지었다 소재지상세: 경상남도 밀양시 두곡3길 43-16 (청도면 남계서원)', 'score': 0.7072065016900471}, {'text_segment': '국가유산명_국문: 진주 은열사 강민첨 초상 국가유산명_한자: 晋州  殷烈祠  姜民瞻 국가유산종목: 시도유형문화유산 시도명: 경남 시군구명: 진주시 시대: NaN 내용: 은렬공 강민첨( -1021)은 고려시대의 명장으로  목종 때 문과에 급제한 후 현종3년(1012)에는 안찰사로 동여진을 격퇴 1018년애는 거란이 10만대군으로 쳐들어오자 강감찬 장군의 부장으로 출전 대패시켰다 그 공으로 지중추사병부상서(知中樞事兵部尙書)까지 올랐던 인물이다 단령에 홀을 쥐고 있는 고려시대 백관의 공복차림의 진주 은렬사 소장 강민첨 영정은 보물 제588호 은열공 영정과 매우 유사하며 표현기법이 우수한 수작에 속한 작품이다 소재지상세: 경상남도 진주시', 'score': 0.7050108530785951}, {'text_segment': '국가유산명_국문: 심향사 국가유산명_한자: 尋香寺 국가유산종목: 문화유산자료 시도명: 전남 시군구명: 나주시 시대: NaN 내용: 심향사는 신라시대 원효대사가 ‘미륵원’이라는 이름으로 세운 절이다 언제부터 심향사로 이름이 바뀌었는지는 알 수 없으나 『신증동국여지승람』에는 ‘신왕사’로 기록하고 있고 미륵전 건물에서 발견한 기록에 따르면 정조 13년(1789) 무렵 까지는 ‘신황사’로 불렸던 듯하다 고려 현종 2년(1011)에 거란군이 침입하자 현종이 이곳 나주로 몽진하여 나라의 평안을 위해 기도를 올렸다고 전하는데 ‘신황사(神皇寺)’라는 이름에서 황제 황(皇)자를 쓰고 있는 것으로 보아 임금이 이 절의 대법회에 참여했을 가능성이 있는 것으로 추정된다 경내에는 미륵전 극락전을 비롯하여 고려시대에 제작한 석탑과 석불이 남아 있다 미륵전에는 석불좌상이 있으며 극락전에는 아미타여래좌상이 있다 특히 심향사아미타여래좌상(전라남도 유형문화유산)은 베에 칠을 한 건칠불상으로 고려시대 즉 13∼14세기경에 제작되어 고려말 불상 연구에 귀중한 자료가 되고 있다 소재지상세: 전남 나주시 건재로 41-1 (대호동)', 'score': 0.6846998712531388}]",강감찬
조선의 법궁으로 가장 중요한 궁궐은 무엇인가요?,"[{'text_segment': '국가유산명_국문: 창덕궁 국가유산명_한자: 昌德宮 국가유산종목: 사적 시도명: 서울 시군구명: 종로구 시대: 조선 태종 5년(1405) 내용: 창덕궁은 1405년(태종 5)에 창건한 조선왕조의 궁궐이다 처음에는 법궁인 경복궁에 이어 이궁(離宮 법궁 외에 별도로 지은 궁궐)으로 창건했지만 이후 역대 왕들이 주로 창덕궁에 거주하면서 실질적인 법궁의 역할을 하였다 1592년(선조 25)에 임진왜란으로 경복궁 창덕궁 창경궁이 소실되자 제일 먼저 1610년(광해군 2)에 중건되었고 1867년(고종 4) 경복궁이 중건될 때까지 270여 년 동안 법궁으로 사용되었다 창경궁과 함께 동궐(東闕)이라 불렀으며 조선 후기에 들어 옥류천 규장각 주합루 연경당 낙선재 등의 건물이 조성되면서 창덕궁의 영역은 점차 넓어지게 되었다 창덕궁은 크게 국왕의 즉위식 등 큰 행사를 치렀던 정전(인정전)과 국왕이 신하들과 정사를 돌보던 편전(선정전) 왕과 왕비의 생활공간인 내전(희정당 대조전 등) 그리고 휴식공간인 후원(부용지 애련지 등)으로 나누어진다 후원은 자연경관을 살려 울창한 숲과 연못 크고 작은 정자들이 마련되었다 창덕궁은 경복궁과 다르게 건물이 일직선으로 배치된 인위적인 구조를 따르지 않고 주변 산세 지형과 조화를 이루도록 자연스럽게 건축하여 가장 한국적인 궁궐이라는 평가를 받는다 왕가의 생활에 편리하면서도 친근감을 주는 창덕궁의 공간 구성은 경희궁이나 경운궁 등 다른 궁궐의 건축에도 영향을 주었다 비정형적 조형미를 간직한 동아시아의 대표적인 궁궐 건축물로 자연환경과의 완벽한 조화와 배치가 탁월하다는 문화유산적 가치를 인정받아 1997년 12월 6일 유네스코 세계유산에 등재되었다 소재지상세: 서울 종로구 율곡로 99 (와룡동)', 'score': 0.6954654008150101}, {'text_segment': '국가유산명_국문: 경복궁 국가유산명_한자: 景福宮 국가유산종목: 사적 시도명: 서울 시군구명: 종로구 시대: 조선 태조 4년(1395) 내용: 조선시대 궁궐 중 가장 중심이 되는 왕조 제일의 법궁(法宮 임금이 사는 궁궐)으로 태조 4년(1395)에 한양으로 수도를 옮긴 후 처음으로 세운 궁궐이다 궁궐의 이름은 정도전이 『시경』에 나오는 “이미 술에 취하고 이미 덕에 배부르니 군자만년 그대의 큰 복을 도우리라”에서 큰 복을 빈다는 뜻의 ‘경복(景福)’이라는 두 글자를 따서 지은 것이다 1412년 태종은 경복궁의 연못을 크게 넓히고 섬 위에 경회루를 만들었다 이 곳에서 임금과 신하가 모여 잔치를 하거나 외국에서 오는 사신들에게 연회를 베풀었다 태종의 뒤를 이은 세종은 주로 경복궁에서 지냈는데 경회루 남측의 궐내각사 권역에 집현전을 짓고 학자들을 가까이 하였다 또한 경회루의 남쪽에는 시각을 알려주는 보루각을 세웠으며 궁궐의 서북쪽 모퉁이에는 천문 관측시설인 간의대를 마련해 두었다 또한 흠경각을 짓고 그 안에 시각과 4계절을 나타내는 옥루기륜을 설치하기도 하였다 경복궁은 임진왜란(1592)으로 인해 창덕궁·창경궁과 함께 모두 불에 탄 것을 1867년에 흥선대원군이 다시 세웠다 그러나 1895년 궁궐 안에서 명성황후 시해 사건이 벌어지고 고종은 러시아 공관으로 거처를 옮기면서 경복궁은 주인을 잃은 빈 궁궐이 되었다 1910년 한일강제병합으로 국권을 잃게 되자 일본인들은 건물을 헐고 근정전 앞에 조선총독부 청사를 짓는 등 궁궐의 대부분을 훼손함에 따라 점차 궁궐의 제 모습을 잃게 되었다 일제강점기 이후 궁궐 안에 남아있던 주요건물은 근정문·근정전·사정전·천추전·수정전·자경전·경회루·제수각·함화당·집경당·향원정·집옥재·협길당 등이 있다 중국에서 고대부터 전해 오던 도성(都城) 건물배치의 기본형식을 지킨 궁궐로서 궁궐의 왼쪽(동쪽)에는 역대 왕들과 왕비의 신위를 모신 종묘가 있으며 오른쪽(서쪽)에는 토지와 곡식의 신에게 제사를 지내는 사직단이 자리잡고 있다 건물들의 배치는 국가의 큰 행사를 치르거나 왕이 신하들의 조례를 받는 근정전과 왕이 일반 집무를 보는 사정전을 비롯한 정전과 편전 등이 앞부분에 있으며 뒷부분에는 왕과 왕비의 거처인 침전과 휴식공간인 후원이 자리잡고 있다 이는 전조후침(前朝後寢)의 제도인데 이러한 형식은 경복궁이 조선의 법궁으로서 특히 엄격한 규범을 나타내고자 했던 것으로 풀이된다 비록 궁궐 안 대부분의 건물들이 없어지기는 하였지만 정전·누각 등의 주요 건물들이 남아있고 처음 지어진 자리를 지키고 있어서 조선의 법궁의 모습을 확인할 수 있는 중요한 유적지이다 소재지상세: 서울특별시 종로구 사직로 161 (세종로 경복궁)', 'score': 0.6855473091023023}, {'text_segment': '국가유산명_국문: 덕수궁 국가유산명_한자: 德壽宮 국가유산종목: 사적 시도명: 서울 시군구명: 중구 시대: 조선시대 내용: 조선시대의 궁궐로서 경운궁으로 불리다가 고종황제가 1907년 왕위를 순종황제에게 물려준 뒤에 이곳에서 계속 머물게 되면서 고종황제의 장수를 빈다는 뜻의 덕수궁으로 고쳐 부르게 되었다 덕수궁 자리에는 조선 9대 임금인 성종의 형 월산대군의 집이 있었다 임진왜란이 끝나고 한양으로 돌아온 선조는 궁궐이 모두 불에 타고 없어서 임시로 월산대군의 집을 거처로 정하고 선조 26년(1593)부터 궁으로 사용하기 시작하였다 그리고 근처의 계림군과 심의겸의 집 또한 궁으로 포함하였다 선조의 뒤를 이은 광해군은 즉위 3년(1611)에 이곳을 경운궁으로 고쳐 부르고 1615년 창경궁으로 옮길 때까지 왕궁으로 사용하였다 그후 선조의 왕비인 인목대비가 경운궁으로 쫓겨나와 있게 되었는데 그 후로 광해군은 이 곳을 서궁으로 낮추어 부르게 하였다 광해군이 인조반정으로 1623년에 물러나면서 인조는 즉조당과 석어당만을 남기고 나머지 건물들을 옛 주인에게 돌려주거나 없애버렸다 그 뒤로 고종황제가 러시아공관에서 옮겨오면서 다시 왕궁으로 사용되었는데 그 때부터 이 궁은 비로소 궁궐다운 건물들을 갖추게 되었다 1904년의 큰 불로 대부분의 건물들이 불에 타 없어지자 서양식 건물인 석조전들이 지어지면서 원래 궁궐 공간의 조화를 잃어버리게 되었다 그 중 가장 큰 변화는 정문이 바뀐 것이다 덕수궁의 정문은 남쪽에 있던 인화문이었는데 다시 지으면서 동쪽에 있던 대안문을 수리하고 이름도 대한문으로 고쳐 정문으로 삼았다 비록 조선 후기에 궁궐로 갖추어진 곳이지만 구한말의 역사적 현장이었으며 전통목조건축과 서양식의 건축이 함께 남아있는 곳으로 조선왕조의 궁궐 가운데 특이한 위치를 차지하고 있다 소재지상세: 서울 중구 세종대로 99 (정동)', 'score': 0.5760932488825501}, {'text_segment': '국가유산명_국문: 창경궁 국가유산명_한자: 昌慶宮 국가유산종목: 사적 시도명: 서울 시군구명: 종로구 시대: 조선 세종 즉위년(1418) 내용: 창경궁은 1418년 조선 3대 태종이 세종에게 왕위를 물려준 후 생활하던 수강궁壽康宮이 있었던 자리에 지어진 조선시대 궁궐이다 조선 9대 성종은 1483년(1484년 완공) 당시 세 명의 대비(세조의 왕비 정희왕후 추존 덕종의 왕비 소혜왕후(인수대비) 예종의 왕비 안순왕후)를 위해 수강궁을 크게 확장하여 1484년에 완공되어 그 이름을 창경궁이라 하였다 처음 지을 당시에는 명정전·문정전의 정전과 수령전·환경전·경춘전·인양전·통명전 등의 침전 양화당·여휘당·사성각 등의 전각이 있었다 조선시대의 궁궐 중에서 유일하게 동쪽을 향해 지어졌으며 창덕궁과 함께 동궐東闕로 불렸다 창건 당시에는 그다지 사용되지 않다가 임진왜란 때 궁궐이 모두 소실된 이후 광해군 대에 창덕궁과 함께 다시 지어져 고종 대 조선의 법궁인 경복궁이 중건되기까지 조선왕조 역사의 중심 무대가 되었다 창경궁은 경종 정조 순조 헌종이 태어난 곳이자 소현세자 추존 장조(사도세자) 혜경궁(헌경황후) 홍씨가 세상을 떠난 곳이다 그러나 왕조의 상징이었던 창경궁은 1907년부터 일제에 의해 훼손되어 전각 대부분을 헐어내고 동물원과 식물원을 설치하여 일반에 공개하였으며 1911년에는 궁의 이름마저 ‘창경원昌慶苑’으로 격하시켰다 광복 후 1983년 본격적인 복원사업이 시작되어 궁의 이름을 다시 창경궁으로 되찾게 되었고 경내에 있던 동물원은 과천 서울대공원으로 옮긴 후 옛 모습으로 복원하여 현재에 이르고 있다 소재지상세: 서울특별시 종로구 창경궁로 185 (와룡동 창경궁)', 'score': 0.5688481506540344}, {'text_segment': '국가유산명_국문: 김제 증산법종교 본부영대와 삼청전 국가유산명_한자: 金堤 甑山法宗敎 本部靈臺와 三淸殿 국가유산종목: 국가등록문화유산 시도명: 전북 시군구명: 김제시 시대: 1949년 내용: 1949년 건립\r\n영대(靈臺)는 증산상제(甑山上帝) 부부의 무덤을 보호하기 위한 묘각으로 증산법종교 본부 내에서 가장 중심에 있으며 정면 중앙 2칸에 상층이 있어 건물의 중요성이 강조되고 있다 삼청전(三淸殿)은 증산미륵불을 봉안한 건축물로 위층의 살창으로 들어오는 햇빛이 미륵불의 안면에 비추어 금박의 불상이 더욱 장엄한 빛을 발한다 구한말 모악산 일대의 종교 운동을 보여주는 장소로 의미가 있으며 토착 신앙 연구와 더불어 근대 민족 종교의 흐름을 보여주는 유적지이다 소재지상세: 전북 김제시 금산면 모악로 260 (금산리)', 'score': 0.5173931560635414}]",경복궁
고구려의 시조는 누구인가요?,"[{'text_segment': '국가유산명_국문: 영제시조 국가유산명_한자: 嶺制時調 국가유산종목: 시도무형유산 시도명: 경남 시군구명: 의령군 시대: NaN 내용: ■ 영제시조의 유래\r\n  0 고려 의종때 부산동래로 귀양갔던 정서가 임금을 그리워하여 지은 정과정곡이 조선시대에는 \r\n    가곡(歌曲)으로 정착했고 이 가곡에서 시조가 파생됨\r\n  0 가곡과 시조는 시조시(時調詩)를 노랬말로 사용함 시조는 가곡을 음정과 장단을 단순화\r\n     하여 누구나 쉽게 부를 수 있도록 되어 있어서 대금과 장구 반주만으로 연주가 충분하며 \r\n     나아가서는 무릎장단만으로도 연주를 하므로 단순하고 담백하며 전문 가객이 아닌 선비와\r\n     사대부들이 즐겼던 노래임 0 가곡을 축소하고 단순화하여 여유와 멋을 한껏 표현할 수 있도록 한 노래가 시조어임\r\n    이를 나타내는데 모든 조건을 완전히 갖춘 시조가 영제시조라고 할 수 있음 소재지상세: 경상남도 의령군', 'score': 0.7974588871002197}, {'text_segment': '국가유산명_국문: 평북농요 국가유산명_한자: NaN 국가유산종목: 이북5도 무형유산 시도명: 평안북도 시군구명: 전역 시대: NaN 내용: 평북에서 농사를 지으면서 부르던 소리로 고구려의 투박하면서도 씩씩한 기상과 화합정신 서로 돕는\r\n두레 정신을 계승하고 있다 소재지상세: 평안북도', 'score': 0.7205608715406436}, {'text_segment': '국가유산명_국문: 숭선전제례 국가유산명_한자: 崇善殿祭禮 국가유산종목: 시도무형유산 시도명: 경남 시군구명: 김해시 시대: NaN 내용: 숭선전은 가락국 시조왕과 왕비 허씨의 신위를 봉안하고 향화를 받드는 전각이다 이 전각은 국조단군과 고구려 시조 동명왕을 모신숭영전 기자의 숭인전 신라 시조 혁거세왕의 숭덕전 탈해왕의 숭신전 알지왕·문무왕·경순왕의 숭혜전 백제 시조 온조왕의 숭열전 고려 시조왕의 숭의전과 함께 팔전의 하나이다 숭선전 대제는 춘추향 2회로 춘향은 음력 3월 15일 추향은 음력 9월 15일이며 시간은 상오 10시부터 약 1시간 거행된다 당초에는 정월 3일과 7일 5월5일 8월5·15일에 년중 5회의 묘향을 받들기 시작하여 제10대 구형왕(구해 또는 구충왕) 12년(532)까지 334년 동안 모시고 있었다고 한다 신라에 합병된 이후에도 제향은 계속되었는데 신라 30대 문무왕 즉위년(661)에는 제금을 내려 종묘제례로 계속 시키는 한편 수로왕묘 근처의 왕위전 30규를 바치고 가야군에 소속시켜 관리하게 하였다 1792년(정조 16년)에 가락국 시조 수로왕능 춘추시향의 전교가 내려져 이로부터 매년 춘추대제 축문은 조선국왕의 명의로 고하여 향폐등 육품은 예조에서 의성 등 53품은 김해부에서 마련하고 능감을 설치하여 수호하게 할 바 있으며 이밖에 설 단오 추석 동지 등 명절에도 제례를 올리고 있다 소재지상세: 경상남도 김해시', 'score': 0.7189978155457764}, {'text_segment': '국가유산명_국문: 발해태조건국지·명림답부전 국가유산명_한자: 渤海太祖建國誌·明臨答夫傳 국가유산종목: 국가등록문화유산 시도명: 서울 시군구명: 서대문구 시대: NaN 내용: 『발해태조건국지』는 1925년 대한민국임시정부의 대통령을 맡기도 한 박은식(朴殷植 1859~1925)이 1911년에 서간도 환인현(桓仁縣) 홍도천에 있던 윤세복(尹世復)의 집에서 저술한 저작의 하나이다 그의 자는 성칠(聖七) 호는 백암(白庵) 겸곡(謙谷) 태백광노(太白狂奴) 무치생(無恥生)이고 이명(異名)은 인식(仁植) 기정(箕貞) 등이다 내용은 목차(서론 발해 이전의 고구려 말운 태조의 가계와 인격 고구려 유민의 생기 영웅의 은둔 활동시기 천문령의 대승첩 태조의 건국 발해의 강역 발해의 종교와 풍속 발해의 문학 태조의 외교 태조의 후손 결론)에서 보듯이 고구려 멸망 이후 대조영이 그 유민을 이끌고 발해를 건국한 과정과 영토 문물 종교 풍속 문학 외교 후손 등을 다루고 있다 합철된 『명림답부전』은 서론 끝의 “大皇祖降世四千三百六十八年(1911)九月日著者 識”와 같이 『발해태조건국지』보다 한 달 앞선 1911년 9월에 완성되었다 박은식이 상무적인 고구려의 많은 인물 중에서도 대표적인 애국충신으로 명림답부(67~179)를 선정하여 조국독립을 위하여 혈투하는 모습을 통하여 한국민의 애국심을 함양시키고자 저술한 전기이다 명림답부는 고구려 7대 차대왕을 제거하고 차대왕의 아우 백고를 신대왕으로 모신 인물이다 그는 고구려 최초의 국상이었고 뛰어난 지략으로 한나라 대군을 물리친 명장이기도 했다 박은식이 1911년 한국역사를 만주 중심으로 이해하면서 저술한 「발해태조건국지」와 「명림답부전」의 합철본인 「발해태조건국지‧명림답부전」은 일제강점기 민족주의 사가들의 고구려‧발해 인식을 가장 명료하게 보여주는 대표적 저술로 한국근대사학사와 한국독립운동사 분야에서 중요한 문헌이다 소재지상세: 서울특별시 서대문구 연세로 50 (신촌동 연세대학교) 박물관', 'score': 0.7087293634832372}, {'text_segment': '국가유산명_국문: 봉화금씨군위공종택 국가유산명_한자: 奉化琴氏 軍威公宗宅 국가유산종목: 문화유산자료 시도명: 경북 시군구명: 봉화군 시대: NaN 내용: * 고려초기에 봉화 금씨 시조인 영렬공 금의(英烈公 琴儀 1153~1230) 선생께서 이곳에 내려와 터전을 잡고 1450년대에 창건한 후 그 후선들이 세거하면서 수차 증·개축을 하였고 현재 종택은 영렬공 금의의 12대손으로 은진현감을 지낸 금회(琴淮)의 넷째 아들인 금계(琴啓)의 종가집이다 * 솟을대문과 행랑채는 소멸되었고 현재는 “口“자형의 정침과 ”一""자형의 아래채만이 남아있는 상태이다 정침은 정면 6간 측면 5간규모의 “口“자형 건물이다 * 종가를 둘러싸고 있는 사마산(斯馬山)은 고구려시대의 군명(郡名)인 \'고사마(古斯馬)\'의 지명이 변치않고 전해 내려오는등 봉화금씨 발원지이자 봉화의 산역사를 보여주고 있다 소재지상세: 경상북도 봉화군 새안로 75-36 (명호면)', 'score': 0.6907696242959969}]",동명왕
창경궁을 세운 조선의 왕은 누구인가요?,"[{'text_segment': '국가유산명_국문: 창경궁 대온실 국가유산명_한자: 昌慶宮 大溫室 국가유산종목: 국가등록문화유산 시도명: 서울 시군구명: 종로구 시대: 1909 내용: 사적 창경궁 안에 있는 대온실은 1909년에 건축된 주철골구조와 목조가 혼합된 구조체에 외피를 유리로 둘러싼 우리나라 최초의 양식 온실로써 19세기 근대건축의 새로운 유형인 철과 유리가 20세기 초 우리나라에 유입되어 건축된 모습을 보여주고 있다 소재지상세: 서울특별시 종로구 창경궁로 185 (와룡동 창경궁)', 'score': 0.7268805659325294}, {'text_segment': '국가유산명_국문: 창경궁 명정전 국가유산명_한자: 昌慶宮 明政殿 국가유산종목: 국보 시도명: 서울 시군구명: 종로구 시대: 조선 광해군 8년(1616) 내용: 명정전은 창경궁의 정전으로 신하들이 임금에게 새해 인사를 드리거나 국가의 큰 행사를 치루던 장소로 사용하였으며 외국 사신을 맞이하던 장소로도 이용하였다 조선 성종 15년(1484)에 지었는데 임진왜란 때 불에 탄 것을 광해군 8년(1616)에 다시 지었다 앞면 5칸·옆면 3칸 규모의 1층 건물로 경복궁의 근정전과 창덕궁의 인정전이 2층 규모로 거대하게 지어진 것에 비해 궁궐의 정전으로서는 작은 규모이다 지붕은 옆면에서 볼 때 여덟 팔(八)자 모양인 팔작지붕이며 지붕 처마를 받치기 위해 장식하여 짜은 구조가 기둥 위뿐만 아니라 기둥 사이에도 있는 다포 양식이다 기둥 위의 장식적인 짜임은 그 짜임새가 매우 견실하며 그 형태가 힘차고 균형이 잡혀 있어 조선 전기의 양식을 잘 보여주고 있다 내부 바닥에는 벽돌을 깔았고 왕이 앉는 의자 뒤로 해와 달 5개의 봉우리가 그려진 일월오악도 병풍을 설치하였다 건물 계단 앞에는 신하들의 신분을 나타내는 24개의 품계석이 놓여 있다 명정전 남측의 문정전과 주변 행각은 1983년부터 3년간에 걸친 복원공사로  대부분 복원하였고 일제 때 격하되었던 창경원의 명칭을 창경궁으로 환원하였다 창경궁의 명정전은 임진왜란 이후에 다시 지은 건물이지만 조선 전기 건축 양식의 특징을 잘 계승하고 있는 건물로 건축사 연구에 귀중한 자료가 된다 소재지상세: 서울특별시 종로구 창경궁로 185 (와룡동 창경궁)', 'score': 0.6971572786569595}, {'text_segment': '국가유산명_국문: 창경궁 국가유산명_한자: 昌慶宮 국가유산종목: 사적 시도명: 서울 시군구명: 종로구 시대: 조선 세종 즉위년(1418) 내용: 창경궁은 1418년 조선 3대 태종이 세종에게 왕위를 물려준 후 생활하던 수강궁壽康宮이 있었던 자리에 지어진 조선시대 궁궐이다 조선 9대 성종은 1483년(1484년 완공) 당시 세 명의 대비(세조의 왕비 정희왕후 추존 덕종의 왕비 소혜왕후(인수대비) 예종의 왕비 안순왕후)를 위해 수강궁을 크게 확장하여 1484년에 완공되어 그 이름을 창경궁이라 하였다 처음 지을 당시에는 명정전·문정전의 정전과 수령전·환경전·경춘전·인양전·통명전 등의 침전 양화당·여휘당·사성각 등의 전각이 있었다 조선시대의 궁궐 중에서 유일하게 동쪽을 향해 지어졌으며 창덕궁과 함께 동궐東闕로 불렸다 창건 당시에는 그다지 사용되지 않다가 임진왜란 때 궁궐이 모두 소실된 이후 광해군 대에 창덕궁과 함께 다시 지어져 고종 대 조선의 법궁인 경복궁이 중건되기까지 조선왕조 역사의 중심 무대가 되었다 창경궁은 경종 정조 순조 헌종이 태어난 곳이자 소현세자 추존 장조(사도세자) 혜경궁(헌경황후) 홍씨가 세상을 떠난 곳이다 그러나 왕조의 상징이었던 창경궁은 1907년부터 일제에 의해 훼손되어 전각 대부분을 헐어내고 동물원과 식물원을 설치하여 일반에 공개하였으며 1911년에는 궁의 이름마저 ‘창경원昌慶苑’으로 격하시켰다 광복 후 1983년 본격적인 복원사업이 시작되어 궁의 이름을 다시 창경궁으로 되찾게 되었고 경내에 있던 동물원은 과천 서울대공원으로 옮긴 후 옛 모습으로 복원하여 현재에 이르고 있다 소재지상세: 서울특별시 종로구 창경궁로 185 (와룡동 창경궁)', 'score': 0.6908845911592992}, {'text_segment': '국가유산명_국문: 조순 장군비 국가유산명_한자: 趙純 將軍碑 국가유산종목: 문화유산자료 시도명: 경남 시군구명: 함안군 시대: NaN 내용: 함안천 동쪽 언덕 위에 자리하고 있는 비로 조순  장군의 지조를 기리고 있다 조순은 요동을 정벌할 때 좌중군을 맡아 출정하였으며 위화도에 이르러 이성계가 회군하려 하자 이를 적극 반대하며 벼슬을 버리고 고향으로 돌아가 나오지 않았다 이성계가 왕위에 오른 후 그를 여러번 불렀으나 끝내 나아가지 않았고 그가 죽은 후 왕이 그의 집 앞에 비를 세우도록 하여 누구든 이 비를 지나갈 때에는 말에서 내릴 것을 명하였다 비는 납작한 받침돌 위로 비몸을 세운 모습으로 비의 윗변을 둥글게 다듬었다 훗날 집 앞에 부서져 있던 것을 이곳으로 옮겨 보존하고 있다 소재지상세: 경남 함안군 가야읍 검암리 586-1번지', 'score': 0.6677060262769626}, {'text_segment': '국가유산명_국문: 창덕궁 국가유산명_한자: 昌德宮 국가유산종목: 사적 시도명: 서울 시군구명: 종로구 시대: 조선 태종 5년(1405) 내용: 창덕궁은 1405년(태종 5)에 창건한 조선왕조의 궁궐이다 처음에는 법궁인 경복궁에 이어 이궁(離宮 법궁 외에 별도로 지은 궁궐)으로 창건했지만 이후 역대 왕들이 주로 창덕궁에 거주하면서 실질적인 법궁의 역할을 하였다 1592년(선조 25)에 임진왜란으로 경복궁 창덕궁 창경궁이 소실되자 제일 먼저 1610년(광해군 2)에 중건되었고 1867년(고종 4) 경복궁이 중건될 때까지 270여 년 동안 법궁으로 사용되었다 창경궁과 함께 동궐(東闕)이라 불렀으며 조선 후기에 들어 옥류천 규장각 주합루 연경당 낙선재 등의 건물이 조성되면서 창덕궁의 영역은 점차 넓어지게 되었다 창덕궁은 크게 국왕의 즉위식 등 큰 행사를 치렀던 정전(인정전)과 국왕이 신하들과 정사를 돌보던 편전(선정전) 왕과 왕비의 생활공간인 내전(희정당 대조전 등) 그리고 휴식공간인 후원(부용지 애련지 등)으로 나누어진다 후원은 자연경관을 살려 울창한 숲과 연못 크고 작은 정자들이 마련되었다 창덕궁은 경복궁과 다르게 건물이 일직선으로 배치된 인위적인 구조를 따르지 않고 주변 산세 지형과 조화를 이루도록 자연스럽게 건축하여 가장 한국적인 궁궐이라는 평가를 받는다 왕가의 생활에 편리하면서도 친근감을 주는 창덕궁의 공간 구성은 경희궁이나 경운궁 등 다른 궁궐의 건축에도 영향을 주었다 비정형적 조형미를 간직한 동아시아의 대표적인 궁궐 건축물로 자연환경과의 완벽한 조화와 배치가 탁월하다는 문화유산적 가치를 인정받아 1997년 12월 6일 유네스코 세계유산에 등재되었다 소재지상세: 서울 종로구 율곡로 99 (와룡동)', 'score': 0.6668068487774543}]",성종
조선 정조가 축조한 성곽은 무엇인가요?,"[{'text_segment': '국가유산명_국문: 순창 대모산성 국가유산명_한자: NaN 국가유산종목: 시도기념물 시도명: 전북 시군구명: 순창군 시대: 삼국시대 내용: 순창 대모산성은 순창읍 금산의 남쪽 끝자락의 독립 구릉지에 위치한 포곡식 산성이며 섬진강 지류인 경천을 자연적인 해자로 활용하여 축조하였다 산성의 입지는 순창에서 담양으로 나가는 길목에 위치하고 있어 고대의 요충지에 해당한다 성곽 안에는 대모암이 위치하고 있다\r\n대모산성은 백제시대 창축된 것으로 전하며 문헌상으로 세종실록 지리지(권151) 신증동국여지승람에 조선 전기까지 운영된 것으로 나타나며 조선 후기의 자료인 문헌비고 여지도서에는 폐지된 성으로 나타난다 산성의 둘레는 875m로 성곽대부분은 붕괴되었고 성벽의 일부 구간 문지 추정 장대지 건물지 2중의 외황 등이 남아 있다 발굴조사 결과 성곽의 구조는 내탁식으로 축조되었다 1997년 북문지와 북성벽 일부 구간이 복원되었다 성곽 내 건물지의 발굴조사 결과 출토된 명문와와 유물로 볼 때  고대 순창의 옛 치소였을 것으로 추정되고 있다 또한 백제시대로부터 조선시대에 이르기까지 섬진강 유역의 관방체계 교통로를 파악할 수 있는 중요한 유적으로 판단된다 성곽의 형태는 대부분 붕괴되었지만 6차례의 발굴조사 성곽의 축조방식이 협축식 적심위에 내탁의 형식으로 축조되었고  산성의 체성 외곽에 2중의 외황이 굴착되어 있는데 이와 같은 사실은 대모산성의 특징으로 주목된다 또한 대모산성은 고려시대 이후 단오 때 성황대신을 모시는 ‘성황제’가 행해진 성지로서 민속학적 가치가 높은 곳이다 소재지상세: 전북특별자치도 순창군', 'score': 0.8412313461303711}, {'text_segment': '국가유산명_국문: 수원축만제 국가유산명_한자: 水原祝萬提 국가유산종목: 시도기념물 시도명: 경기 시군구명: 수원시 시대: NaN 내용: 수원시 팔달구 화서동에 있다 화성부 서쪽에 축조된 수리시설로 수원 화성의 서쪽에 있다 하여 서호(西湖)라고도 불린다 정조가 화성을 쌓으면서 1795년(정조 23)에 내탕금 3만냥을 들여 축조한 관개저수지다 축만제는 천년만년 만석의 생산을 축원한다는 뜻을 가지고 있다 제방 양쪽 끝에 두 개의 수문이 설치되어 있는데 이는 축만제에 가두어둔 물을 활용하기 위한 장치였다 국가적으로 중요한 제방이었으므로 제언 관리를 위하여 감관 1명 감고 1명이 배치되어 있었다 축만제 아래쪽에 설치한 축만제 둔전은 총 규모가 답 83석 15두 4승락에 달했다 정조는 즉위한 이후 농업기술과 농업환경 개선의 핵심은 수리시설이라고 파악했다 그리하여 화성을 축성하면서  주변에 만석거 만년제 축만제 등을 쌓았다 여러 제언이 축조된 후 물이 관리되자 버려졌던 땅들이 비옥한 전토로 바뀌었다 축만제는 조선후기 농업수리 역사에서 중요한 위치를 점하고 있다 소재지상세: 수원시 팔달구 화서동 436-1 외', 'score': 0.7532421462122911}, {'text_segment': '국가유산명_국문: 수원 화성 국가유산명_한자: 水原 華城 국가유산종목: 사적 시도명: 경기 시군구명: 수원시 시대: 조선 정조       20년(1796) 내용: 화성은 조선시대 화성유수부 시가지를 둘러싼 성곽이다 1789년(정조 13) 수원을 팔달산 동쪽 아래로 옮기고 1794년(정조 18) 축성을 시작해 1796년에 완성했다 전체 길이는 574㎞에 달한다 4개의 성문을 비롯해 망루의 일종인 공심돈(空心墩) 대포를 둔 포루(砲樓) 요충지에 세운 각루(角樓) 군사지휘소인 장대(將臺) 등을 두루 갖췄다 화성은 지형을 살려 쌓는 조선의 축성 전통을 따르면서도 새로운 방어시설을 도입한 성곽이다 실학자 정약용은 조선과 중국의 축성 방식을 총망라하여 성곽의 규모와 방어시설 재료를 계획했고 자재를 쉽게 들어 올리는 거중기와 튼튼한 수레 유형거를 발명하여 공사비용도 줄였다 축성의 모든 과정은 『화성성역의궤』라는 공사보고서에 꼼꼼하게 기록했다 건축도면과 축성기계의 그림 사용한 재료의 치수와 수량까지 수록되어 있어 현재까지도 『화성성역의궤』를 바탕으로 수리 보수가 이루어지고 있다 화성은 동서양의 기술교류를 보여주고 지형을 살린 우수한 군사건축물로 인정받아 1997년 유네스코 세계유산에 등재됐다 화성은 성곽뿐 아니라 18세기 말에 만들어진 성곽도시이자 계획 신도시라는 점에서도 큰 가치가 있다 서울과 삼남지방을 잇는 교통의 중심지에 자리 잡은 화성에는 경제적으로 부강한 도시를 만들고자 했던 정조의 뜻과 실학정신이 반영되어 있다 <br/><b>※(화성 → 수원 화성)으로 명칭변경 되었습니다 (20110728 고시) </b> 소재지상세: 경기 수원시 팔달구 장안동 1-2번지', 'score': 0.7450865098886823}, {'text_segment': '국가유산명_국문: 천호산성 국가유산명_한자: 天壺山城 국가유산종목: 시도기념물 시도명: 전북 시군구명: 익산시 시대: 백제시대 내용: 전북특별자치도 익산시 여산면 천호산의 정상을 돌로 둘러쌓은 테뫼식 산성이다 성의 둘레는 669m이고 성벽의 폭은 5∼6m이며 현재 남아 있는 성곽 중 높이가 25m 이상되는 부분도 있다 많이 붕괴되었지만 비교적 성의 전체 윤곽이 확실하게 남아 있다 성 주위에서는 백제 수막새 기와와 토기조각들이 발견되고 있어 백제의 성곽으로 추정되며 당시의 성의 축조방법에 대한 자료적 가치가 있다 소재지상세: 전북 익산시 여산면 호산리', 'score': 0.7407623378139438}, {'text_segment': '국가유산명_국문: 서산산성 국가유산명_한자: 西山山城 국가유산종목: 문화유산자료 시도명: 전북 시군구명: 고창군 시대: 삼국시대 내용: 이 산성은 고창읍에서 서북쪽으로 약 6㎞ 정도 떨어진 석치동 마을 뒷산 섬틀봉에 위치하고 있으며 동·서·남쪽에 하천을 끼고 해발 20m 이하의 작은 지대를 굽어보는 곳에 축성하였다 자연석을 이용하여 쌓은 테뫼식 석성으로서 남쪽은 비교적 작은 돌로 쌓은 반면에 북쪽은 이 보다 큰 돌로 쌓았다 성벽은 남쪽 266m 동쪽 142m 북쪽 322m 정도로서 전체둘레는 730m에 이르며 높이는 약 3m 내외이다 『동국여지』『증보문헌비고』『대동지지』등에는 ‘서산고성’으로 표기되고 삼국시대에 축성된 것으로 기록되어 있어 백제시대에 축조된 것으로 판단되나 성곽 내부에서는 통일신라 토기도 확인되었다 이 산성 주변에는 죽림리고인돌군과 함께 이 성곽과 관련된 것으로 판단되는 백제시대 석실고분과 고려 고분군이 산재되어 있다 소재지상세: 전북특별자치도 고창군 아산면 봉덕리 산 1', 'score': 0.7324723803511601}]",화성
팔만대장경은 왜 제작되었나요?,"[{'text_segment': '국가유산명_국문: 팔만대장경 국가유산명_한자: 八萬大藏經 국가유산종목: 시도유형문화유산 시도명: 강원 시군구명: 평창군 시대: 조선 고종 2년 (1865) 내용: 판수가 8만여 개에 달하고 8만 4천 번뇌에 해당하는 8만 4천 법문을 실었다고 하여 8만대장경이라고 부른다 월정사에 있는 팔만대장경은 해인사의 고려대장경 경판에서 직접 찍어온 것이다 조선 고종 2년(1865)에 찍어내어 월정사에서 보관하고 있다 크기는 가로 846㎝ 세로 24㎝이고 한지에 인쇄하였다 판의 끝에는 경전의 이름과 권수의 간행 차례가 기록되어 있다 천자문 순서대로 새겨 놓았는데 총 1511부 6802권 81137판으로 되어있다 고려 때는 물론이고 조선초에도 인쇄되었으나 전부 남아있는 것은 몇 개 전하여지지 않는다 이 대장경은 조선 고종 2년(1865)에 인쇄한 2부 가운데 하나이다 소재지상세: 강원특별자치도 평창군 오대산로 176 (진부면 월정사성보박물관) 동산리', 'score': 0.7207200825214386}, {'text_segment': '국가유산명_국문: 해인사법보전비로자나불좌상 국가유산명_한자: 海印寺法寶殿毘盧舍那佛坐像 국가유산종목: 시도유형문화유산 시도명: 경남 시군구명: 합천군 시대: NaN 내용: 해인사는 신라 애장왕 때 순응과 이정이 세운 사찰로 의상의 화엄 10찰 중 하나이며 팔만대장경을 보관하고 있는 법보사찰(法寶寺刹)로서 유명하다 불상은 팔만대장경이 보관되어 있는 장경각 뒤편에 있는 법보전의 본존불로서 이마에는 반달 모양이 표현되었고 얼굴은 갸름한 편이다 귀는 어깨까지 길게 내려오고 목에는 3개의 주름인 삼도(三道)가 뚜렷하다 불상이 입고 있는 옷은 왼쪽 어깨에만 걸쳐 있고 주름은 평행 계단식으로 표현되었다 손은 왼손 검지를 오른손으로 감싸고 있는 모습으로 비로자나불이 취하는 일반적인 손모양이다 좌우에는 높이 47㎝의 문수보살과 보현보살이 아담한 크기로 배치되어 있는데 조선 초기 보살상의 특징을 잘 표현하고 있다 소재지상세: 경상남도 합천군 해인사길 122 (가야면 비로전)', 'score': 0.6880330360024858}, {'text_segment': '국가유산명_국문: 재조본 유가사지론 권42 국가유산명_한자: 再雕本 瑜伽師地論 卷四十二 국가유산종목: 보물 시도명: 경기 시군구명: 고양시 시대: 1247년 내용: 이『재조본 유가사지론 권42(再雕本瑜伽師地論卷四十二』은 고려 高宗34년(1247)에 판각되어 그 무렵에 인출된 것으로 보이는 고려대장경 재조본이다 현재 보물 재조본 유가사지론 권64 및 보물 재조본 유가사지론 권55 지정본과 동일본으로 판단되나 권42는 현재 유일본이다 최근 이 『유가사지론』의 경문에서 고려시대에 각필로 구결을 표시한 현상들이 밝혀지고 있어 국어학계에서도 주목되고 있는 판본 중에 하나이다 해인사대장경(팔만대장경)을 완성한 직후인 13세기 중후기에 인출한 초기간본으로 인쇄상태가 선명하고 현전하는 해인사대장경(팔만대장경) 간본 중에서 고려 때 간인한 것이 드문데다 상태가 비교적 온전하여 그 가치가 높다 소재지상세: 경기도 고양시 일산동구 동국로 137-48 원각사', 'score': 0.6593233809118104}, {'text_segment': '국가유산명_국문: 합천 해인사 대적광전 국가유산명_한자: 陜川 海印寺大寂光殿 국가유산종목: 시도유형문화유산 시도명: 경남 시군구명: 합천군 시대: NaN 내용: 팔만대장경이 보관되어 있는 해인사는 통일신라 애장왕 3년(802)에 지어졌다 중심 법당인 대적광전은 2층 건물로 비로전이라 불리다가 조선 성종 19년(1488)에 다시 지으면서 대적광전으로 이름을 바꾸었다 그 뒤 여러 차례의 화재가 있어 옛 모습을 찾아 볼 수 없고 지금의 건물은 순조 17년(1817)에 다시 지은 것을 1971년 대폭 수리한 것이다 앞면 5칸·옆면 4칸 규모로 지붕 옆면이 여덟 팔(八)자 모양인 팔작지붕집이다 내부에는 중앙의 비로자나불을 중심으로 좌우에 문수보살과 보현보살을 모시고 있다 소재지상세: 경상남도 합천군 해인사길 122 (가야면 비로전)', 'score': 0.6114621732733405}, {'text_segment': '국가유산명_국문: 서각장 국가유산명_한자: 서각장 국가유산종목: 시도무형유산 시도명: 경기 시군구명: 평택시 시대: NaN 내용: 서각은 나무나 돌에 글자를 새기는 일을 말하며 서각장은 이 일을하는 장인이다 서각은 본디 책을 인출하거나 편액을 새겨 걸기 위해 글자를 새기던 각자장刻字匠의 소임과 다르지 않다 각자가 근래 들어 벽에 걸고 감상하는 예술의 영역으로 나아가면서 붙은 별칭인 셈이다 각자의 영역은 규모가 작은 인장이나 전각 등 신표의 기능을 가진 것에서 인출용 각자 건물에 거는 편액 등으로 다양하다 다만 인출용 각자는 인쇄를 위해 글자를 거꾸로 새기는 점이 다르다 한국의 각자기술은 인쇄기술과 함께 우수성이 널리 알려져 있다 그 증거인 목판 가운데 가장 오래된 유물로 통일신라시대(751년)에 제작된 『무구정광대다라니경無垢淨光大陀羅尼經』이 남아 있으며 고려시대 해인사 팔만대장경을 비롯하여 조선시대의 유교목판 다수가 전하고 있다 목판을 통해 지식이 보급되는 통로가 되었음은 물론이다 금속활자 또한 목활자를 모자母字로 하여 제작되었음을 상기하면 각자장의 역할이 지대하였음을 알게 된다 각자에 알맞은 나무는 보통 산벚나무나 대추나무 박달나무 배나무가래나무 등이 꼽힌다 무늬의 요철이 적고 단단하며 질긴 목질이 요구되기 때문이다 목판에 글자를 새기기 위해서는 먼저 재료의 성질을 다스리기 위한 섬세한 과정이 필요하다 바닷물이나 개펄에 수년간 담가 두거나 솥에 삶아서 쓰는 것이 오래된 방법이었다 다만 전통 각자에서는 칼등을 망치로 치는 대신 칼을 손으로 밀거나 당겨 새기는 방법이 일반적이었다 각자장은 국가무형유산으로 일찍이 지정받은 고 오옥진과 김각한이 있으며 여러 지역에 각자장이 지정되었다 경기도에는 서각장 이규남이 2004년에 보유자로 인정되어 활동하고 있다 이규남은 오옥진과 신학균의 문하에서 각자를 배우고 글씨는 김충현에게 배워 그동안 편액과 목판 여러 점을 복원하였다 소재지상세: 경기도 평택시', 'score': 0.6073055797358962}]",몽골의 침입을 막기 위해
조선시대 봉수대는 어떤 방식으로 소식을 전달했나요?,"[{'text_segment': '국가유산명_국문: 진주광제산봉수대 국가유산명_한자: 晋州廣濟山烽燧臺 국가유산종목: 시도기념물 시도명: 경남 시군구명: 진주시 시대: 진주를 통과하는 남해안의 위급한 상황을 서울로 전달하는 내륙의 중요한 통신수단 역할이며 조선 세종 때에 축조 내용: 봉수대는 횃불과 연기를 이용하여 급한 소식을 전하던 옛날의 통신수단을 말한다 높은 산에 올라가서 불을 피워 낮에는 연기로 밤에는 불빛으로 신호를 보냈다 광제산 봉수대는 조선 세종(재위 1418∼1450) 때 만들어진 것으로 추정되며 동래에서 서울 목멱산(지금의 남산) 중앙봉수에 이르는 봉화선로를 연결하고 있다 이곳 봉수대는 남쪽으로는 망진산 봉수대와 북쪽으로는 단성의 입암산 봉수와 연결되어 있었으며 현재는 봉수대 일부의 흔적만 남아있다 소재지상세: 경남 진주시 명석면 덕곡리 산1번지', 'score': 0.8477181792259216}, {'text_segment': '국가유산명_국문: 통영 미륵산 봉수대 국가유산명_한자: 統營 彌勒山 熢燧臺 국가유산종목: 시도기념물 시도명: 경남 시군구명: 통영시 시대: NaN 내용: 봉수대는 횃불과 연기를 이용하여 급한 소식을 전하던 옛날의 통신수단을 말한다 높은 산에 올라가서 불을 피워 낮에는 연기로 밤에는 불빛으로 신호를 보냈다 이 봉수대는 남해안 일대와 대마도가 한눈에 바라다 보이는 통영성 남쪽 4㎞ 지점의 미륵산 제2봉(450m)에 있다 기록에 따르면 고려말∼조선초에 설치하였으며 거제의 가리산 봉수를 받아 지금의 통영시 우산 봉수로 전달하였다고 한다 산봉우리 동남쪽 경사면에 높이 5m정도의 3단으로 된 석축과 북쪽 경사면에 약간의 석축 흔적이 남아 있다 정상에는 이 석축을 축대로 하여 만든 지름 75∼78m정도의 반원형 터가 남아 있는데 바다를 향해 돌출된 형태로 되어 있어 봉수대 또는 망대의 기능을 갖고 있다 봉수대 뒤편 약간의 평지에는 간단한 건물터와 함께 통일신라시대의 민화무늬 토기조각도 발견되고 있어 통일신라시대에는 이 지역을 제사를 지내는 곳으로 이용하였을 가능성이 있다 소재지상세: 경상남도 통영시 산양읍 영운리 산 189', 'score': 0.8316495049051498}, {'text_segment': '국가유산명_국문: 창원 가을포 봉수대 국가유산명_한자: 昌原 가을포 烽燧臺 국가유산종목: 시도기념물 시도명: 경남 시군구명: 창원시 시대: 고려시대 내용: 봉수대는 횃불과 연기를 이용하여 급한 소식을 전하던 옛날의 통신수단을 말한다 높은 산에 올라가서 불을 피워 낮에는 연기로 밤에는 불빛으로 신호를 보냈다 가을포 봉수대는 진동면 광암마을 뒷산 능선에 있으며 서울 목멱산(지금의 남산) 중앙 봉수에 이르는 봉화선로의 중간노선을 연결하는 간봉(間烽)이다 가을포 봉수대는 진해읍성과 관계가 있으며 인접한 고성 우산봉수 곡산 봉수의 신호를 받아 함안 파산 봉수 의령 가막산 봉수로 전달하였다 현재 직경 13m 정도의 원형 축대 안쪽에 화덕 1기를 복원해두고 있으나 학술적인 고증을 거치지 않고 복원하여 원형에 손상이 많다 소재지상세: 경남 창원시 마산합포구 진동면 산60번지', 'score': 0.8298341016688582}, {'text_segment': '국가유산명_국문: 기장 아이봉수대 국가유산명_한자: 機張 阿爾烽燧臺 국가유산종목: 시도기념물 시도명: 부산 시군구명: 기장군 시대: NaN 내용: 봉수대는 횃불과 연기를 이용하여 급한 소식을 전하던 옛날의 통신수단을 말하며 높은 산에 올라가서 불을 피워 낮에는 연기로 밤에는 불빛으로 신호를 보냈다 이 유적은 서생포  방면의  군사 정보를 중앙으로 알 리는 옛 통신시설의 하나로 낮에는 연기 밤에는 불빛으로 신호하되 일정하게 조직된 봉수망을 따라 전달되었다 불빛과 연기의 숫자에 따라 위급한 정도가 정해져 있었고 비나 궂은 날씨로 신호가  불가능하면 봉수대를 지키던 군사가 뛰어가서 다음 봉수대에 알렸다 전국의 봉수망은 크게 다섯갈래의 원봉이 있고 원봉에  전달되는  간봉이  있었는데 간봉은 주요 봉수망으로 각처의 군사정보를 알 리는 곳이었다 경상도 지역에는 원봉 34개소에 90개의 간봉이 있는데 이중하나가 바로 이곳이다 경주지역을  거쳐 중앙으로  연결되었다 봉수망은  고려시대에 정비되고 조선 세종때에 완비되었는데 이곳도 세종때 봉화대를 만들던 규치과 일치하고 있다 중앙의 봉돈은 높이 24m 지름 9m의 돌로 쌓은 것으로 그 바깥으로 높이 15m 너비 15m 지름 30m쯤의 돌로쌓은 담장과 지름 40m쯤의 담장이 바깥과 구분하여 나타내고 있다 각처에 남아있는  봉수대들 가운데 비교적 원래의 모습을 잘 알 수 있는 것 중 하나이다 소재지상세: 부산 기장군 장안읍 효암리 산51-1번지 외 2필', 'score': 0.8272766660413287}, {'text_segment': '국가유산명_국문: 고성 곡산 봉수대 국가유산명_한자: 固城 曲山 烽燧臺 국가유산종목: 시도기념물 시도명: 경남 시군구명: 고성군 시대: 조선조초기 내용: 봉수대는 높은 산봉우리에 봉화를 올릴 수 있게 설비해 놓은 곳이다 봉수는 과거 횃불[烽]과 연기[燧]로 적의 침입을 중앙에 알리던 군사 통신 수단이었다 천왕점 봉수대는 해안과 내륙을 한눈에 내려다 볼 수 있는 천왕산 주능선 끝부분(해발 353m)에 있다 조선 시대의 봉수 노선은 전국의 봉수망을 연결하는 근본 노선인 직봉(直烽)을 중심으로 연결되었는데 직봉 사이에는 중간의 신호가 전달되지 못할 것을 우려하여 직봉으로 전달되는 작은 갈래인 간봉(間烽)이라는 보조 노선을 두었다 천왕점 봉수대는 간봉으로 봉수대 사이의 중간 지역을 연결하거나 국경 초소로부터 각 마을에 소식을 전하는 역할을 하였다 천왕점 봉수대는 다섯 갈래의 직봉 중에 경상도의 동래에서 경북 충북 경기도를 거쳐 중앙봉수로 연결되는 제2로에 포함되었는데 남쪽으로는 통영 우산 봉수와 동쪽으로는 고성 곡산 봉수와 연결된다 천왕점 봉수대를 쌓은 시기를 정확히 알 수 없으나 문헌의 기록을 살펴보면 1425년 이전에 쌓아 만든 것으로 보인다 2005년 경남고고학연구소의 문화유산 발굴조사에서 봉수대의 구조가 밝혀졌다 봉수대는 긴 직사격형 모양인 말각장방형(抹角長方形)의 방호벽(防護壁)으로둘러져 있고 그 내부에 불을 피우는 아궁이인 연조(煙槽)가 설치돼 있다 방호벽의 규모는 긴 쪽은 23m 짧은 쪽은 19m이고 현재 남아 있는 방호벽의 높이는 3m이다 방호벽 안쪽의 면적은 230㎡이며 남쪽에 있는 방호벽 가운데에 계단으로 된 출입 시설이 있다 방호벽 안쪽의 평평한 곳에 모두 5기의 연조가 있으며 연조의 평면은 원형이나 사각형인 직사각형 모양인 방형으로 돼 있다 봉수대 주변에서 담장 구 집석 등이 확인되었으나 그 정확한 규모와 성격은 파악되지 못하였다 그리고 봉수대를 지키던 군인들이 경작한 것으로 추정되는 채소밭이 확인되었다 소재지상세: 경상남도 고성군 동해면 내곡리 산 52-2 외5필지', 'score': 0.8195156197731774}]",불빛과 연기를 이용해
한글을 창제한 왕은 누구인가요?,"[{'text_segment': '국가유산명_국문: 전보장정(2012-1) 국가유산명_한자: 電報章程(2012-1) 국가유산종목: 국가등록문화유산 시도명: 서울 시군구명: 서초구 시대: 1888년 내용: 1888년(고종 25년)에 우리나라에서 제정한 최초의 전신규정(電信規程)을 담고 있는 문헌으로 32항의 조문과 전신부호 요금 등이 규정되어 있다 이 중 김학우(金鶴羽)가 만든 국문 전신부호인 ‘국문자모 호마타법’은 자음과 모음을 짧은 점과 긴 점의 두 가지 기호를 조합하여 만든 2진법 체계의 모스 부호와 같은 원리이며 이 2진법은 오늘날 한글 코드로 발전하게 되었다 훈민정음이 창제된 이후 최초로 한글의 기계화가 이루어진 결과물로 중요한 가치를 지닌다 소재지상세: 서울특별시 서초구 반포대로 201 국립중앙도서관', 'score': 0.7925354483233868}, {'text_segment': '국가유산명_국문: 전보장정(2012-2) 국가유산명_한자: 電報章程(2012-2) 국가유산종목: 국가등록문화유산 시도명: 경기 시군구명: 성남시 시대: 1888년 내용: 1888년(고종 25년)에 우리나라에서 제정한 최초의 전신규정(電信規程)을 담고 있는 문헌으로 32항의 조문과 전신부호 요금 등이 규정되어 있다 이 중 김학우(金鶴羽)가 만든 국문 전신부호인 ‘국문자모 호마타법’은 자음과 모음을 짧은 점과 긴 점의 두 가지 기호를 조합하여 만든 2진법 체계의 모스 부호와 같은 원리이며 이 2진법은 오늘날 한글 코드로 발전하게 되었다 훈민정음이 창제된 이후 최초로 한글의 기계화가 이루어진 결과물로 중요한 가치를 지닌다 소재지상세: 경기도 성남시 분당구 하오개로 323 한국학중앙연구원', 'score': 0.7885893827796089}, {'text_segment': '국가유산명_국문: 공병우 세벌식 타자기(2013-2) 국가유산명_한자: 公丙禹 세벌式 打字機(2013-2) 국가유산종목: 국가등록문화유산 시도명: 서울 시군구명: 종로구 시대: 1949~1952 내용: 공병우가 개발한 세벌식 타자기의 최초 양산 모델로 미국의 언더우드(UNDERWOOD)사에 생산을 의뢰하여 한국으로 수입한 것이다 현재 우리가 사용하고 있는 표준 자판은 자음과 모음으로 이루어진 두벌식 배열이지만 공병우 타자기의 자판은 세벌식 배열로써 글쇠에 자음과 모음 외에 받침까지 추가되어 있다 세벌식은 초성·중성·종성으로 나누어지는 훈민정음 창제의 원리가 타자기의 자음 모음 받침의 글쇠로 구현된 것이다 실용화된 한글 타자기의 초창기 제품으로서 한글의 기계화에 중요한 기여를 하였다 소재지상세: 서울특별시 종로구', 'score': 0.7846283458532193}, {'text_segment': '국가유산명_국문: 공병우 세벌식 타자기(2013-1) 국가유산명_한자: 公丙禹 세벌式 打字機(2013-1) 국가유산종목: 국가등록문화유산 시도명: 서울 시군구명: 동대문구 시대: 1949~1952 내용: 공병우가 개발한 세벌식 타자기의 최초 양산 모델로 미국의 언더우드(UNDERWOOD)사에 생산을 의뢰하여 한국으로 수입한 것이다 현재 우리가 사용하고 있는 표준 자판은 자음과 모음으로 이루어진 두벌식 배열이지만 공병우 타자기의 자판은 세벌식 배열로써 글쇠에 자음과 모음 외에 받침까지 추가되어 있다 세벌식은 초성·중성·종성으로 나누어지는 훈민정음 창제의 원리가 타자기의 자음 모음 받침의 글쇠로 구현된 것이다 실용화된 한글 타자기의 초창기 제품으로서 한글의 기계화에 중요한 기여를 하였다 소재지상세: 서울특별시 동대문구 회기로 56- (사)세종대왕기념사업회', 'score': 0.7771958469591106}, {'text_segment': '국가유산명_국문: 한글고비 국가유산명_한자: 한글古碑 국가유산종목: 시도유형문화유산 시도명: 서울 시군구명: 노원구 시대: NaN 내용: 조선 중종 때 승문원 부정자를 지낸 이윤탁 선생의 묘 앞에 서 있는 비로 묘의 훼손을 경계하는 내용이 한글로 적혀 있다 비는 사각의 받침돌 위에 비몸만을 세워둔 간결한 구조로 비몸의 윗변 양쪽을 비스듬하게 다듬었다 서쪽면에는 한글 30자가 기록되어 있는데 이윤탁의 셋째 아들인 이문건이 글을 짓고 글씨를 새긴 것이다 비 뒷면에 새겨진 기록으로 미루어 중종 31년(1536)에 비를 세운 것으로 보이는데 이는 세종대왕이 훈민정음을 반포한 지 90년이 지난 후의 일이다 글씨는 한글창제 당시와 똑같은 글씨에 서민적인 문체로 쓰여져 있다 남아있는 ‘한글비’중에서 가장 오래된 것으로 평가되고 있으며 아직 한글이 널리 사용되지 못했던 시기에 과감히 ‘한글묘비’를 세웠다는 점에서 그 가치는 더욱 돋보인다 소재지상세: 서울 노원구 한글비석로 202 (하계동)', 'score': 0.7050362105738486}]",세종대왕
단군신화는 어떤 나라의 건국 이야기를 담고 있나요?,"[{'text_segment': '국가유산명_국문: 부여천진전단군화상 국가유산명_한자: 扶餘天眞殿檀君畵像 국가유산종목: 문화유산자료 시도명: 충남 시군구명: 부여군 시대: NaN 내용: 개국신화의 주인공인 단군 왕검의 초상화이다 우리나라 개국신화는 그 내용이 약간씩 다르지만『삼국유사』와『제왕운기』에 전해지고 있는 내용을 보면 다음과 같다 “환웅이 아버지인 환인의 허락을 받아 하늘에서 내려와 태백산에 살기 좋은 인간세상을 건설하고자 하였다 그 후 곰이 변한 웅녀와 혼인하여 인간인 왕검을 낳았다 그는 평양에 도읍을 정하고 나라이름을 조선이라 하고 1908년의 수를 누린 끝에 아사달산의 산신이 되었다 ” 단군 왕검의 초상화는 전국 각지에 모셔두고 있지만 형태가 모두 다르다 전설에 의하면 신라의 화가인 솔거가 꿈속에서 단군을 만나 친필을 전해 받았다고 하고 황해도 구월산에 있는 사당에 환인·환웅·왕검의 초상화가 있다고 하나 확인되지는 않는다 이 그림은 가로 34㎝ 세로 53㎝ 크기의 전신상으로 1920년 대에 그려 놓은 것으로 추정된다 다른 초상화에 비해 크기가 작은 편이며 중국산 인조비단에 전신을 엷게 채색하여 그렸다 대종교의 신도였던 항일운동가 강우가 황해도에서 이 그림을 가져와 그의 아들에게 물려주었으며 지금은 국립부여박물관에서 보관중이다 소재지상세: 충남 부여군 부여읍 동남리 산16번지 국립부여박물관', 'score': 0.8560815751552582}, {'text_segment': '국가유산명_국문: 대고장 국가유산명_한자: 大鼓匠 국가유산종목: 시도무형유산 시도명: 대구 시군구명: 북구 시대: NaN 내용: 북은 나무로 짠 통에 가죽을 씌우고 채로 두드려 연주하는 악기이다 악기분류법에 의해 혁부(革部)에 드는 장구와 갈고(鞨鼓)를 제외한 정악과 민속악에 쓰이는 종류를 말한다 대고(大鼓)는 북 중에서 큰북을 말하는 것이다 한국의 큰북은 우리나라의 신화(단군신화·주몽신화) 전설(낙랑공주와 자명고)에서부터 등장하여 고대사회의 습속(부여의 영고)에도 이미 정착되어 있던 한국 악기 중에서 가장 역사가 오랜 악기로서 정악과 민속악에 구분없이 사용되어온 필수적인 악기이다 큰북의 제작과정 중 가죽가공은 생가죽을 소금쳐서 저장한 다음 40시간 정도 물에 담구어 불린 다음 털을 뽑는 작업을 거쳐 가죽을 나무판 위에 놓고 두께를 맞추어 대패질하여 재단과 건조 등의 과정을 거친다 북통은 목재를 자른 뒤 건조 통조각 맞추기 북통세우기 대패질 칠 등을 거쳐 가공된 가죽을 통과 연결하고 단청(丹靑)을 한다 북통에 쓰이는 재료로는 오동 육송 등이 있다 현재 대구의 김종문씨가 대고장 기능보유자로 인정되어 큰북제작의 전통을 이어나가고 있다 소재지상세: 대구광역시 북구', 'score': 0.7080889458195733}, {'text_segment': '국가유산명_국문: 동국사략 국가유산명_한자: 東國史略 국가유산종목: 문화유산자료 시도명: 대전 시군구명: 유성구 시대: 1403(태종3) 내용: 『東國史略』은 여러 종류의 문헌이 전해지고 있다 태종대 권근의 『동국사략』 이우(李堣 : 1469~1517)의 『동국사략』 박상(朴祥 : 1474~1530)의 『동국사략』 유희령(柳希齡 : 1480~1552)의 『동국사략』 민제인(閔齊仁 : 1493~1549)의 『동국사략』 등이 있다 이중에서 권근이 찬술한 『동국사략』은 단군에서 신라말까지만 서술한 것이다 나머지 이본들은 단군에서 고려말까지 서술되어 있다 그런데 본서는 6권 2책본으로 그 내용이 단군에서 고려말까지 서술된 내용이기 때문에 권근이 편찬한 『동국사략』이 아닌 것으로 보인다 즉 본서는 선초 눌재(訥齋) 박상(1474~1530)이 6권 2책으로 편찬한 『동국사략』이다 조선 초 권근(權近)이 편찬한 『동국사략』과 이름이 같아 한 때 권근의 저서로 잘못 알려져 왔던 것이다 『대동야승(大東野乘)』의 임보신(任輔臣)이 쓴 「병진정사록(丙辰丁巳錄)」에 박상이 『동국사략』을 찬술하였으며 고려사까지 다루고 있다는 기록 김휴(金烋)의 『해동문헌총록(海東文獻總錄)』에 6권으로 고려사까지 기술되고 있다는 기록 이인영(李仁榮)의 『청분실서목(淸芬室書目)』에 현존하는 6권의 책이 눌재 박상이 찬한 것이라는 기록 등을 통해 박상이 편찬했다는 사실을 알 수 있다 본서의 편찬연대는 밝혀져 있지 않으나 16세기 초반으로 추정된다 1권에서는 단군조선부터 고구려 멸망까지 2권에서는 문무왕 9년 이후 신라 역사 3권에서 6권까지는 고려시대의 역사를 기술하고 있다 고대사에서는 본기사로서 단군조선을 비롯하여 기자조선 위만조선 삼한의 역사를 두루 기술하였고 삼국의 역사를 개략적으로 소개하고 있다 자연 현상과 관련된 기록은 생략하였으며 유교적인 기준에서 열전에 오른 인물에 대한 행적은 빠짐없이 기술하였다 고려시대의 역사는 사건의 기사 앞에 각 왕의 연대를 표기하였으며 조선 건국에 반대하고 고려 왕조에 절의를 지킨 인물들을 칭송하고 긍정적으로 평가하였다 그리고 조선 건국에 공을 세운 정도전은 오히려 폄하하는 등 조선 중기 사림파의 역사인식을 보여주고 있다 소재지상세: 대전광역시 유성구 도안대로 398 (상대동 대전시립박물관)', 'score': 0.6634402401686428}, {'text_segment': '국가유산명_국문: 옥구향교대성전 국가유산명_한자: 沃溝鄕校大成殿 국가유산종목: 문화유산자료 시도명: 전북 시군구명: 군산시 시대: NaN 내용: 향교는 공자와 여러 성현들께 제사를 지내고 지방민의 교육과 교화를 위해 나라에서 세운 교육기관이다 옥구향교는 조선 태종 3년(1403) 이곡리에 처음 지었고 인조 24년(1646)에 지금 있는 자리로 옮겼다 대성전의 규모는 앞면 3칸·옆면 2칸이며 지붕은 옆면에서 볼 때 사람 인(人)자 모양인 맞배지붕이다 안쪽에는 공자를 비롯한 그 제자와 우리나라 성현들의 위패를 모시고 있다 조선시대에는 나라에서 토지와 노비·책 등을 지원받아 학생을 가르쳤으나 지금은 교육 기능은 없어지고 제사 기능만 남아 있다 옥구향교의 특색은 단군에게 제사지내는 단군묘와 최치원의 영정을 모신 문창서원 세종대왕 숭모비(崇慕碑)와 비각이 있다는 점이다 소재지상세: 전북 군산시 옥구읍 광월길 33-50 (상평리)', 'score': 0.6222908608810143}, {'text_segment': ""국가유산명_국문: 애원성 국가유산명_한자: NaN 국가유산종목: 이북5도 무형유산 시도명: 함경북도 시군구명: 전역 시대: NaN 내용: 조선시대 6진 정책으로 새 땅을 일구어내는 시기에 원주민과 각처에서 온 이주민들의 생활사를 담은 함경도의 대표적 민요이다 혼자서 산길을 걸을 때에나 혼자 김을 맬 때에 흥얼거리며 부른다고 한다 임과의 이별의 슬픔 고단한 살림살이 유랑민의 애환 들과 같이 주로 변방 사람들이 겪는 생활 주변의 이야기를 소재로 삼고 있어서 제목 그대로 애원이 깃든 노래이다 높은 음으로 질러 내는 부분이 많아 마치 슬픔이나 시름을 한껏 토해 내는 듯한 느낌을 준다 그러나 음의 조직이 독특해서 〈신고산타령〉이나 〈궁초 댕기〉와 같은 '라' '도' '레' '미' '솔'이 아니고 경기 민요 음계의 제1형과 같은 '솔' '라' '도' '레' '미'이고 종지음도 '솔'이다 소재지상세: 함경북도"", 'score': 0.6200954322002221}]",고조선
경희궁을 건립한 조선의 왕은 누구인가요?,"[{'text_segment': '국가유산명_국문: 경희궁 흥화문 국가유산명_한자: 慶熙宮 興化門 국가유산종목: 시도유형문화유산 시도명: 서울 시군구명: 종로구 시대: 1616(광해군8년) 내용: 조선 광해군 8년(1616)에 세운 경희궁의 정문이다 그러나 일제가 경성중학교를 건립하고자 궁내의 많은 전각을 헐면서 그 기능을 상실했다 그 후 일제는 1932년 남산 자락에 이등박문(伊藤博文)을 위한 사당인 박문사(博文寺)를 건립할 때 정문으로 사용하였다 해방후 박문사는 폐사되고 흥화문은 영빈관(迎賓館) 및 신라 호텔의 정문으로 사용되기도 했다 1988년 서울시는 경희궁 복원 계획의 일환으로 흥화문을 지금의 자리로 이전(移轉) 복원하였다 그러나 원 자리는 동향을 보고 배치했다고 하나 그 위치는 현재 찾기 힘들다 정면 3칸 측면 2칸의 우진각 지붕의 다포 양식 건물로 정전인 숭정전 황학정과 더불어 건축적 성격을 이해하는데 중요한 자료이다 소재지상세: 서울특별시 종로구 새문안로 55 (신문로2가 서울역사박물관)', 'score': 0.7704508304595947}, {'text_segment': '국가유산명_국문: 경희궁 숭정전 국가유산명_한자: 慶熙宮 崇政殿 국가유산종목: 시도유형문화유산 시도명: 서울 시군구명: 중구 시대: 광해군10년(1618) 내용: 경희궁은 조선 광해군 9년(1617)부터 12년(1620) 사이에 지어진 궁궐로 임금이 항상 머무르던 곳이 아니라 본궁을 떠나 잠시 머무르던 이궁이다 광해군 10년(1618)에 지어진 숭정전은 경희궁의 정전으로 임금이 신하들의 조례를 받고 공식적인 행사를 하던 곳이다 그러나 1910년 일본인들에 의해 강제로 철거되어 1926년 조계사로 옮겨 세워졌다가 현재는 동국대학교 안의 정각원이라는 법당으로 쓰이고 있는데 내부가 불교 의례를 행하기에 알맞게 변형되어 있다 앞면 5칸·옆면 4칸 규모로 지붕 옆면이 여덟 팔(八)자 모양인 팔작지붕이다 지붕을 받치면서 장식을 겸하는 공포가 기둥 위에만 있는 주심포 양식의 건물로 정전다운 품격을 갖추고 있다 경희궁에 있던 건물 중 가장 크고 화려하게 지어진 장엄한 건물이었을 것으로 짐작된다 서울시에서는 1985년부터 5차례의 발굴 조사를 실시했고 그 결과를 토대로 숭정전을 6년에 걸쳐 복원했다 경희궁 숭정전은 창경궁 명정전과 함께 조선 중기 궁궐건축 연구에 중요한 자료가 되고 있다 소재지상세: 서울특별시 중구 장충동2가 192-5', 'score': 0.7067632687073022}, {'text_segment': '국가유산명_국문: 경희궁지 국가유산명_한자: 慶熙宮址 국가유산종목: 사적 시도명: 서울 시군구명: 종로구 시대: 조선시대 후기 내용: 원종의 집터에 세워진 조선후기의 대표적인 이궁이다 원종(1580∼1619)은 선조의 5째 아들이자 인조의 아버지로 후에 왕으로 추존되었다 1617년(광해군 9년)에서 1620년에 세워진 경희궁은 원래 경덕궁 이었으나 영조 36년(1760)에 이름이 바뀌었다 원래의 규모는 약 7만여평 이었다 그러나 민족항일기인 1907년부터 1910년에 걸쳐 강제로 철거되어 궁궐로서의 존재가치를 상실하였고 궁터도 철저하게 파괴되고 변형되어 결국 현재의 규모로 축소되었다 경희궁에는 부속건물로 회상전 융복전 집경당 흥정당 숭정전 흥학문 황학정이 있었는데 융복전과 집경당은 없어졌다 나머지 건물은 1910년 지금의 서울고등학교가 설립된 후 회상전은 조계사로 흥정당은 광운사로 숭정전은 조계사에 옮겼다가 다시 동국대학교 안으로 흥화문은 박문사로 황학정은 사직공원 뒤로 각각 옮겨져 보존되고 있다 소재지상세: 서울 종로구 새문안로 45 (신문로2가)', 'score': 0.676765653001981}, {'text_segment': '국가유산명_국문: 서궐도안 국가유산명_한자: 西闕圖案 국가유산종목: 보물 시도명: 서울 시군구명: 성북구 시대: NaN 내용: 표제에서 서궐(西闕)은 경복궁(北闕)의 서쪽에 있는 궁궐 즉 경희궁(慶熙宮)을 의미한다 1620년(광해군12)에 영건된 경희궁의 원래 이름은 경덕궁(慶德宮)이었으나 1760년(영조 36)에 경희궁으로 개명하였다 & lt;서궐도안&gt;은 이 경희궁의 전경(全景)을 그린 그림으로 &lt;동궐도&gt;(국보)와는 달리 채색이 가해지지 않은 밑그림 형태로 전해지고 있다 경희궁은 1829년 여러 전각이 화재로 소실되자 1830년 중건을 시작하여 1831년 완성하였는데 ·서궐영건도감의궤(西闕營建都監儀軌)·를 통해 중건에 관한 자세한 상황을 알 수 있다 이 의궤와 &lt;서궐도안&gt;을 비교하면 부분적으로 차이가 발견되어 &lt;서궐도안&gt;은 중건 이전의 모습을 담고 있는 것으로 생각된다 이 &lt;서궐도안&gt;은 수묵으로만 그리는 백묘(白描)의 계화(界畵) 양식으로 그린 것으로 먹 아래에는 밑그림이 남아 있는 부분이 있다 산수 묘법과 나무를 그리는 수지법에서는 비수(肥瘦)가 있는 필치로 회화적 표현이 두드러진다 건물은 자를 대고 윤곽선을 명료하게 긋고 있으며 각 건물의 지붕에 이름을 써 넣었다 대부분의 전각이 이건 변용 훼철되어 버린 경희궁의 옛 모습을 한눈에 살필 수 있을 뿐만 아니라 정밀하고 자세한 묘사로 복원의 토대가 되는 중요한 그림이다 또한 작화 과정의 일단을 짐작할 수 있는 밑그림이란 점에서도 주목된다 소재지상세: 서울 성북구 안암로 145 고려대학교박물관 (안암동5가고려대학교안암캠퍼스(인문사회계))', 'score': 0.6663250188619576}, {'text_segment': '국가유산명_국문: 조순 장군비 국가유산명_한자: 趙純 將軍碑 국가유산종목: 문화유산자료 시도명: 경남 시군구명: 함안군 시대: NaN 내용: 함안천 동쪽 언덕 위에 자리하고 있는 비로 조순  장군의 지조를 기리고 있다 조순은 요동을 정벌할 때 좌중군을 맡아 출정하였으며 위화도에 이르러 이성계가 회군하려 하자 이를 적극 반대하며 벼슬을 버리고 고향으로 돌아가 나오지 않았다 이성계가 왕위에 오른 후 그를 여러번 불렀으나 끝내 나아가지 않았고 그가 죽은 후 왕이 그의 집 앞에 비를 세우도록 하여 누구든 이 비를 지나갈 때에는 말에서 내릴 것을 명하였다 비는 납작한 받침돌 위로 비몸을 세운 모습으로 비의 윗변을 둥글게 다듬었다 훗날 집 앞에 부서져 있던 것을 이곳으로 옮겨 보존하고 있다 소재지상세: 경남 함안군 가야읍 검암리 586-1번지', 'score': 0.6386976800499027}]",광해군
신라의 화랑도는 어떤 집단이었나요?,"[{'text_segment': '국가유산명_국문: 상서장 국가유산명_한자: 上書莊 국가유산종목: 시도기념물 시도명: 경북 시군구명: 경주시 시대: NaN 내용: 최치원이 임금에게 글을 올리던 장소이다 최치원은 통일신라 후기의 학자로 12세 되던 경문왕 8년(868)에 당나라로 유학하여 18세에 과거급제 한 후 벼슬길에 올랐다 헌강왕 11년(885)에 귀국하여 진성여왕에게 시무10조(時務十條)를 올리는 등 어지러운 국정을 바로잡기 위해 노력하였으며 노년에는 가야산 지리산 등 명산에 은둔하며 지내다가 가야산 해인사에서 생을 마쳤다 뛰어난 문장가이기도 한 그는 많은 저서와 비문을 남겼는데 특히 난랑비서문(鸞郞碑序文)은 신라화랑도를 설명해 주는 귀중한 자료가 되고 있다 이곳에는 영정각 상서장 추모문 등이 건립되어 있고 조선 고종 때 건립된 비가 남아 있다 지금은 최치원의 초상화를 모셔놓고 제사를 지내고 있다 소재지상세: 경북 경주시 서라벌대로 105-12 외 임야 11필 (인왕동)', 'score': 0.713964279934475}, {'text_segment': '국가유산명_국문: 금곡사지원광법사부도탑 국가유산명_한자: 金谷寺址圓光法師浮屠塔 국가유산종목: 문화유산자료 시도명: 경북 시군구명: 경주시 시대: NaN 내용: 부도는 승려의 무덤을 상징하여 그 유골이나 사리를 모셔둔다 금곡사터에 자리하고 있는 이 부도는 신라 진평왕 때의 승려인 원광법사의 사리를 모시고 있다 원광법사(∼630)는 화랑도의 생활신조인 세속오계를 제정한 인물로 불교사상 뿐만 아니라 문장에도 능하여『걸사표』를 지어 중국 수나라에 보내기도 하였다 진평왕 52년(630) 황룡사에서 돌아가시어 명활산에서 장사를 지낸 후 이곳에 그의 사리탑을 세웠다 부도는 부서진 채 일부만 남아있던 것을 최근에 새로이 복원한 것으로 3층 석탑의 형식을 하고 있다 널다란 바닥돌 위로 높직한 1층 기단(基壇)을 두고 3층의 탑신(塔身)을 올려 놓았는데 그 중 바닥돌과 탑신의 1층 몸돌 및 3층 지붕돌만이 원래의 것이다 탑신의 1층 몸돌은 네 면마다 문모양의 무늬를 두고 그 안을 살짝 파내어 불상을 도드라지게 새겨 두었다 지붕돌은 밑면에 4단씩의 받침을 두었으며 윗면에는 느린 경사가 흐른다 꼭대기에는 머리장식을 받치던 네모난 받침돌만 남아있다 신라가 통일하기 이전에 세운 것으로 일반 석탑의 형식을 하고 있는 독특한 모습의 부도이다 소재지상세: 경북 경주시 안강읍 두류리 9-1번지', 'score': 0.6826896338656615}, {'text_segment': '국가유산명_국문: 경주 진흥왕릉 국가유산명_한자: 慶州 眞興王陵 국가유산종목: 사적 시도명: 경북 시군구명: 경주시 시대: 신라 진흥왕 내용: 신라 24대 진흥왕(재위 540∼576)의 무덤이다 진흥왕은 지증왕의 손자로서 고구려가 점령하고 있던 한강유역을 빼앗아 삼국통일의 기초를 다졌다 562년 대가야를 정복하여 낙동강 유역을 확보하였고 함흥평야까지 진출하여 신라 역사상 최대 영토를 차지한 왕으로 점령지에 척경비를 세웠다 거칠부에게 『국사』를 편찬하게 하였으며 신라 최대의 절인 황룡사를 세웠다 또한 삼국통일의 중추세력인 화랑도를 창설하였다 높이 58m 지름 20m의 원형 봉토무덤으로 된 이 무덤은 자연석을 이용해 둘레돌을 돌렸으나 현재 몇 개만이 남아있다 내부는 굴식돌방무덤(횡혈식석실묘)으로 추측된다 신라 왕 중 가장 위대한 업적을 남긴 왕의 무덤으로서는 규모가 작은 편이며 기록상 법흥왕과 같은 곳에 있어야 하므로 서악동 무덤들 중 위에서 두 번째 무덤으로 보는 견해도 있다 <br/><b>※(신라진흥왕릉 → 경주 진흥왕릉)으로 명칭변경 되었습니다(20110728 고시) </b> 소재지상세: 경북 경주시 서악동 산92-2번지', 'score': 0.6611389815807343}, {'text_segment': '국가유산명_국문: 원주 석남사지 국가유산명_한자: 原州 石南寺址 국가유산종목: 시도기념물 시도명: 강원 시군구명: 원주시 시대: 신라 내용: 원주 석남사지는 신라말 강원도 지역의 새로운 지역세력으로 성장한 궁예집단이 중부내륙지방을 장악하는 과정에서 궁예군이 출병한 역사적 장소이다 석남사는 당시 궁예와 관련된 사찰이었다고 여겨지며 궁예의 성장과 태봉건국 태봉을 계승한 고려의 건국 등 중세를 여는 역사적인 장소이다 소재지상세: 강원도 원주시 신림면 성남리 750-1', 'score': 0.6014864425934373}, {'text_segment': '국가유산명_국문: 경주 손곡동과 물천리 유적 국가유산명_한자: 慶州 蓀谷洞과 勿川里 遺蹟 국가유산종목: 사적 시도명: 경북 시군구명: 경주시 시대: 신라시대 내용: 경주 손곡동과 물천리 유적은 일찍이 신라 ·통일신라시대 가마가 집단적으로 남아 있는 것으로 전해지는 곳이었는데 1994년 지표조사와 1995년 시굴조사에서 여러 종류의 가마와 고분이 집단으로 남아 있음이 확인되었다 이곳은 국내 발굴사상 최대규모의 토기·숯과 관련된 생산유적으로 토기가마와 관련된 채토장 공방지 건물지 생산도구 등이 두루 확인되어 전체 생산공정 복원과 나아가 한국 고대사에 있어서 요업기술발달사를 이해하는 데에 중요한 자료를 제공한다 또한 발굴을 통하여 경주 일원에서 아직 그 발굴 예가 흔치 않은 청동기시대 주거지를 다수 확인하였는데 인근의 천군동 유적에서도 동시기 유적의 존재가 알려진 바 있어 현 보문호를 중심으로 하는 지역에 청동기 시대의 취락집단의 분포를 확인할 수 있게 되었다 경주 손곡동과 물천리 유적은 신라시대의 산업 생산 활동 및 생활사를 밝혀낼 수 있는 중요한 유구 및 유물이 확인된 곳으로 역사적· 학술적인 면에서 가치가 인정되는 귀중한 자료이며 고대 생산유적의 전형을 잘 보여주는 중요한 곳이다 <b>※(경주손곡동·물천리유적 → 경주 손곡동과 물천리 유적)으로 명칭변경 되었습니다(20110728 고시) </b> 소재지상세: 경북 경주시 천북면 물천리 일원', 'score': 0.5917320625278302}]",청소년 무예 집단
조선의 세조가 왕위에 오르기 전 폐위시킨 왕은 누구인가요?,"[{'text_segment': '국가유산명_국문: 계룡산초혼각지 국가유산명_한자: 鷄龍山招魂閣址 국가유산종목: 시도기념물 시도명: 충남 시군구명: 공주시 시대: 조선시대 내용: 세조(재위 1455∼1468)가 단종을 폐위할 때 뜻을 굽히지 않고 절의를 지켜 죽어간 사육신 이하 여러 충신들의 혼을 모셨던 곳이다 세조가 왕위를 차지하는 과정에서 황보인 김종서는 수양대군에게 살해당하였고 왕위를 찬탈한 다음해인 세조 2년(1456)에는 성삼문을 비롯한 사육신이 단종의 복위를 꾀하다가 모두 참형 당했다 같은 해 생육신인 매월당 김시습이 이곳 계룡산에 와서 제단을 마련하고 이들을 위해 초혼제를 지내어 영혼들을 위로하였다고 전해진다 그후 세조 4년(1458) 조정에서는 단종을 비롯하여 안평대군 황보인 김종서 등 당시 죽음을 당한 280여 위패를 모시고 영혼을 위로하기 위한 초혼각을 세웠다고 한다 세조 12년(1466)에 김시습 등이 건물을 더 짓고 매년 봄 가을로 제사를 지내오다가 영조 4년(1728) 화재로 타버린 것을 고종 원년(1863)에 만화스님이 지금의 모습으로 다시 세웠다고 한다 1904년 숙모전이라 이름을 바꾸어 오늘에 이르고 있다 소재지상세: 충청남도 공주시 반포면 학봉리 789', 'score': 0.8517319551795233}, {'text_segment': '국가유산명_국문: 김종서장군묘 국가유산명_한자: 金宗瑞將軍墓 국가유산종목: 시도기념물 시도명: 충남 시군구명: 공주시 시대: NaN 내용: 조선 단종 때의 충신인 절재(節齋) 김종서(1383∼1453) 장군의 묘소이다 태종 5년(1405) 문과에 급제한 후 함길도 도절제사 등 여러 관직을 엮임하였다 세종 16년(1434)에 6진을 개척하여 국토 확장의 위업을 이룩하여 현재 두만강을 경계로 하는 우리나라의 국경선이 이때에 확정되었다 또『고려사』『고려사절요』『세종실록』등의 편찬에 참여하여 학자적인 면모도 보여주었다 단종이 12세로 왕위에 오르자 좌의정으로 어린 왕을 보필하다 왕위를 노리던 수양대군(뒤의 세조)에 의해 단종 1년(1453) 두 아들과 함께 죽음을 당했다 현재의 묘비와 ‘忠臣旌閭(충신정려)’의 현판은 영조 22년(1764)에 세운 것이며 묘역은 약 200평으로 둥근 담과 삼문시설은 근래에 설치한 것이다 소재지상세: 충남 공주시 장기면 대교리 산45번지', 'score': 0.8262412893151123}, {'text_segment': '국가유산명_국문: 김종서 장군 묘 국가유산명_한자: 金宗瑞 將軍 墓 국가유산종목: 시도기념물 시도명: 세종 시군구명:   시대: NaN 내용: 조선 단종 때의 충신인 절재(節齋) 김종서(1383∼1453) 장군의 묘소이다 태종 5년(1405) 문과에 급제한 후 함길도 도절제사 등 여러 관직을 역임하였다 세종 16년(1434)에 6진을 개척하여 국토 확장의 위업을 이룩하여 현재 두만강을 경계로 하는 우리나라의 국경선이 이때에 확정되었다 또『고려사』『고려사절요』『세종실록』등의 편찬에 참여하여 학자적인 면모도 보여주었다 단종이 12세로 왕위에 오르자 좌의정으로 어린 왕을 보필하다 왕위를 노리던 수양대군(뒤의 세조)에 의해 단종 1년(1453) 두 아들과 함께 죽음을 당했다 현재의 묘비와 ‘忠臣旌閭(충신정려)’의 현판은 영조 22년(1764)에 세운 것이며 묘역은 약 200평으로 둥근 담과 삼문시설은 근래에 설치한 것이다 소재지상세: 세종특별자치시 장군면 대교리 산 45 산45번지 외 7필지', 'score': 0.82581921375404}, {'text_segment': '국가유산명_국문: 영파정 국가유산명_한자: 潁波亭 국가유산종목: 문화유산자료 시도명: 전남 시군구명: 함평군 시대: NaN 내용: 세조 1년(1455) 단종의 폐위와 세조의 왕위찬탈에 벼슬을 버리고 낙향한 영파정 이안(1414∼)이 자신의 호를 따 지은 건물이다 처음 세운 시기는 1450∼1460년대로 추정한다 그 후 영파정은 함풍 이씨 가문에서 관리해 온 것으로 보이는데 자세한 사실은 밝혀지지 않았다 정유재란(1597) 중에 불에 타 없어진 후 영수정이란 이름으로 다시 지었으며 1820∼1821년 사이에 군수 권복과 김상직이 현재와 같은 규모로 지었다 그 뒤 고종 20년(1883) 크게 보수하고 1966년 수리하여 오늘에 이르고 있다 규모는 앞면 3칸·옆면 2칸이며 지붕은 옆면에서 볼 때 여덟 팔(八)자 모양인 팔작지붕이다 안쪽은 좌우측 1칸만 온돌방으로 꾸미고 나머지는 모두 마루를 깐 대청으로 설계하였다 창문은 대청 뒷면과 옆면에 쌍여닫이를 설치하고 앞면은 3짝 모두 들어 열 수 있는 문으로 하였으나 현재는 유리를 끼워 놓았다 소재지상세: 전남 함평군 함평읍 기각리 906-2번지', 'score': 0.8038668272338003}, {'text_segment': '국가유산명_국문: 귀래정 국가유산명_한자: 歸來亭 국가유산종목: 문화유산자료 시도명: 전북 시군구명: 순창군 시대: NaN 내용: 귀래정은 조선 세조 2년(1456) 신숙주의 아우인 신말주가 지은 정자로 지금 있는 건물은 1974년에 고쳐 지은 것이다 신말주는 수양대군(세조)이 조카 단종을 내몰고 왕위에 오르자 두 임금을 섬길 수 없다는 불사이군(不事二君)의 충절을 지켜 벼슬에서 물러나 순창으로 낙향하였다 건물은 앞면 3칸·옆면 2칸 규모이며 지붕은 옆면에서 볼 때 여덟 팔(八)자 모양인 팔작지붕으로 꾸몄다 안쪽에는 서거정이 지은 귀래정기와 강희맹의 시문을 보존하고 있다 소재지상세: 전북특별자치도 순창군 순창읍 가남리 538-1', 'score': 0.8025229215390526}]",단종
평양성은 어느 나라의 수도였나요?,"[{'text_segment': '국가유산명_국문: 평양성도 병풍 국가유산명_한자: 平壤城圖 屛風 국가유산종목: 보물 시도명: 인천 시군구명: 미추홀구 시대: NaN 내용: ‘평양성도 병풍’은 조선 후기 번성했던 평양의 모습을 8폭 병풍의 장대한 화면에 화려하고 섬세하게 표현한 작품이다 현존하는 평양성도가 대부분 19세기에 그려진 것에 비해 이 ‘평양성도 병풍’ 은 1804년 화재로 불탔다가 1890년 중건된 대동강 주변의 애련당(愛蓮堂)과 장대(將臺)가 묘사되어 있어 비교적 이른 시기에 제작된 것으로 추정된다 특히 19세기에 유행한 밝고 짙은 청색을 혼용하지 않고 녹색 위주로 처리한 청록산수(靑綠山水)의 표현 명암이 거의 없는 건물 묘사와 인물이 표현되지 않은 고식적인 화법(畵法) 등을 근거로 제작 시기를 18세기 후반기까지 올려볼 수 있어 현존하는 평양성도 중 가장 연대가 올라가는 작품으로  판단된다 이처럼 ‘평양성도 병풍’은 작품의 규모와 제작 시기 예술적 완성도 조선시대 평양에 대한 역사적 위상 반영 등 여러 면에서 문화유산적 가치가 인정될 뿐 아니라 조선 후기 읍성도 연구에 있어서도 기준이 되는 중요한 작품이다 소재지상세: 인천광역시 미추홀구 비류대로55번길 68 (학익동 송암미술관)', 'score': 0.7267502993345261}, {'text_segment': '국가유산명_국문: 밀양 사명대사 생가지 국가유산명_한자: 密陽 四溟大師 生家址 국가유산종목: 시도기념물 시도명: 경남 시군구명: 밀양시 시대: NaN 내용: 조선 중기 고승 사명당(1544∼1610)이 태어난 곳이다 경상남도 밀양 출신으로 속명은 응규이며 호가 사명당이다 중종 30년 풍천 임씨 집안에서 태어나 13세에 출가하여 직지사 신묵의 제자가 되었다 금강산에 들어가 수도하던 중 선조 25년(1592)에 임진왜란이 일어나자 의승병을 모아 의병장으로서 활약하였다 1593년 명나라 구원군이 주축이 되었던 평양성 탈환 전투에 참가하여 공을 세웠다 선조는 그의 공을 크게 인정하여 가선대부동지중추부사의 벼슬을 내렸으며 일본과 강화를 위한 사신으로 임명하기도 했다 그 뒤 병을 얻어 해인사에서 요양하다가 광해군 2년(1610) 설법을 마치고 세상을 떴다 저서로 『사명당대사집』7권과 『분충서난록』1권 등이 있다 사명당은 어린 시절을 여기서 보냈으며 많은 일화가 전해오고 있다 그동안 고라리 399번지와 400번지를 두고 어느 곳이 그의 생가터였는지 정확하게 밝히지 못했다 전문가들의 조사결과 399번지를 그의 생가터로 추정하고 있는데 399번지 일대의 지표조사 결과 기와 파편과 생활용품의 파편 등을 발견하였고 건축물과 담장이 있었던 흔적을 찾았기 때문이다 그 밖에도 사명당의 어릴 때의 생활을 기록한 것을 참고하면 집 가까이에 연못이 있을 가능성이 높아 고라리 399번지로 추정하는데 그다지 무리가 없는 것으로 보인다 또한 사명당이 이따금씩 고향으로 돌아올 때 쉬었다는 바위가 아직 그대로 남아 있어 그의 발자취를 엿볼 수 있고 그의 생을 음미해 볼 수 있는 곳이다 소재지상세: 경남 밀양시 무안면 사명대사생가로 642 400 (고라리)', 'score': 0.6803680206132298}, {'text_segment': '국가유산명_국문: 기성도병 국가유산명_한자: 箕城圖屛 국가유산종목: 시도유형문화유산 시도명: 서울 시군구명: 종로구 시대: 19세기후반 내용: 8첩 병풍에 평양성(平壤城)과 대동강(大洞江)의 전경 및 평양감사(平壤監司)의 대동강(大洞江)에서의 선유(船遊)광경을 가로로 길게 담은 성읍풍속도(城邑風俗圖)이다 제 1첩은 평양성 밖 제 2-5첩은 내성(內城) 제 6첩은 중성(中城) 제 7-8첩은 외성(外城)의 모습이 그려져 있다 각종 지형과 시설물 공해(公廨관청)등에는 묵서(墨書)로 해당 명칭을 표기하였는데 매우 상세한 편이다 평양성의 우측에서 비스듬하게 내려다본 시점이 일관되어 평행 사선 방향으로 늘어선 건물들의 모습과 지세의 원근(遠近)및 고저(高低)도 자연스럽다 산수는 황토색과 녹색으로 선염(渲染)하고 부드럽고 두툼한 청색의 필선으로 산의 주름을 따라 마치 음영을 나타내듯이 질감을 나타낸 청록산수이며 윤곽선 부근은 점묘(點描)와 짧은 피마준(披麻皴)으로 처리하였다 건물 표현에서는 전축(塼築)의 성곽이 보이고 용마루 등 지붕 윤곽은 흰색으로 그려져 있다 분홍색 꽃나무는 계절 감각을 나타낸다 화면 우측 대동강에는 ≪평양감사환영도(平壤監司歡迎圖)≫의 <대동강선유(大洞江船遊)> 장면을 연상시키는 평양감사(平壤監司)의 뱃놀이 광경이 화려하게 펼쳐져 있다 ‘평양전도(平壤全圖)’ ‘기성전도(箕城全圖)’등의 이름으로 전하는 평양 전경을 그린 8첩 병풍은 여러 점 있다 대개 시점과 화면 구성이 이 그림과 유사한데 하나의 형식이 재차 이모(移摸)되면서 이러한 전형이 성립된 것으로 보인다 다만 하단에 평양감사의 행렬이 있는 경우와 없는 경우의 두 가지가 있다 행렬이 있는 경우는 감사행렬이 대동강 이남의 육지로 길게 그려져 강을 건너기 전의 모습을 그린 것이 대부분인데 서울역사박물관에 소장된 이 그림에는 대동강에서 뱃놀이하는 장면이 그려진 점이 특이하다 이 그림은 기존의 도성도(都城圖)와 달리 평양 도성도(都城圖)와 평양감사 선유도(船遊圖)가 결합된 드문 유물로 조선 말기 성읍 풍속도(城邑 風俗圖)의 우수성과 변화상을 보여 주는 자료로서 가치가 있고 평양성 전경을 그린 같은 종류의 그림 가운데 보존상태도 좋다 소재지상세: 서울특별시 종로구 새문안로 55 (신문로2가 서울역사박물관)', 'score': 0.6706596514318586}, {'text_segment': '국가유산명_국문: 고구려 평양성 석편 국가유산명_한자: 高句麗 平壤城 石片 국가유산종목: 보물 시도명: 서울 시군구명: 서대문구 시대: 고구려 평원왕 내용: 고구려 평양성 석편(高句麗 平壤城 石片)은 고구려의 평양성을 쌓을 당시 비교적 평평한 자연석 위에 글자를 새긴 것이다 평양성은 고구려의 도성으로 외성(外城) 중성(中城) 내성(內城) 북성(北城) 등 4성으로 나누어져 있다 성의 길이는 전체 15㎞로 성곽주변은 강으로 둘러싸여 평양시의 중심부를 이루고 주로 내성벽은 돌로 외성벽은 흙으로 축성되어 있다 성의 내부에는 당시 고구려의 도시구획터가 아직도 남아있다 이 성곽에서 현재까지 글자가 새겨진 4개의 성석(城石)이 발견되었는데 그 가운데 이화여자대학교 박물관에 소장되어 있는 이 성석편은 두 번째로 발견된 것이다 성석에 새겨진 글자 수는 모두 7행 27자로 그 내용은 ‘기유년 5월 21일 이곳으로부터 아래쪽 동쪽을 향하여 12리 구간을 물성소형 배 ■백두(物省小兄 俳 ■百頭)가 구축한다’라고 풀이되어지고 있다 이 성석의 현재 상태는 두 번째 행의 깨어져 나간 부분과 함께 전체 9조각으로 균열되어 있어 석고로 고정시켜 놓은 상태이다 소재지상세: 서울 서대문구 이화여대길 52 이화여자대학교박물관 (신촌동)', 'score': 0.6617411951042227}, {'text_segment': '국가유산명_국문: 서울 구의정수장 제1·2공장 국가유산명_한자: 서울 九宜淨水場 第一·二工場 국가유산종목: 국가등록문화유산 시도명: 서울 시군구명: 광진구 시대: 제1공장 1936년 제2공장 1959년 내용: ㅇ구의정수장 제1공장은 일제강점기인 1930년대에 당시 경성부 부세(府勢) 확장으로 인해 상수도시설의 확장 필요성에 따라 건설되었다 제1공장에는 우리나라 현존 최고(最古)의 급속여과지가 있으며 기존의 완속여과지에 비해 30배 이상의 효율을 갖고 있으며 원형이 잘 보존되어 있다 제2공장은 일본기술로 지어진 제1공장과는 달리 1959년 미국의 원조와 기술로 지어진 공장이다 여기에 있는 상하류식 고속응집침전지는 당시로서는 고도의 신기술에 속하는 것으로 국내에 남아있는 것으로는 유일하다 이 고속응집침전지는 혼화 응집 침전이 하나의 침전지에서 처리가 가능한 수처리시설로 설치면적이 작아도 되는 당시로는 획기적인 것으로써 그 원형이 그대로 남아있다 두 공장 모두 착수부터 약품처리 혼화 응집 침전 여과 정수 등 수도시설의 전 과정이 잘 남아있다 소재지상세: 서울특별시 광진구 워커힐로 57-30 (구의동 구의야구장)', 'score': 0.63276034682824}]",고구려
대왕암은 누구의 수중릉인가요?,"[{'text_segment': '국가유산명_국문: 경주 문무대왕릉 국가유산명_한자: 慶州 文武大王陵 국가유산종목: 사적 시도명: 경북 시군구명: 경주시 시대: 신라시대 내용: 신라 30대 문무왕(재위 661∼681)의 무덤이다 동해안에서 200m 떨어진 바다에 있는 수중릉으로 신라인들의 창의적인 생각을 엿볼 수 있는 곳이다 문무왕은 아버지인 태종 무열왕의 업적을 이어받아 고구려를 멸망시키고 당의 침략을 막아 삼국통일을 이루었다 또한 병부 창부 등 중앙관청을 창설하였고 지방통치를 위한 5소경제도와 9서당 10정의 군사제도의 기틀을 마련하는 등 국가 체제 완성의 기초를 제공하였다 대왕암은 자연 바위를 이용하여 만든 것으로 그 안은 동서남북으로 인공수로를 만들었다 바닷물은 동쪽에서 들어와 서쪽으로 나가게 만들어 항상 잔잔하게 하였다 수면 아래에는 길이 37m 폭 206m의 남북으로 길게 놓인 넓적한 거북모양의 돌이 덮혀 있는데 이 안에 문무왕의 유골이 매장되어 있을 것이라 추측된다 『삼국사기』에 의하면 왕이 죽으면서 불교식 장례에 따라 화장하고 동해에 묻으면 용이 되어 동해로 침입하는 왜구를 막겠다는 유언을 남겼다고 한다 그의 아들 신문왕은 동해 근처에 감은사를 세워 법당아래 동해를 향한 배수로를 만들어 용이 된 문무왕이 왕래할 수 있도록 설계하였다\r\n  \r\n& lt;br/&gt;&lt;b&gt;※(문무대왕릉 → 경주 문무대왕릉)으로 명칭변경 되었습니다(20110728 고시)& lt;/b&gt;\r\n&lt;br/&gt;&lt;b&gt;※대왕암은 해수면 위로 동서 35m 남북 36m 높이 53m정도 노출되어 있습니다& lt;/b&gt; 소재지상세: 경북 경주시 양북면 봉길리 앞 해중(대왕암)', 'score': 0.6827357709407806}, {'text_segment': '국가유산명_국문: 경주 이견대 국가유산명_한자: 慶州 利見臺 국가유산종목: 사적 시도명: 경북 시군구명: 경주시 시대: 통일신라 신문왕 내용: 삼국통일을 이룬 신라 제30대 문무왕의 수중릉인 대왕암이 가장 잘 보이는 곳에 위치한 건물이다 죽어서도 용이 되어 나라를 지키겠다는 문무왕의 호국정신을 받들어 31대 왕인 신문왕이 681년에 세웠다 신문왕은 해변에 감은사라는 절을 짓고 용이 된 아버지가 절에 들어와서 돌아다닐 수 있도록 법당 밑에 동해를 향하여 구멍을 하나 뚫어 두었다 그 뒤에 용이 나타난 곳을 이견대라고 하였다는 기록이 있다 또 이견대에서 신문왕이 용으로부터 세상을 구하고 평화롭게 할 수 있는 옥대와 만파식적이라는 피리를 하나 받았다고도 한다 이견대라는 이름은 신문왕이 바다에 나타난 용을 보고 나라에 크게 이익이 있었다는 뜻을 포함한 말인데 『주역』의 ‘비룡재천 이견대인(飛龍在天 利見大人)’이란 문구에서 따온 것이다 발굴조사 때 건물이 있던 자리가 발견됨으로써 신라의 건축양식을 추정하여 오늘날 새롭게 다시 지었다 <br/><b>※(이견대 → 경주 이견대)으로 명칭변경 되었습니다(20110728 고시) </b> 소재지상세: 경북 경주시 감포읍 대본리 661번지', 'score': 0.541923088851571}, {'text_segment': '국가유산명_국문: 여수이량장군방왜축제비 국가유산명_한자: 麗水李良將軍防倭築堤碑 국가유산종목: 문화유산자료 시도명: 전남 시군구명: 여수시 시대: NaN 내용: 이량장군방왜축제비는 전라좌수사를 지낸 이량 장군이 왜구의 침입을 방지하기 위해 쌓은 방왜축제(수중성)를 기념하기 위해 후대에 세운 비이다 이량(1446∼1511)의 자는 자방(子房)이고 본관은 함평(咸平)인데 조선 연산군 3년(1497) 전라도 흥양(興陽)에 왜변이 일어났을 때 녹도(鹿島) 만호(萬戶)로 기용되어 적을 대파하고 많은 적병을 참살하였다 그 공으로 당상관의 품계인 가선대부(嘉善大夫 종 2품)에 특진됨과 동시에 일약 전라좌수사로 발탁되었다 그런데 전라좌수영 남쪽에 작은 섬이 하나 있었는데 이 섬과 돌산도 간의 해로(海路)를 차단하는 대역사를 단행하였으니 깊은 바닷속에 바윗돌을 쌓아 수중성(水中城)을 구축함으로써 왜적들은 물론 어떠한 선박도 이곳을 통과할 수 없게 되었다고 한다 그 후 이 수중성을 ‘장군성(將軍城)’ 혹은 ‘이량장군방왜축제(李良將軍防倭築堤)’라 칭하면서부터 섬의 이름도 자연히 ‘장군도(將軍島)’라 부르게 되었다고 한다 이량장군방왜축제비는 조선 숙종 36년(1710)에 세운 비를 영조 11년(1735)에 중수한 비로 조선시대 초기(1497년)에 왜구 방어용으로 쌓은 수중석성 축제(築堤) 기념비이며 조선초기 관방사를 알 수 있는 국방유적에 대한 연혁과 관련 인물의 행적을 알 수 있어 역사적· 학술적 가치가 있다 소재지상세: 전남 여수시 동문로 11 (진남관내) (군자동)', 'score': 0.5236392952156874}, {'text_segment': '국가유산명_국문: 고흥 구 소록도갱생원 식량창고 국가유산명_한자: 高興 舊 小鹿島更生院 食糧倉庫 국가유산종목: 국가등록문화유산 시도명: 전남 시군구명: 고흥군 시대: 1940 내용: 1940년 건립\r\n이 건물은 환자에게 보급되는 식량을 보관하던 창고이다 바닷물 속에 기초를 쌓고 그 위에 마루를 깔아 조수 간만의 차에 의한 공기 순환을 유도하여 내부에 쌓여 있는 식량이 보존되도록 설계되었다 바다에 접한 부분은 해수의 영향으로부터 수중 기초를 보호하기 위해서 벽돌을 쌓고 외부에 콘크리트로 마감하여 기둥 모양의 초석을 만들고 그 위에 아치를 튼 다음 벽돌로 벽을 쌓아 올라갔다 1940년대에 지어진 창고 건축물로서는 국내에서 보기 드문 형태이다 소재지상세: 전라남도 고흥군 동생리선창길 57 (도양읍)', 'score': 0.5170833241996047}, {'text_segment': '국가유산명_국문: 평안도 배뱅이굿 국가유산명_한자: NaN 국가유산종목: 이북5도 무형유산 시도명: 평안남도 시군구명: 전역 시대: NaN 내용: ‘배뱅이굿’은 기존의 신분질서와 사회적 통념의 가치에 대하여 부정하고 반문하며 그 안에서 자연스러운 웃음을 담아내는 서도의 재담소리이다 사회가 금기시했던 것들은 자연스러움을 거스르고 있다 하지만 ‘배뱅이굿’은 기존 질서와 다른 변화된 사회의식을 싹트게 하고 있다 기존 사회의 가치와 질서를 파괴하고 있지만 그 순간의 상황이 불편하게 다가오는 것이 아니라 자연스럽게 해학적으로 받아들여지게 된다 ‘배뱅이굿’은 서도지방에 전해 내려오는 판소리 형태의 재담소리이다 청중이 모인 소리판에서 소리광대가 고수의 장구 반주에 맞춰서 연행하는 1인 창극이며 서사적인 소재의 배뱅이 이야기를 소리와 아니리 그리고 발림을 섞어가며 공연하기 때문에 남도지역의 판소리와 비교되는 서도지역의 재담소리이다 판소리와 공연형태가 비슷하지만 판소리는 남도 육자배기토리의 선율을 북 반주에 맞추어 실연하지만 ‘배뱅이굿’은 서도 수심가토리의 선율을 장구 반주에 맞추어 실연한다 ‘배뱅이굿’은 수심가토리인 산염불과 평양 다리굿에서의 사령굿 즉 기밀이 주를 이루고 있으며 그 외에도 다양한 무가들을 구사할 뿐만 아니라 발림과 재담도 함께 연기하고 행해진다 특히 평안도 지역의 ‘배뱅이굿’은 평안도 방언이 짙게 깔려있어 향토색이 짙게 묻어나오며 사령굿에서 기밀은 평안도 지역민들의 애환이 잘 표현되어 구슬프고 애잔한 느낌을 준다 이은관제 ‘배뱅이굿’은 기존의 ‘배뱅이굿’과 같이 전체적으로 무가와 산염불조가 중심이 된다 수심가토리 이외에도 메나리토리의 장타령 엮음 아라리 등이 삽입된다 특히 이은관의 ‘배뱅이굿’은 같은 평안도 ‘배뱅이굿’이라 해도 김종조 최순경 김주호 등이 부르는 ‘배뱅이굿’에는 없는 상좌중과 배뱅이 사랑 대목이 전승되고 있으며 황해도 전승 ‘배뱅이굿’에는 거의 보이지 않는 배뱅이 죽음 대목을 가지고 있다는 점에서 매우 탄탄하고 완성도 높은 재담소리라는 평가를 받고 있다 소재지상세: NaN', 'score': 0.5}]",신라 문무대왕
강릉단오제는 언제 열리는 전통 축제인가요?,"[{'text_segment': '국가유산명_국문: 강릉단오제 국가유산명_한자: 江陵端午祭 국가유산종목: 국가무형유산 시도명: 강원 시군구명: 강릉시 시대: NaN 내용: 단오는 음력 5월 5일로 ‘높은 날’ 또는 ‘신 날’이란 뜻의 수릿날이라고도 한다 강릉단오제는 우리나라에서 가장 역사가 깊은 축제로 마을을 지켜주는 대관령 산신을 제사하고 마을의 평안과 농사의 번영 집안의 태평을 기원한다 강릉단오제가 언제부터 시작되었는지는 정확히 알 수 없으나 매년 3 4 5월 중 무당들이 산신에게 제사를 지내고 3일동안 굿을 벌였다는 남효온(南孝溫)의 문집(『추강냉화(秋江冷話)』) 기록과 1603년(선조 36년)에 강릉단오제를 구경하였다고 기록한 허균(許筠)의 문집(『성소부부고(惺所覆瓿藁)』) 등이 있다 마을사람들은 단오제를 드리지 않으면 마을에 큰 재앙이 온다고 믿어 대관령서낭당에서 서낭신을 모셔와 강릉시내의 여서낭신과 함께 제사를 드리는데 대관령산신은 김유신 장군으로 전해지며 단오제에서 주체가 되는 서낭신은 범일국사이고 여서낭신은 강릉의 정씨처녀로 전해진다 단오제는 신에게 드릴 술을 담그면서 시작된다 대관령산신당에서 제사를 올리고 신성시하는 나무를 모시고 내려와 국사성황당을 거쳐 홍제동에 있는 국사여성황당에 모셨다가 행사 전날 저녁 영신제를 지내고 남대천 백사장에 마련된 제단에 옮겨 모심으로 강릉단오제의 서막을 올린다 단오장에서는 5일간 아침 저녁으로 제를 올리고 굿을 하며 농사의 번영과 마을의 평안을 기원하며 모두 한마음이 되어 제를 올린다 이밖에 양반과 소매각시 장자머리 시시딱딱이가 가면을 쓰고 말없이 관노가면극놀이를 하거나 그네뛰기 씨름 농악경연대회 창포머리감기 수리취떡먹기 등 다양한 행사가 개최된다 단오 다음날에 신성시하는 나무를 태우고 서낭신을 대관령으로 모시면서 단오제는 막을 내린다 강릉단오제는 제관의 의해 이루어지는 유교식 의례와 무당들의 굿이 함께 거행되는 동해안에서 가장 규모가 큰 마을축제로 수많은 군중이 모여들고 난장이 크게 벌어진다 특히 관노가면극은 우리나라에서 유일한 무언극으로 대사없이 몸짓으로 관객을 웃기고 즐겁게 한다 민간신앙이 결합된 우리나라 고유의 향토축제이며 지역주민이 화합하고 단결하는 협동정신을 볼 수 있다 강릉단오제는 그 문화적 독창성과 뛰어난 예술성을 인정받아 2005년 11월 25일 유네스코 「인류구전 및 무형유산걸작」으로 선정되었고 2008년 유네스코 인류무형유산 대표목록으로 등재되었다 소재지상세: 강원도 강릉시', 'score': 0.82527756690979}, {'text_segment': '국가유산명_국문: 단오 국가유산명_한자: 端午 국가유산종목: 국가무형유산 시도명: 기타 시군구명:  시대: NaN 내용: ‘단오’는 오랜 역사와 전통 속에서 다양한 형태로 지속하여 왔으며 우리 민족의 정체성과 가치를 대표해 온 전통생활관습이자 전통지식이다 단오는 음력 5월 5일로 양기(陽氣)가 가장 성한 날로 예로부터 중오(重午) 천중절(天中節) 수릿날이라 불렀으며 여름의 대표 명절이다 단오가 우리 문헌에 처음 등장하는 것은『삼국유사』이며 단오에도 국가의례로 왕실제사를 지낸 내용을 확인할 수 있다 고려시대와 조선시대 기록을 통해 단오의 핵심 요소인 단오제 그네뛰기 단오 부채 관련 풍속도 확인이 가능하다 다른 명절에 비해 단오는 단일 주제로 가장 많이 연구되었으며 설과 대보름 관련 연구를 제외하고 명절로써 연구의 비중이 가장 높게 나타난다 단오 관련 연구는 2000년대 강릉단오제의 유네스코 인류무형유산 등재 이후 폭발적으로 증가하며 그 이외 중국의 단오 문화를 비교연구한 주제가 다음으로 많다 단오는 조선시대 4대 명절이었던 설 한식 추석에 비해 향유 집단의 폭이 넓은 명절이었다 우리나라 명절이 대체로 조선시대 성리학의 영향을 받아 성리학적 가례를 중시하여 조상숭배 관련 의례가 강하게 남아 있는 반면 단오는 양반과 남성뿐만 아니라 농민과 여성이 함께 명절의 향유 주체가 되어 다양한 놀이와 풍속이 전승되고 있는 명절이라고 할 수 있겠다 쑥과 창포 등으로 대표되는 약초 문화 및 단오제로 대표되는 공동체문화는 한·중·일 내에서도 독자성을 견지하고 있다 단오에는 부채 동지에는 책력을 의미하는 ‘하선동력(夏扇冬曆)’이라는 말에서도 알 수 있듯이 단오는 부채로 대표되는 여름의 시작을 알리는 명절이다 특히 현재 대규모 축제 및 의례·제의의 형태로 단오제의 자생성이 살아있는 강릉단오제·경산자인단오제·법성포단오제가 전승되고 있다 강릉단오제는 특히 신주(新酒)를 빚는 과정부터 지역공동체의 수많은 사람들이 참여 하고 있다 ‘단오’는 한반도 전역에서 온 국민이 전승·향유하고 있는 문화라는 점에서 이미 지정된 ‘김치 담그기’ ‘장 담그기’ 등과 같이 특정 보유자와 보유단체는 인정하지 않는 공동체종목으로 지정하였다 소재지상세: 기타', 'score': 0.7687344834816088}, {'text_segment': ""국가유산명_국문: 법성포단오제 국가유산명_한자: 法聖浦端午祭 국가유산종목: 국가무형유산 시도명: 전남 시군구명: 영광군 시대: NaN 내용: '법성포 단오제'는 전라남도 영광군 법성포 일대에서 단오 무렵 지역 주민에 의해 전승되어 온 전통적인 민속축제이다 법성포에는 조선시대 한양으로 올라가는 세곡을 관리하는 조창(漕倉)이 있었으며 조기 파시(波市)의 중심지였기에 오래전부터 상권(商圈)이 발달한 지역이었다 이러한 사회·경제적인 배경을 바탕으로 파시가 형성되는 시기에 난장(亂場)이 크게 섰으며 이 지역에서 자연스럽게 단오제가 발생하는 계기가 되었다 특히 뱃사람들의 안전을 기원하는 용왕제 부녀자들이 중심으로 즐겼던 선유(船遊)놀이를 비롯해 '숲쟁이'(법성포 숲)에서 벌어지는 예인들의 경연행사는 법성포 단오제의 지역성과 전통성을 잘 간직하고 있는 것으로 평가 받았다 또 과거의 전통을 기반으로 현재의 주민이 향유하고 있는 생활·문화적 가치를 주목했다는 점에서 큰 의미가 있다 소재지상세: 전라남도 영광군"", 'score': 0.7165725134228083}, {'text_segment': '국가유산명_국문: 남이장군사당제 국가유산명_한자: 남이장군사당제 국가유산종목: 시도무형유산 시도명: 서울 시군구명: 서울전역 시대: NaN 내용: 남이 장군은 세종 23년(1441)에 태어나 17세에 무과에 합격하고 26세에 이시애의 난과 여진족을 격퇴하여 병조판서에 올랐으나 유자광의 모함으로 27세의 젊은 나이로 참수를 당하였다 남이장군사당제는 남아의 기개를 펴보지 못하고 형장의 이슬로 사라진 장군의 생을 안타깝게 여겨 그의 원혼을 달래주고 충절을 기리고자 약 300년 전에 사당을 지은 후 해마다 지내는 제사이다 특히 10월 1일에는 전야제를 비롯하여 큰 굿을 벌이면서 주민들이 근심 걱정 해소와 쾌복을 빌어 자연스럽게 이 지역의 민속신앙으로 굳어지게 되었다 남이 장군 사당제가 시작되면 걸립패들이 농악을 울리며 집집마다 방문하여 당제와 당굿에 소요되는 경비를 마련하는데 농악대의 단순한 걸립이라기보다는 무녀가 참여하여 집집마다 축원을 해주는 마을돌기굿에 해당하는 신앙성이 강한 의례이다 예전의 당굿에서는 꽃을 당집에 모셨다가 본당으로 모셔오는 영신의례로 꽃받기가 있었으나 현재는 꽃등렬 행사로 발전하여 산천동 당집에서 사당까지 행진하고 사당에서 제를 올린다 남이장군사당제는 악공들의 제례음악에 맞추어 유식제례로 지내고 이어 무굿이 진행되는데 강릉단오제나 은산별신제와 그 형태가 비슷하다 다만 장군행렬은 신꽃을 들고 마을을 한바퀴 돌아오는 것이 사실상 신의 마을 행차에 해당되는 것이다 현대에 이르러 마을굿이 사라져 가는 실정에서 남이장군 사당제는 원형 그대로의 모습을 보존하고 있다는데 그 의의가 있으며 주민들의 적극적인 협력과 참여로 축제성을 띤 마을제의로 자리잡고 있다 소재지상세: 서울특별시', 'score': 0.6035130396687686}, {'text_segment': '국가유산명_국문: 대관령 성황사 및 산신각 국가유산명_한자: 大關嶺 城隍祠 및 山神閣 국가유산종목: 시도기념물 시도명: 강원 시군구명: 평창군 시대: 미상 내용: 영동지방의 가뭄 홍수 폭풍 풍작 등을 보살펴 주는 것으로 믿는 여러 신을 모신 곳이다 서낭당은 이곳 출신이라고 알려진 범일국사(810∼889)를 모셨다고 한다 범일국사는 통일신라시대 승려로 15세에 출가하였고 중국으로 건너가 제안과 유엄의 문하에 있으면서 깨달음을 얻었다 그 뒤 귀국하여 후학들을 교육시켰으며 경문왕 헌강왕 정강왕이 차례로 국사(國師)로 받들어 모시고자 하였으나 사양하였다 산신각은 기록에 따르면 장군 왕순식이 고려 태조를 모시고 후백제의 신검군을 정복코자 할 때 두 귀신이 꿈에 나타나 도움을 주어 싸움에 이겼다고 한다 그 뒤 두 분을 산신으로 받들어 제사를 지낸다고 전한다 강릉지방에서는 이 신들의 노여움을 풀고 보호받기 위해 해마다 음력 4월 1일에 제사를 올리고 4월 15일에 서낭사에 모여 제사를 지내고 굿놀이를 한다 이 때 풍어제 풍년제 관노가면극과 같은 민속놀이를 벌이는데 이 강릉 단오제는 국가무형유산으로 지정되어 있다 소재지상세: 강원특별자치도 평창군 대관령마루길 527-35 (대관령면 대관령국사성황사대관사)', 'score': 0.5945918815095376}]",단오
황룡사에서 유명한 건축물은 무엇인가요?,"[{'text_segment': '국가유산명_국문: 익산 구 신신백화점 국가유산명_한자: NaN 국가유산종목: 국가등록문화유산 시도명: 전북 시군구명: 익산시 시대: NaN 내용: ‘신신백화점’으로 사용하던 건축물로 1960년대에 건립된 3층 건축물이다 이후 보석판매점(명금사)을 거쳐 현재는 한복 판매(원앙주단)점과 명금다방으로 사용하고 있다 1960년대 이 지역의 상권과 당시 상업건축물의 특징과 형식을 잘 보여주고 있고 보존 상태도 양호하다 소재지상세: 전라북도 익산시 인북로10길 16 (인화동1가 명금사)', 'score': 0.7014167911743003}, {'text_segment': ""국가유산명_국문: 경주 황룡사지 국가유산명_한자: 慶州 皇龍寺址 국가유산종목: 사적 시도명: 경북 시군구명: 경주시 시대: 신라 진흥왕 14년(553) 내용: 황룡사는 신라 진흥왕 14년(553)에 경주 월성의 동쪽에 궁궐을 짓다가 그곳에서 황룡(黃龍)이 나타났다는 말을 듣고 절로 고쳐 짓기 시작하여 17년 만에 완성되었다 그 후 574년 인도의 아소카왕이 철 57000근·금 3만분으로 석가삼존불상을 만들려다 뜻을 이루지 못하고 금과 철 그리고 삼존불상의 모형을 배에 실어 보낸 것이 신라 땅에 닿게 되자 이것을 재료로 삼존불상을 만들게 되었는데 5m가 넘는 이 불상을 모시기 위해 진평왕 6년(584)에 금당을 짓게 되었다 선덕여왕 12년(643)에는 당나라에서 유학하고 돌아온 자장의 권유로 외적의 침입을 막기위한 바램의 9층 목탑을 짓게 되는데 각 층마다 적국을 상징하도록 하였으며 백제의 장인 아비지에 의해 645년에 완공되었다 이와 같이 황룡사는 93년간에 걸친 국가사업으로 조성된 큰 절이었으며 신라의 3가지 보물 중 천사옥대(天賜玉帶)를 제외한 2가지 보물이 황룡사 9층목탑과 장육존상이었다는 것에서도 황룡사가 차지하는 비중을 짐작할 수 있다 또한 '신라의 땅이 곧 부처가 사는 땅'이라는 신라인들의 불교관이 잘 나타나 있는 곳이기도 하다 그러나 황룡사는 고려 고종 25년(1238)에 몽고의 침입으로 모두 불타 없어져 지금은 그 흔적만 남아있다 늪지를 메워서 그 위에 지은 황룡사는 중문·목탑·금당·강당이 남북으로 길게 배치된 1탑식 배치였다 그러나 장육존상과 목탑 등이 조성된 후 금당 좌우에 작은 금당이 배치되는 1탑 3금당식으로 바뀌고 탑의 좌우에 종루와 경루(經樓)가 대칭을 이루어 배치되었다 또 사방은 복도와 같은 회랑으로 둘러싸여 독특한 가람배치를 보이고 있다 『삼국유사』에 의하면 종루에는 거대한 종이 있었는데 몽고가 침입했을 때에 없어진 것으로 보인다 1976년부터 시작한 발굴조사에서 금동불입상·풍탁·금동귀걸이·각종 유리 등 4만여 점의 유물이 출토되었으며 높이 182㎝에 이르는 대형치미는 건물의 웅장한 규모를 짐작하게 한다 금당에는 솔거가 그린 벽화가 있었다고 전하며 목탑지에서 발견된 당나라 백자항아리는 당시의 문물교류를 잘 알 수 있게 한다 <br/><b>※(황룡사지 → 경주 황룡사지)으로 명칭변경 되었습니다(20110728 고시) </b> 소재지상세: 경북 경주시 구황동 320-1번지"", 'score': 0.6759437680009497}, {'text_segment': '국가유산명_국문: 경주 황룡사 구층목탑 금동찰주본기 국가유산명_한자: 慶州 皇龍寺 九層木塔 金銅刹柱本記 국가유산종목: 보물 시도명: 경북 시군구명: 경주시 시대: NaN 내용: 황룡사찰주본기는 통일신라 경문왕 11년에 왕의 명에 의해 중심사찰이자 성전사원인 황룡사의 구층목탑을 중수하면서 기록한 실물자료이다 구층목탑의 건립 과정과 중수 과정을 후대의 역사서(歷史書)가 아닌 중수 당시에 제작된 유물을 통해 생생히 전하고 있다는 점에서 중요한 의미를 지닌다 이 본기는 박거물이 찬하고 요극일이 썼으며 이를 승려인 총혜와 조박사 연전이 전각한 것이다 특히 황룡사 목탑 건립과 관련하여『삼국사기』나 『삼국유사』등 후대의 史書 기록과 상호 비교 검토가 가능하다는 점에서 이 찰주본기의 역사적·기록사적 위치는 매우 크다 금동사리함의 내외면에 쌍구체(雙鉤體)로 쓴 찰주본기는 9세기대에 주로 쓰였던 서체로 염거화상탑지(廉巨和尙塔誌)(844년) 중화3년명사리기(中和 3年銘 舍利器)(883년) 등과 더불어 이 시기 유행했던 탑지(塔誌)의 서술체계는 물론 서체 등을 이해할 수 있는 중요한 자료이다 이외에도 사리장치 품목과 안치장소를 분명히 밝히고 있다는 점에서 고대 탑파의 사리장엄 연구에도 소중한 자료를 제공하고 사리함의 문비 내․외면에 선각된 신장상은 절대연대(872년)를 가진 유품으로 불교조각사 연구에 기준이 된다 따라서 이 황룡사 금동사리함은 신라시대의 시대상과 불교사 등 담고 있는 역사적 유물로서의 가치가 크다 소재지상세: 경상북도 경주시 일정로 186 (인왕동 국립경주박물관)', 'score': 0.6733948588371277}, {'text_segment': '국가유산명_국문: 군산 구 제일사료주식회사 공장 국가유산명_한자: NaN 국가유산종목: 국가등록문화유산 시도명: 전북 시군구명: 군산시 시대: NaN 내용: 1973년에 당시 소유주인 제일사료주식회사에서 산업시설(공장) 용도로 신축한 건축물로서 건축물 측면에 일제 강점기 시절 군산항의 주된 경관을 형성하였던 근대기 창고의 흔적이 잘 남아있다 소재지상세: 전라북도 군산시 해망로 196 (장미동)', 'score': 0.6681567860656745}, {'text_segment': '국가유산명_국문: 전북대학교 구 문리과대학 국가유산명_한자: NaN 국가유산종목: 국가등록문화유산 시도명: 전북 시군구명: 전주시 시대: NaN 내용: 전북대학교 구 문리과대학은 대학교 교사로서 강의를 위한 실용적인 목적이 강조된 건축물로 모더니즘 건축의 조형적 특징이 잘 표현된 건축물이다 특히 중앙 출입구 포치와 파사드의 수직·수평적 요소 과감한 블록처리는 당시 단순화 된 고딕양식에 근대성과 조형성을 가미한 것으로 희소성 측면에서 보존 가치가 있다 소재지상세: 전라북도 전주시 덕진구 덕진동1가 664-14 전북대학교 구 문리과대학', 'score': 0.6649285132922624}]",황룡사 9층 목탑
조선시대 한양도성의 동쪽 문은 무엇인가요?,"[{'text_segment': '국가유산명_국문: 순흥안씨 양도공파 묘역 국가유산명_한자: 順興安氏 良度公派 墓域 국가유산종목: 시도유형문화유산 시도명: 서울 시군구명: 금천구 시대: NaN 내용: 조선 전기의 개국공신인 순흥 안씨 양도공파의 3대에 걸친 묘가 모셔져 있는 곳이다 묘소에는 봉분 3기 신도비(神道碑:왕이나 고관 등의 평생 업적을 기리기 위해 무덤 근처 길가에 세우던 비) 3기 묘비 3기 문·무관석 8기 장명등(묘지 앞에 있는 돌로 만든 등) 2기 등이 있다 묘가 원형대로 잘 보존되어 있어서 조선 전기 분묘의 형식을 이해할 수 있으며 묘 앞에 세워진 인물상 등을 통해 묘의 변천사를 연구하는데 중요한 자료가 되고 있다 소재지상세: 서울 금천구 시흥동 산126-1번지', 'score': 0.8026755750179291}, {'text_segment': '국가유산명_국문: 하동 쌍계사 마애여래좌상 국가유산명_한자: 河東 雙磎寺 磨崖如來座像 국가유산종목: 문화유산자료 시도명: 경남 시군구명: 하동군 시대: NaN 내용: 경상남도 하동군 화개면 쌍계사 대웅전의 동쪽에 있는 큰 암석의 한 면을 움푹 들어가게 파내고 그 안에 불상을 돋을새김 하였다 머리 위에는 상투 모양의 머리묶음이 높고 크게 표현되었으며 옷은 두툼하여 옷주름이 무릎 부분 이외에는 뚜렷하지 않다 왼손은 오른손 위에 올려 놓고 있어 무엇인가를 받들고 있는 듯하다 스님으로 보일 만큼 매우 순박한 모습의 이 불상은 옷이나 손모양 등에서 특이한 점이 보이며 고려시대에 만든 것으로 추정된다 소재지상세: 경상남도 하동군 쌍계사길 59 (화개면) 쌍계사', 'score': 0.7731430522409584}, {'text_segment': '국가유산명_국문: 운화리성지 국가유산명_한자: 雲化里城址 국가유산종목: 문화유산자료 시도명: 울산 시군구명: 울주군 시대: NaN 내용: 이곳의 성은 대운산(해발 742m) 동쪽 지맥의 한 봉우리(270m)와 그 아래의 능선과 계곡을 성내로 포용하며 쌓은 포곡식 산성이다 체성은 북쪽은 훼손이 심하지만 남동쪽은 양호한 상태호 남아 있다 성벽은 자연석을 손질해서 급경사 지역은 내탁(바깥쪽은 석벽으로 안쪽은 잡석과 흙으로 채워 쌓는 방법)하고 경사가 완만한 지역은 협축(성벽의 안팎을 모두 수직에 가까운 석벽으로 쌓는방법)하여 쌓았으며 규모는 길이 약 1km 높이 100~220cm 정도이다 성내에는 일부 손질된듯한 자연석을 이용하여 축조한 둥근 석단시설이 남아 있으나 무엇에 쓴 것인지 그 성격은 자세히 알 수 없다 이 성은 성내에서 발견되는 토기편과 아래쪽에 인접한 운화리 고분군은 참고하여 볼 때 신라시대부터 조선시대에 걸쳐 사용된 것으로 추정된다 소재지상세: 울산 울주군 온양읍 운화리 산159번지 일원', 'score': 0.7424441594064202}, {'text_segment': '국가유산명_국문: 빅타레코드 금속 원반 국가유산명_한자: 빅타레코드 金屬 圓盤 국가유산종목: 국가등록문화유산 시도명: 경기 시군구명: 파주시 시대: - 내용: 일본 빅타축음기주식회사가 1935～1940년까지 유성기 음반을 찍기 위해 발매한 금속원반 587매로서 1992년 우리나라 (주)서울음반(현 (주)카카오엠)에 양도한 것이다 이 유물에는 전통음악 대중음악 등 당대 공연예술 전반에 걸친 다양한 음악들이 수록되어 있으며 특히 빅타판 춘향전 전집은 판소리사의 불후의 명연으로 꼽히고 있다 일제강점기 우리나라의 근대적 대중문화의 초기 발전과 성장과정을 이해하는데 중요한 음원이란 측면에서 가치 있는 유물로 평가된다 소재지상세: 경기도 파주시 헤이리로 30 (탄현면) 국립민속박물관파주', 'score': 0.7307915770199223}, {'text_segment': '국가유산명_국문: 관촉사석문 국가유산명_한자: 灌燭寺石門 국가유산종목: 문화유산자료 시도명: 충남 시군구명: 논산시 시대: NaN 내용: 관촉사는 고려 광종 19년(968) 혜명이 창건한 사찰로 절내에 들어서려면 이 석문을 통과하여야 한다 다른 사찰에서는 찾아볼 수 없는 특이한 형태의 문으로 일명 ‘해탈문’이라고도 부른다 문은 네모난 돌기둥을 양쪽에 세운 후 양 기둥 뒤쪽으로 길쭉한 돌을 5개씩 쌓아 옆면을 이루게 하였다 기둥 위로는 네모지고 넓적한 돌을 얹어 놓아 전체적으로 4각의 모습을 하고 있다 관촉사가 건립된 후 참배객이 몰려드는 것을 막기 위해 동·서·남·북 4곳에 이러한 문을 두었는데 그중 동쪽에 세운 이 문만이 유일하게 남아 있다 석문을 세운 시기에 관한 정확한 기록은 없으나 관촉사가 건립되었던 고려시대로 짐작된다 소재지상세: 충남 논산시 은진면 관촉리 254번지', 'score': 0.7204464906575995}]",흥인지문
경복궁은 어느 도시에서 처음 세워졌나요?,"[{'text_segment': '국가유산명_국문: 서울 누하동 이상범 가옥과 화실 국가유산명_한자: 서울 樓下洞 李象範 家屋과 畵室 국가유산종목: 국가등록문화유산 시도명: 서울 시군구명: 종로구 시대: 가옥 1929추정 화실 1938 내용: ㅇ가옥 : 1930년대 누하동을 비롯하여 경복궁 서쪽 지역에 형성되었던 문화예술인의 도시형 한옥 건물로 이상범 화백이 43년간 거주한 곳이며 희소적인 면에서도 그 가치가 인정된다\r\nㅇ 화실 : 이 건물은 이상범 화백이 화실로 사용하던 곳으로 이상범 화백이 작업에 열중하는 모습을 연상할 수 있는 곳으로 당시의 모습이 그대로 있어 가옥과 함께 선생의 체취를 느낄 수 있는 곳이다 소재지상세: 서울특별시 종로구 필운대로 31-7 31-8 (누하동)', 'score': 0.8817339837551117}, {'text_segment': '국가유산명_국문: 진해 근대역사문화공간 국가유산명_한자: NaN 국가유산종목: 국가등록문화유산 시도명: 경남 시군구명: 창원시 시대: NaN 내용: ｢진해 근대역사문화공간｣은 1905년 일본이 제국주의 열강과의 전쟁을 목적으로 주민들을 강제 이전시키고 계획 설계한 아픔을 가진 도시이다 19세기 중반 서구 도시경관의 개념이 도입된 군사도시로서 방사상 거리 여좌천 하수관거 등 도시의 뼈대를 이루는 기반시설이 당시 모습대로 남아 있어 면적 공간단위로서 등록할 역사적 가치가 있다 소재지상세: 경상남도 창원시', 'score': 0.8419908322458733}, {'text_segment': '국가유산명_국문: 대구 동인초등학교 강당 국가유산명_한자: NaN 국가유산종목: 국가등록문화유산 시도명: 대구 시군구명: 중구 시대: 일제강점기(학교 설립 인가) 내용: ○「대구 동인초등학교 강당」은 강당 건물로서의 필요한 층고 확보를 위해 채용한 만사드지붕 등의 \r\n     건축적 수법을 잘 보여주는 특징을 가지고 있고 대구 구 도심의 오래된 학교시설로서 근대기 도시\r\n     공간 구조와 함께 교육 및 지역사적 의미를 가지고 있음 ○ 동인초등학교는 대구광역시 구도심에서 상업지역에 위치하여 주변이 번화하고 복잡하지만 학교의 \r\n    특성상 넓은 부지를 형성하고 강당 등 건물 주변에 운동장 등 넓은 외부공간(Open Space)를 확보\r\n    하고 있고 또한 학교측에서는 학교 오랜 역사의 유일한 현존 흔적으로서 보존하고자 하므로 \r\n    국가유산 보존관리 여건 및 주변환경은 양호함\r\n\r\n○ 현재 대구 동인초등학교가 위치하고 있는 대구광역시 중구는 본래 대구읍성이 있었던 지역으로 \r\n    1906년 대구읍성이 철거된 이후 전통적 도시구조에서 근대적 도시구조로 점차 변화\r\n  - 대구 중구는 과거 읍성 지역을 중심으로 많은 근대 건축물이 건축되며 시가지가 점차\r\n    확장되었으며  현재도 대구의 원도심이자 구시가지 지역으로 다수의 근대건축물이 현존함 소재지상세: 대구광역시 중구 국채보상로 728 (동인동4가 동인초등학교)', 'score': 0.7569048552032396}, {'text_segment': '국가유산명_국문: 구 영주역 5호 관사 국가유산명_한자: NaN 국가유산종목: 국가등록문화유산 시도명: 경북 시군구명: 영주시 시대: NaN 내용: 일제강점기 당시 영주역 관사로 건립된 2호 연립주택으로 목조 일식관사주택의 전형을 보여주는 건축물 중 하나로 내부공간구성 외관형태 구조 및 재료의 보존상태도 양호하다 1942년 중앙선이 개통되고 영주역이 중간역으로서 역할한 것이 영주시가 근대도시로 발전할 수 있는 계기가 되었으며 철도집단관사로 조성된 ‘관사골’이 지니고 있는 도시생활사적 보존과 활용 가치가 있다 소재지상세: 경상북도 영주시 두서길 57 (영주동)', 'score': 0.7493851526897297}, {'text_segment': '국가유산명_국문: 구 영주역 7호 관사 국가유산명_한자: NaN 국가유산종목: 국가등록문화유산 시도명: 경북 시군구명: 영주시 시대: 근현대 내용: 구 영주역 5호 관사와 함께 일제강점기 당시 영주역 관사로 건립된 2호 연립주택으로 목조 일식관사주택의 전형을 보여주는 건축물 중 하나로 내부공간구성 외관형태 구조 및 재료의 보존상태도 양호하다 1942년 중앙선이 개통되고 영주역이 중간역으로서 역할한 것이 영주시가 근대도시로 발전할 수 있는 계기가 되었으며 철도집단관사로 조성된 ‘관사골’이 지니고 있는 도시생활사적 보존과 활용 가치가 있다 소재지상세: 경상북도 영주시 두서길 63 (영주동)', 'score': 0.7457891235526513}]",한양
덕수궁은 어떤 시기에 여러 차례 훼손되었나요?,"[{'text_segment': '국가유산명_국문: 중명전 국가유산명_한자: 重眀殿 국가유산종목: 시도유형문화유산 시도명: 서울 시군구명: 중구 시대: NaN 내용: 경운궁(덕수궁)에 속한 접견소 및 연회장으로 지어진 건물이다 광무 4년(1900) 경에 지어진 것으로 추정되는데 원래 경운궁 안에 있었으나 도로가 생기면서 궁 밖에 위치하게 되었다 광무 10년(1906)에 황태자인 순종과 윤비와의 가례가 이곳에서 진행되었으며 일제에 의해 강제로 체결된 을사조약 또한 이곳에서 조인되었다 일제시대 경운궁을 축소시키면서 외국인에게 임대하여 1960년대까지 외국 사람들의 사교장으로 사용되었다 단순한 2층 벽돌집이지만 1층의 창문은 무지개 모양으로 꾸몄으며 2층 서쪽에 베란다를 설치한 것이 특이하다 1925년의 화재로 벽면만 남아있던 것을 다시 원래대로 지었으나 처음의 모습과는 조금 달라져 있다 중명전은 우리나라에서 궁중에 지어진 서양식 건물로는 최초의 것 중의 하나이다 2006년까지 서울시에서 관리(서울시유형문화재 제53호)하여 왔으나 당초 덕수궁 권역의 건물이고 문화재청으로 소유권 이전등기(‘0691)됨에 따라 덕수궁에 포함시켜 보존 관리함이 타당하다고 판단되어 사적 제124호 덕수궁에 추가지정(200727)하고 해제하였다 소재지상세: 서울 중구 정동길 41-11 (정동)', 'score': 0.7680015563964844}, {'text_segment': '국가유산명_국문: 불교제중원 오층석탑 및 표석 석등 국가유산명_한자: 佛敎濟衆院 五層石塔 및 標石 石燈 국가유산종목: 문화유산자료 시도명: 서울 시군구명: 강남구 시대: 1923~1924 내용: 현재 경기여고 교정에 소재한 오층석탑과 “불교제중원” 표석은 원래 덕수궁(경운궁) 선원전터에 있었던 것으로 경기여고의 정동 교지가 확장되면서 학교에 편입되었다가 1988년 경기여고가 강남으로 이전하면서 옮겨진 것이다 이 석물들의 원 소재지인 덕수궁(경운궁) 선원전터에는 1910년대에 불교중앙포교소(해인사 末寺)가 세워졌고 1923년에는 불교제중원이 설치되었다 불교제중원은 당시로서는 현대적 의료기관으로서 내과 외과 조산과 등을 두었다고 하는데 1925년 재정적인 문제로 폐사되었다 불교제중원이 비록 친일 승려인 이회광(李晦光 1862-1933)에 의해 설립되었다고는 하나 그 표석은 근대불교사의 자료로서 그 의미를 지닌다고 할 수 있다 오층석탑은 단층의 기단위에 올려진 평면 방형의 석탑으로 탑신부의 체감이 완만하고 옥개석이 매우 두터워 투박하며 둔중한 느낌을 준다 처마 네 귀퉁이의 전각은 급격한 반전을 보이고 있어 다소 과장된 느낌을 주며 상륜부는 복발 1석으로 조성하였다 이 석탑은 조선시대 석탑의 전통을 잇고 있으나 매우 단순해진 형태로 조성시기를 알 수 있는 근대 석탑 자료로서 그 중요성을 평가할 수 있을 것이다 한편 석등은 평면 6각의 화사석 위에 육각 옥개석이 올려져 있는 형태로 석탑과 마찬가지로 둔중한 느낌을 주며 하대의 괴임돌 하나는 신재(新材)이다 전체적으로 전통양식에서는 벗어난 형태를 보이고 있으나 근대 석조물의 한 양상을 나타내준다고 하겠다 이 석물들은 조성시기를 알 수 있는 20세기초의 석조물로 근대 불교와 관련하여 중요한 자료이다 소재지상세: 서울특별시 강남구 삼성로 29 (개포동 경기여자고등학교)', 'score': 0.7538668339732855}, {'text_segment': '국가유산명_국문: 덕수궁 국가유산명_한자: 德壽宮 국가유산종목: 사적 시도명: 서울 시군구명: 중구 시대: 조선시대 내용: 조선시대의 궁궐로서 경운궁으로 불리다가 고종황제가 1907년 왕위를 순종황제에게 물려준 뒤에 이곳에서 계속 머물게 되면서 고종황제의 장수를 빈다는 뜻의 덕수궁으로 고쳐 부르게 되었다 덕수궁 자리에는 조선 9대 임금인 성종의 형 월산대군의 집이 있었다 임진왜란이 끝나고 한양으로 돌아온 선조는 궁궐이 모두 불에 타고 없어서 임시로 월산대군의 집을 거처로 정하고 선조 26년(1593)부터 궁으로 사용하기 시작하였다 그리고 근처의 계림군과 심의겸의 집 또한 궁으로 포함하였다 선조의 뒤를 이은 광해군은 즉위 3년(1611)에 이곳을 경운궁으로 고쳐 부르고 1615년 창경궁으로 옮길 때까지 왕궁으로 사용하였다 그후 선조의 왕비인 인목대비가 경운궁으로 쫓겨나와 있게 되었는데 그 후로 광해군은 이 곳을 서궁으로 낮추어 부르게 하였다 광해군이 인조반정으로 1623년에 물러나면서 인조는 즉조당과 석어당만을 남기고 나머지 건물들을 옛 주인에게 돌려주거나 없애버렸다 그 뒤로 고종황제가 러시아공관에서 옮겨오면서 다시 왕궁으로 사용되었는데 그 때부터 이 궁은 비로소 궁궐다운 건물들을 갖추게 되었다 1904년의 큰 불로 대부분의 건물들이 불에 타 없어지자 서양식 건물인 석조전들이 지어지면서 원래 궁궐 공간의 조화를 잃어버리게 되었다 그 중 가장 큰 변화는 정문이 바뀐 것이다 덕수궁의 정문은 남쪽에 있던 인화문이었는데 다시 지으면서 동쪽에 있던 대안문을 수리하고 이름도 대한문으로 고쳐 정문으로 삼았다 비록 조선 후기에 궁궐로 갖추어진 곳이지만 구한말의 역사적 현장이었으며 전통목조건축과 서양식의 건축이 함께 남아있는 곳으로 조선왕조의 궁궐 가운데 특이한 위치를 차지하고 있다 소재지상세: 서울 중구 세종대로 99 (정동)', 'score': 0.6954768640750585}, {'text_segment': '국가유산명_국문: 덕수궁 정관헌 국가유산명_한자: NaN 국가유산종목: 국가등록문화유산 시도명: 서울 시군구명: 중구 시대: 1900 내용: \xad다양한 건축양식과 건축재료로 지어진 건축물로 궁궐에 서양 신문화가 이입되는 모습을 볼 수 있음 소재지상세: 서울 중구 세종대로 99 (정동)', 'score': 0.6814543905048798}, {'text_segment': '국가유산명_국문: 덕수궁 석조전 서관 국가유산명_한자: NaN 국가유산종목: 국가등록문화유산 시도명: 서울 시군구명: 중구 시대: 1938 내용: \xad이왕가의 미술관으로 사용하기 위해 본격적인 전시시설의 용도로 건축한 신고전주의양식의 건축물 소재지상세: 서울 중구 세종대로 99 (정동)', 'score': 0.6814082267075012}]",일제강점기
조선 숙종은 어떤 방법으로 정치적 변화를 이끌어냈나요?,"[{'text_segment': '국가유산명_국문: 익산 구 이리농림학교 수의축산과 특별교실 국가유산명_한자: 益山 舊 裡里農林學校 畜産科 校舍 국가유산종목: 국가등록문화유산 시도명: 전북 시군구명: 익산시 시대: 1932년 내용: 1932년 건립\r\n이 건물은 이리농림학교의 축산과 특별 교실로 건립되어 69년 동안 축산과 교실로 사용되다가 지금은 국립익산대학의 동아리방으로 쓰이고 있다 1930년대 당시 공립학교 건축의 전형적인 형태를 갖추고 있으며 상·하인방과 모서리 부위의 벽돌 쌓기 방법을 달리하여 건물의 입면에 변화를 주었다 현재 국립익산대학에서 가장 오래된 건물로 대학의 역사를 보여주고 있다 소재지상세: 전북 익산시 고봉로 79 (마동)', 'score': 0.8214107662789629}, {'text_segment': '국가유산명_국문: 광주 수창초등학교 본관 국가유산명_한자: 光州 壽昌初等學校 本館 국가유산종목: 국가등록문화유산 시도명: 광주 시군구명: 북구 시대: 1931 내용: 1931년 건립된 이 건물은 1921년에 개교한 광주서방공립보통학교 건물로 지어져 지금은 수창초등학교의 본관으로 사용되고 있다 1층과 2층 사이 벽체에는 벽돌 쌓기 방법을 달리하여 건물 입면에 변화를 주었고 지붕에는 채광 및 환기를 위한 지붕창을 설치하여 지붕 뼈대가 썩는 것을 막고 있다 광주 지역에서 일제 강점기에 건립된 초등학교 건물 가운데 남아 있는 것이 드물어 보존 가치가 높은 건물이다 소재지상세: 광주 북구 금남로 99 (북동)', 'score': 0.820760938997331}, {'text_segment': '국가유산명_국문: 의성대곡사명부전 국가유산명_한자: 義城大谷寺冥府殿 국가유산종목: 문화유산자료 시도명: 경북 시군구명: 의성군 시대: NaN 내용: 대곡사는 고려 공민왕 17년(1368)에 지공선사와 나웅선사에 의해 창건 되었으나 임진왜란시 화재로 소실되어 조선 선조 38년(1602)에 탄우대사가 중창하였고 숙종 13년(1687)에 중건하였다 대곡사 명부전은 건립 당시부터 명부전으로 건립되었는지는 확실치 않으나 창호구성수법 치목방법 등 건축 수법에서 17~8세기의 형식들을 유지하고 있다 소재지상세: 경북 의성군 다인면 대곡사길 80 (봉정리)', 'score': 0.8124780383959334}, {'text_segment': '국가유산명_국문: 부산 임시수도 정부청사 국가유산명_한자: 釜山 臨時首都 政府廳舍 국가유산종목: 국가등록문화유산 시도명: 부산 시군구명: 서구 시대: 1925 내용: 이 건물은 도청 소재지를 진주에서 부산으로 옮기면서 건립한 경남도청으로 한국전쟁 당시 임시 정부청사로 사용하였다 처음 준공할 때는 ‘一’자 모양의 평면으로 구성하였으나 1960년대 증·개축으로 ‘ㅁ’자 모양 ‘日’자 모양으로 바뀌었다 정면 가운데에 현관 포치(porch)가 돌출되어 있고 가운데와 양쪽 끝 부분을 돌출시키고 그 위쪽을 박공지붕으로 구성하는 등 전체적으로 위엄 있는 입면을 갖고 있다 우리나라 근대사의 정치·사회적 변화를 간직한 역사적인 건물로 구 경상남도지사 관사(지금의 임시수도기념관)와 더불어 부산 지역의 대표적인 근대 공공 건축물이다 현재 동아대학교 박물관으로 쓰고 있다 소재지상세: 부산 서구 구덕로 225 (부민동2가)', 'score': 0.8048724026535992}, {'text_segment': '국가유산명_국문: 합천 소학당 국가유산명_한자: 小學堂 국가유산종목: 문화유산자료 시도명: 경남 시군구명: 합천군 시대: 1506년 내용: 조선 성종 3년(1472) 김굉필(1454∼1504)이 어린시절 한훤당에서 독서와 수양에 전념한 곳이다 한훤당 건물이 화재로 없어진 것을 중종 원년(1506)에 김굉필 정여창(1450∼1504)을 추모하기 위하여 사당과 소학당을 세웠다 숙종 22년(1696) 또 다시 불타 없어진 것을 고쳐 지어 현재에 이르고 있다 김굉필은 조선 전기 문신이며 학자이다 정몽주 길재 김숙자 김종직으로 이어지는 우리나라 유학사의 정통을 계승하였고 후일 개혁정치를 주도한 기호계 사림파의 주축을 형성하였다 연산군 10년(1504) 갑자사화 때 유명을 달리하였고 중종(재위 1506∼1544) 때 우의정에 추증되었다 정여창은 조선 전기 문신이며 학자이다 연산군 1년(1495) 안음현감으로 있을 때에는 정치가 맑아 백성들로부터 칭송을 들었다 연산군 4년(1498) 무오사화 때 유배되었고 중종 때 우의정에 추증되었다 소학당은 앞면 4칸·옆면 2칸의 규모로 지붕은 옆면에서 볼 때 사람 인(人)자 모양인 맞배지붕이다 경내 오른쪽으로 강물을 끼고 있어 옛 선비들이 공부하거나 후학들이 배우기에 좋은 환경과 경치를 갖추고 있다 건물 왼쪽에 벽진 이씨·안동 권씨·순천 박씨 중조(中祖)의 위패를 모시고 있는 회산사가 있다 소재지상세: 경상남도 합천군 매안대전길 90-9 (가야면)', 'score': 0.783432447615964}]",여러 번의 환국
광개토대왕은 어느 나라의 영토를 확장했나요?,"[{'text_segment': '국가유산명_국문: 충주 고구려비 국가유산명_한자: 忠州 高句麗碑 국가유산종목: 국보 시도명: 충북 시군구명: 충주시 시대: 고구려시대 내용: 국내에 유일하게 남아 있는 고구려 석비로 장수왕이 남한강 유역의 여러 성을 공략하여 개척한 후 세운 기념비로 추정된다 1979년 입석마을 입구에서 발견되었는데 오랜 세월이 흐른 탓에 발견 당시 비면이 심하게 마모되어 있었다 석비는 돌기둥 모양의 자연석을 이용하여 4면에 모두 글을 새겼는데 그 형태가 만주에 있는 광개토대왕비와 비슷하다 비문은 심하게 닳아 앞면과 왼쪽 측면 일부만 읽을 수 있는 상태로 내용 중 처음에 ‘고려대왕(高麗大王)’이라는 글자가 보이는데 여기에서 고려는 고구려를 뜻한다 ‘전부대사자(前部大使者)’·‘제위(諸位)’·‘사자(使者)’ 등 고구려 관직 이름과 광개토대왕 비문에서와 같이 ‘고모루성(古牟婁城)’등의 글자가 보이고 ‘모인삼백(募人三百)’·‘신라토내(新羅土內)’ 등 고구려가 신라를 불렀던 말들이 쓰여 있어 고구려비임을 확인하게 되었다 고구려 영토의 경계를 표시하는 비로 백제의 수도인 한성을 함락하고 한반도의 중부지역까지 장악하여 그 영토가 충주지역에까지 확장되었음을 말해준다 또한 역사적으로 고구려와 신라 백제 3국의 관계를 밝혀주는 귀중한 자료로서 우리나라에 남아있는 유일한 고구려비라는 점에서 커다란 역사적 가치를 지닌다 소재지상세: 충청북도 충주시 감노로 2319 (중앙탑면 충주고구려비전시관)', 'score': 0.6406062245368958}, {'text_segment': '국가유산명_국문: 서울 구의정수장 제1·2공장 국가유산명_한자: 서울 九宜淨水場 第一·二工場 국가유산종목: 국가등록문화유산 시도명: 서울 시군구명: 광진구 시대: 제1공장 1936년 제2공장 1959년 내용: ㅇ구의정수장 제1공장은 일제강점기인 1930년대에 당시 경성부 부세(府勢) 확장으로 인해 상수도시설의 확장 필요성에 따라 건설되었다 제1공장에는 우리나라 현존 최고(最古)의 급속여과지가 있으며 기존의 완속여과지에 비해 30배 이상의 효율을 갖고 있으며 원형이 잘 보존되어 있다 제2공장은 일본기술로 지어진 제1공장과는 달리 1959년 미국의 원조와 기술로 지어진 공장이다 여기에 있는 상하류식 고속응집침전지는 당시로서는 고도의 신기술에 속하는 것으로 국내에 남아있는 것으로는 유일하다 이 고속응집침전지는 혼화 응집 침전이 하나의 침전지에서 처리가 가능한 수처리시설로 설치면적이 작아도 되는 당시로는 획기적인 것으로써 그 원형이 그대로 남아있다 두 공장 모두 착수부터 약품처리 혼화 응집 침전 여과 정수 등 수도시설의 전 과정이 잘 남아있다 소재지상세: 서울특별시 광진구 워커힐로 57-30 (구의동 구의야구장)', 'score': 0.5546278103147414}, {'text_segment': '국가유산명_국문: 채색필사본 대동여지도 국가유산명_한자: 彩色筆寫本 大東輿地圖 국가유산종목: 국가등록문화유산 시도명: 서울 시군구명: 마포구 시대: 19c말~20c초 추정 내용: 한국연구원 소장본 &lt;대동여지도&gt;는 신유본 &lt;대동여지도&gt;를 모사한 필사본이나 &lt;대동여지도&gt; 원본에 없는 우산도가 표시되어 있다 우산도 뿐만 아니라 북방 및 변방의 지리 정보(지명 주기 등)가 적지 않게 추가되어 있으며 당시 지식인의 영토 인식과 고민이 반영되어 있다 소재지상세: 서울특별시 마포구', 'score': 0.5498122972703623}, {'text_segment': '국가유산명_국문: 익산 평동로 근대상가주택 5 국가유산명_한자: NaN 국가유산종목: 국가등록문화유산 시도명: 전북 시군구명: 익산시 시대: 근현대 내용: 2층 상가주택으로 2층과 3층에 수직 요소를 과감히 장식적으로 처리한 입면 구성수법이 특징이라 할 수 있다 조적조로 당시 유행하던 모더니즘 양식을 잘 구현하였고 비교적 좁은 대지의 특성상 3층을 다락방으로 활용하여 주거 영역을 확장한 것은 당시의 시대적 상황을 잘 보여주고 있다 특히 「익산 평동로 근대상가주택 3 4 5」의 경우 1960년대 건물들이 연접(連接)하고 있어 가로경관적인 측면에서 보존 가치가 크다고 할 수 있다 소재지상세: 전라북도 익산시 평동로11길 27-1 (인화동1가)', 'score': 0.5190101038331019}, {'text_segment': '국가유산명_국문: 발해태조건국지·명림답부전 국가유산명_한자: 渤海太祖建國誌·明臨答夫傳 국가유산종목: 국가등록문화유산 시도명: 서울 시군구명: 서대문구 시대: NaN 내용: 『발해태조건국지』는 1925년 대한민국임시정부의 대통령을 맡기도 한 박은식(朴殷植 1859~1925)이 1911년에 서간도 환인현(桓仁縣) 홍도천에 있던 윤세복(尹世復)의 집에서 저술한 저작의 하나이다 그의 자는 성칠(聖七) 호는 백암(白庵) 겸곡(謙谷) 태백광노(太白狂奴) 무치생(無恥生)이고 이명(異名)은 인식(仁植) 기정(箕貞) 등이다 내용은 목차(서론 발해 이전의 고구려 말운 태조의 가계와 인격 고구려 유민의 생기 영웅의 은둔 활동시기 천문령의 대승첩 태조의 건국 발해의 강역 발해의 종교와 풍속 발해의 문학 태조의 외교 태조의 후손 결론)에서 보듯이 고구려 멸망 이후 대조영이 그 유민을 이끌고 발해를 건국한 과정과 영토 문물 종교 풍속 문학 외교 후손 등을 다루고 있다 합철된 『명림답부전』은 서론 끝의 “大皇祖降世四千三百六十八年(1911)九月日著者 識”와 같이 『발해태조건국지』보다 한 달 앞선 1911년 9월에 완성되었다 박은식이 상무적인 고구려의 많은 인물 중에서도 대표적인 애국충신으로 명림답부(67~179)를 선정하여 조국독립을 위하여 혈투하는 모습을 통하여 한국민의 애국심을 함양시키고자 저술한 전기이다 명림답부는 고구려 7대 차대왕을 제거하고 차대왕의 아우 백고를 신대왕으로 모신 인물이다 그는 고구려 최초의 국상이었고 뛰어난 지략으로 한나라 대군을 물리친 명장이기도 했다 박은식이 1911년 한국역사를 만주 중심으로 이해하면서 저술한 「발해태조건국지」와 「명림답부전」의 합철본인 「발해태조건국지‧명림답부전」은 일제강점기 민족주의 사가들의 고구려‧발해 인식을 가장 명료하게 보여주는 대표적 저술로 한국근대사학사와 한국독립운동사 분야에서 중요한 문헌이다 소재지상세: 서울특별시 서대문구 연세로 50 (신촌동 연세대학교) 박물관', 'score': 0.5075175174371137}]",고구려
유네스코 세계문화유산으로 등재된 성곽은 무엇인가요?,"[{'text_segment': '국가유산명_국문: 광주영산재 국가유산명_한자: NaN 국가유산종목: 시도무형유산 시도명: 광주 시군구명: 서구 시대: NaN 내용: 영산재(靈山齋)는 49재(사람이 죽은지 49일째 되는 날에 지내는 제사)의 한 형태로 영혼이 불교를 믿고 의지함으로써 극락왕생하게 하는 의식이다 불교 천도의례 중 대표적인 제사로 일명 ‘영산작법(靈山作法)’이라고도 한다 까마득한 2500년 전 법회 장면이 오늘날까지 영산작법으로 보존되고 전승된 것이 국가무형유산 영산재이다 또한 그 가치를 인정받아 2009년 유네스코는 세계 무형문화유산으로 등재되었으며 지난 2014년 7월 광주광역시는 ‘광주영산재’를 시의 무형유산으로 지정했다 소재지상세: 광주광역시 서구', 'score': 0.7482635561400021}, {'text_segment': '국가유산명_국문: 연천통현리지석묘 국가유산명_한자: 漣川通峴里支石墓 국가유산종목: 문화유산자료 시도명: 경기 시군구명: 연천군 시대: NaN 내용: 지석묘는 청동기 시대 사람들이 만든 무덤으로 고인돌이라고도 한다 무덤으로 보지 않고 제사를 지내는 제단으로 보는 견해도 있다 지석묘는 생김새에 따라 땅 위에 책상처럼 세우는 탁자식과 큰 돌을 조그만 받침돌로 고이거나 받침돌 없이 평평한 돌을 얹는 바둑판식으로 나뉜다 우리나라는 세계에서 지석묘가 가장 많이 남아 있어 2000년에 인천광역시 강화군의 지석묘 전북특별자치도 고창의 지석묘 전라남도 화순의 지석묘 등 3개 지역의 지석묘군이 함께 유네스코 세계 문화유산으로 등재되었다 연천 통현리 지석묘는 고포리마을 동쪽 끝자락의 낮은 구릉사면에 위치한다 탁자식에 해당하며 원래 2기가 있었으나 현재는 1기만 남아있다 덮개돌은 길이가 32m 너비가 25m인데 일부분이 깨져서 받침돌 옆에 놓여 있다 덮개돌을 지탱하고 있는 받침돌은 현재 2개가 남아있는데 높이가 18∼2m이다 2010년 국가유산 발굴조사와 복원작업을 거쳐서 현재의 모습으로 복원되었다 통현리 지석묘는 일찍부터 알려져 왔지만 군시설로 인하여 파괴가 많이 된 상태이다 그러나 임진강과 한탄강 유역의 지석묘 성격을 이해하는데 중요한 자료가 되고 있다 소재지상세: 경기 연천군 연천읍 통현리 339-1번지', 'score': 0.7377261936592077}, {'text_segment': '국가유산명_국문: 가학동지석묘 국가유산명_한자: 駕鶴洞支石墓 국가유산종목: 문화유산자료 시도명: 경기 시군구명: 광명시 시대: 청동시대 내용: 지석묘는 청동기시대 사람들이 만든 무덤으로 고인돌이라고도 한다 무덤으로 보지 않고 제사를 지내는 제단으로 보는 견해도 있다 지석묘는 생김새에 따라 땅 위에 책상처럼 세우는 탁자식과 큰 돌을 조그만 받침돌로 고이거나 받침돌 없이 평평한 돌을 얹는 바둑판식으로 나뉜다 우리나라는 세계에서 지석묘가 가장 많이 남아 있으며 2000년 인천광역시 강화군의 지석묘 전라북도 고창의 지석묘 전라남도 화순의 지석묘 등 3개 지역의 지석묘군이 유네스코 세계유산으로 등재되었다 가학동지석묘는 광명시 가학동 벌말의 뒷산 경사면에 위치하며 1997년 한양대학교에서 실시한 발굴조사를 통해 지석묘 덮개돌로 추정되는 석재 11기가 확인되었다 이 중 경기도 문화유산자료로 지정된 지석묘는 덮개돌 길이가 29m이며 4개의 받침돌 중 3개는 무너졌다 주변 지역의 지석묘에서 가락바퀴·돌화살촉·반달돌칼 등과 청동기시대의 집터 1기가 조사되었다 가학동지석묘는 탁자식 지석묘이지만 돌방의 벽석인 받침돌의 크기가 작고 덮개돌들이 두꺼운 형태인 것으로 보아 한반도 중부지역 탁자식 지석묘의 지역적 특징이 잘 나타난다 지석묘가 위치한 마을은 지석묘 위에서 학들이 놀았다고 하여 마을 이름이 가학동이 되었다고 전해지고 있다 1960년대 초까지만 해도 마을의 번영과 무병장수를 기원하기 위해 이곳에서 제사를 지냈다고 한다 소재지상세: 경기도 광명시 가학동 산 101-2', 'score': 0.7205459348513741}, {'text_segment': '국가유산명_국문: 유네스코회관 국가유산명_한자: NaN 국가유산종목: 국가등록문화유산 시도명: 서울 시군구명: 중구 시대: 근현대기 내용: ㅇ 유네스코 회관은 근현대기 대한민국이 국제사회에서의 활동 전개를 위한 매개체이자 기회를 제공\r\n    한 곳으로 교육 과학 문화 활동의 산실로 각종 국제회의 및 세미나 등 근대기 한국사회의 국제 활\r\n    동의 거점 역할을 수행하였다는 점에서 역사적 가치가 높고 1960년대 당시에 보기 드문 커튼월 공\r\n    법이라는 현대건축기법이 적용된 초기 건축물로서 원형을 유지하고 있다는 점 등이 국가등록문화\r\n    재로 등록할 만한가치 있는 것으로 평가되었음\r\nㅇ 대한민국이 1950년 6월 14일 제5차 유네스코총회(이탈리아 피렌체)에서 제55번째 회원국으로 가\r\n    입 승인된 것은 독립 신생국가로서 매우 대단한 일이었음 이로써 대한민국은 유엔의 주요 전문기\r\n    구의 회원국이 되어 국제무대에서 활동이 가능해졌음 연이어 발생한 전쟁의 참화 속에서 유네스코\r\n    의 다양한 지원 가운데 대한민국의 재건이 가능할 수 있었음\r\nㅇ 1954년 유네스코한국위원회(이하 ‘위원회’)의 창립총회에서 회관 건립의 필요성이 논의됨\r\nㅇ 위원회는 현상설계공모를 통해 1959년 6월 구조사건축기술연구소의 배기형의 커튼월 공법을 도입\r\n    한 계획안을 최종 당선작으로 결정함(구조사 사내 경쟁을 통해 윤도근의 안을 바탕으로 출품)\r\nㅇ 1966년 12월 20일에 공사를 완공한 유네스코회관은 서울특별시 중구 명동길 26에 위치한 다중이용\r\n    시설이며 금융 상업 업무 문화 및 집회시설 등의 용도를 가진 대형건축물로서 대한민국 근대건\r\n    축의 대표성을 지니고 있음\r\nㅇ 또한 유네스코회관은 1960년대부터 명동성당과 명동성당 가톨릭회관(전 명동성모병원) 등과 함께 \r\n    명동의 근대적인 가로경관 형성에 큰 역할을 수행하였음 소재지상세: 서울특별시 중구 명동길 26 (명동2가 유네스코회관)', 'score': 0.719735621352351}, {'text_segment': '국가유산명_국문: 수원 화성 국가유산명_한자: 水原 華城 국가유산종목: 사적 시도명: 경기 시군구명: 수원시 시대: 조선 정조       20년(1796) 내용: 화성은 조선시대 화성유수부 시가지를 둘러싼 성곽이다 1789년(정조 13) 수원을 팔달산 동쪽 아래로 옮기고 1794년(정조 18) 축성을 시작해 1796년에 완성했다 전체 길이는 574㎞에 달한다 4개의 성문을 비롯해 망루의 일종인 공심돈(空心墩) 대포를 둔 포루(砲樓) 요충지에 세운 각루(角樓) 군사지휘소인 장대(將臺) 등을 두루 갖췄다 화성은 지형을 살려 쌓는 조선의 축성 전통을 따르면서도 새로운 방어시설을 도입한 성곽이다 실학자 정약용은 조선과 중국의 축성 방식을 총망라하여 성곽의 규모와 방어시설 재료를 계획했고 자재를 쉽게 들어 올리는 거중기와 튼튼한 수레 유형거를 발명하여 공사비용도 줄였다 축성의 모든 과정은 『화성성역의궤』라는 공사보고서에 꼼꼼하게 기록했다 건축도면과 축성기계의 그림 사용한 재료의 치수와 수량까지 수록되어 있어 현재까지도 『화성성역의궤』를 바탕으로 수리 보수가 이루어지고 있다 화성은 동서양의 기술교류를 보여주고 지형을 살린 우수한 군사건축물로 인정받아 1997년 유네스코 세계유산에 등재됐다 화성은 성곽뿐 아니라 18세기 말에 만들어진 성곽도시이자 계획 신도시라는 점에서도 큰 가치가 있다 서울과 삼남지방을 잇는 교통의 중심지에 자리 잡은 화성에는 경제적으로 부강한 도시를 만들고자 했던 정조의 뜻과 실학정신이 반영되어 있다 <br/><b>※(화성 → 수원 화성)으로 명칭변경 되었습니다 (20110728 고시) </b> 소재지상세: 경기 수원시 팔달구 장안동 1-2번지', 'score': 0.6984503269195557}]",수원 화성
일제강점기 동안 독립운동가들이 수감된 장소는 어디인가요?,"[{'text_segment': '국가유산명_국문: 나석주 의사 편지 및 봉투 국가유산명_한자: NaN 국가유산종목: 국가등록문화유산 시도명: 서울 시군구명: 용산구 시대: 일제강점기 내용: ‘나석주 의사 편지 및 봉투’는 1926년 12월 동양척식주식회사와 조선식산은행에 폭탄 투척을 위한  의열단원 나석주 의사의 거사 계획 관련 편지 및 봉투이며 1924년부터 1925년까지 총 8건이다 일제강점기 의열투쟁을 한 독립운동가가 직접 남긴 기록이 적어 세부적인 내용 파악이 어려운 상황에서 나석주 의사의 투쟁활동 경위와 일제 착취기관을 폭파하려던 계획의 구체적인 준비상황을 볼 수 있는 자료이다 해당 유물은 나석주 의사의 항일독립정신과 일제강점기 의열단원들의 적극적이고 과감한 투쟁의 족적을 후대에 전해주는 중요한 자료이다 소재지상세: 서울특별시 용산구 서빙고로 137 (용산동6가 국립중앙박물관)', 'score': 0.8859308854605128}, {'text_segment': '국가유산명_국문: 대한민국임시정부 특발 추조 편지 및 소봉투 국가유산명_한자: NaN 국가유산종목: 국가등록문화유산 시도명: 부산 시군구명: 서구 시대: 일제강점기 내용: ‘대한민국임시정부 특발 추조 편지 및 소봉투’는 독립운동가 이교재(李敎載 1887~1933)가 임시정부로부터 수령해온 문건들로 임시정부 활동을 위한 지원금을 요청한 내용과 사망한 독립 운동가에게 조의를 표하는 내용 등을 담고 있다 해당 문건들은 만주사변이 발발하자 국제정세의 대변동으로 독립운동 재흥의 호기가 왔다고 판단한 임시정부가 재정부족을 해결하기 위해 독립운동 자금 조달을 어떻게 계획하였고 그 실행방법을 추정해볼 수 있는 중요한 자료이다 소재지상세: 부산광역시 서구 구덕로 225 (부민동2가 동아대학교 석당박물관)', 'score': 0.8693447063287727}, {'text_segment': '국가유산명_국문: 지청천 일기 국가유산명_한자: NaN 국가유산종목: 국가등록문화유산 시도명: 충남 시군구명: 천안시 시대: 일제강점기 내용: 독립운동가이자 정치가인 지청천(池靑天 1888～1957)이 1951년부터 1956년까지 기록한 국한문 혼용의 친필일기이다 지청천은 1919년 31운동이 일어나자 만주로 망명하여 항일투쟁을 계속하였고 광복군 총사령관에 임명되었으며 환국 후에는 제헌 국회의원 등을 역임하였다 지청천은 1919년부터 일기를 썼다고 하는데 한국전쟁 당시 분실되어 현전하는 것은 5책이며 항일무장투쟁을 이끈 독립운동가의 의식이 담긴 친필원고라는 점과 한국 현대 정치사를 연구하는 사료로서 중요한 가치가 있다고 평가받고 있다 정부에서는 고인의 공훈을 기리기 위하여 1962년에 건국훈장 대통령장을 추서하였다 소재지상세: 충청남도 천안시 동남구 독립기념관로 1 (목천읍 독립기념관)', 'score': 0.8590188572725288}, {'text_segment': '국가유산명_국문: 일제 주요감시대상 인물카드 국가유산명_한자: NaN 국가유산종목: 국가등록문화유산 시도명: 경기 시군구명: 과천시 시대: NaN 내용: 일제강점기 조선총독부의 감시 대상이었던 인물 4857명에 대한 신상카드이다 1920~1940년대에 일제 경찰에서 제작한 것으로 추정되며 1980년대에 치안본부(현재 경찰청)에서 국사편찬위원회로 이관되었다 카드에는 안창호 이봉창 윤봉길 김마리아 유관순 등 일제에 항거한 독립 운동가들이 다수 포함되어 있고 사진‧출생연월일‧출생지‧주소‧신장 등 개인의 기본정보 외에 활동‧검거‧수형에 관한 사실들이 기록되어 있다 부착된 인물사진은 희귀한 경우가 많으며 당대의 민족운동이나 독립운동을 조사하거나 확인할 때 가장 신빙성 있고 설득력 있는 자료로서 중요한 가치를 가지고 있다 * 국사편찬위원회 운영 ‘한국사데이터베이스(http://dbhistorygokr)’를 통해 자료 열람 가능\r\n    (조회 경로: 한국사데이터베이스 접속 > 시대별일람 > 일제강점기 > 일제감시대상인물카드) 소재지상세: 경기도 과천시 교육원로 86 (중앙동 국사편찬위원회)', 'score': 0.8474038517880382}, {'text_segment': '국가유산명_국문: 김좌진 장군 사회장 약력서 국가유산명_한자: NaN 국가유산종목: 국가등록문화유산 시도명: 충남 시군구명: 천안시 시대: NaN 내용: ‘김좌진 장군 사회장 약력서’는 1930년 1월 만주에서 순국한 독립운동가 김좌진 장군의 사회장(1930년 3월)에서 낭독된 약력서이다 김좌진(金佐鎭 18891124-1930124) 장군은 일제강점기 만주지역에서 무장독립군을 이끌며 ‘청산리대첩’을 승리로 이끌었던 한국독립운동사의 무장투쟁을 대표하는 인물이다 본 약력서는 그의 출생과 성장 사망 주요 활동과 사상 가족관계 등을 연도별로 상세히 기록하고 있어 김좌진 장군의 전 생애를 순차적으로 알 수 있는 역사적으로 중요한 자료이다 소재지상세: 충청남도 천안시 동남구 독립기념관로 1 (목천읍 독립기념관)', 'score': 0.842562193513175}]",서대문 형무소
발해를 건국한 인물은 누구인가요?,"[{'text_segment': '국가유산명_국문: 발해태조건국지·명림답부전 국가유산명_한자: 渤海太祖建國誌·明臨答夫傳 국가유산종목: 국가등록문화유산 시도명: 서울 시군구명: 서대문구 시대: NaN 내용: 『발해태조건국지』는 1925년 대한민국임시정부의 대통령을 맡기도 한 박은식(朴殷植 1859~1925)이 1911년에 서간도 환인현(桓仁縣) 홍도천에 있던 윤세복(尹世復)의 집에서 저술한 저작의 하나이다 그의 자는 성칠(聖七) 호는 백암(白庵) 겸곡(謙谷) 태백광노(太白狂奴) 무치생(無恥生)이고 이명(異名)은 인식(仁植) 기정(箕貞) 등이다 내용은 목차(서론 발해 이전의 고구려 말운 태조의 가계와 인격 고구려 유민의 생기 영웅의 은둔 활동시기 천문령의 대승첩 태조의 건국 발해의 강역 발해의 종교와 풍속 발해의 문학 태조의 외교 태조의 후손 결론)에서 보듯이 고구려 멸망 이후 대조영이 그 유민을 이끌고 발해를 건국한 과정과 영토 문물 종교 풍속 문학 외교 후손 등을 다루고 있다 합철된 『명림답부전』은 서론 끝의 “大皇祖降世四千三百六十八年(1911)九月日著者 識”와 같이 『발해태조건국지』보다 한 달 앞선 1911년 9월에 완성되었다 박은식이 상무적인 고구려의 많은 인물 중에서도 대표적인 애국충신으로 명림답부(67~179)를 선정하여 조국독립을 위하여 혈투하는 모습을 통하여 한국민의 애국심을 함양시키고자 저술한 전기이다 명림답부는 고구려 7대 차대왕을 제거하고 차대왕의 아우 백고를 신대왕으로 모신 인물이다 그는 고구려 최초의 국상이었고 뛰어난 지략으로 한나라 대군을 물리친 명장이기도 했다 박은식이 1911년 한국역사를 만주 중심으로 이해하면서 저술한 「발해태조건국지」와 「명림답부전」의 합철본인 「발해태조건국지‧명림답부전」은 일제강점기 민족주의 사가들의 고구려‧발해 인식을 가장 명료하게 보여주는 대표적 저술로 한국근대사학사와 한국독립운동사 분야에서 중요한 문헌이다 소재지상세: 서울특별시 서대문구 연세로 50 (신촌동 연세대학교) 박물관', 'score': 0.8954480290412903}, {'text_segment': '국가유산명_국문: 대한민국임시정부 건국강령 초안 국가유산명_한자: NaN 국가유산종목: 국가등록문화유산 시도명: 경기 시군구명: 고양시 시대: NaN 내용: 독립운동가이자 정치가인 조소앙(본명 조용은 1887～1958)이 ‘삼균주의(三均主義)’에 입각하여\r\n독립운동과 건국의 방침 등을 정리한 국한문혼용의 친필문서이다 조소앙은 임정(臨政)의 대표\r\n적 이론가이자 사상가로 임시정부 수립에 중심적 역할을 수행하고 광복 직후까지 주요한 지도\r\n자로 활동하였다 조소앙이 기초한 건국강령은 1941년 11월 28일 임시정부 국무회의에서 약간\r\n의 수정을 거쳐 원안대로 통과되었으며 1948년 제헌헌법의 기본적 바탕이 되었다 이 문서는\r\n대한민국임시정부가 광복 후 어떠한 국가를 세우려했는지를 밝혀주는 중요한 자료로 그가 고\r\n심하여 수정한 흔적 등이 그대로 남아있어 더욱 가치가 높다 조소앙은 광복 후 국회의원 등으\r\n로 활약하다 625전쟁 중 납북되었으며 1989년 ‘건국훈장 대한민국장’이 추서되었다 소재지상세: 경기도 고양시', 'score': 0.592190868329289}, {'text_segment': '국가유산명_국문: 서울 여운형 묘소 국가유산명_한자: 서울 呂運亨 墓所 국가유산종목: 국가등록문화유산 시도명: 서울 시군구명: 강북구 시대: 1947년 내용: 여운형선생은 일제강점기 중국 상해의 대한민국 임시정부 국내에서 조선중앙일보와 조선건국 동맹 등을 결성하여 항일독립운동과 자주독립국가 건설을 위해 노력한 독립운동가이자 언론인으로 활동한 독립운동의 공적을 인정받아 대한민국장을 수여받은 인물로 이 곳은 선생의 애국정신을 기릴 수 있는 역사적·교육적 가치가 큰 곳이다 소재지상세: 서울특별시 강북구 우이동 106-1', 'score': 0.5891686661604798}, {'text_segment': '국가유산명_국문: 서울 건국대학교 구 서북학회회관 국가유산명_한자: 서울 建國大學校 舊 西北學會會館 국가유산종목: 국가등록문화유산 시도명: 서울 시군구명: 광진구 시대: 1907 내용: ㅇ르네상스양식의 민족애국단체 회관으로 건립 건국대학교 교정안 해체복원(1985년)\r\nㅇ 건립당시에는 민족애국단체인 “서북학회”의 회관으로 종로구 낙원동에 세워졌던 건물이다 일제강점기에는 오성학교 보성전문학교 협성실업학교 등 민족계 학교의 교사로 사용되다가 1941년 건국대학교 설립자 유석창박사가 인수하였다 광복 후에는 이 건물에서 각종 정치단체와 교육기관들이 창설되기도 하였으며 1946년에 건국대학교의 모체인 조선정치학관이 창립되었다 그 후 건국대학교 법인 사무실 등으로 사용되었다 1977년 도시계획으로 철거해체되어 주요 자재를 현 건국대학교 캠퍼스(모진동)에 야적/보관하고 있다가 1985년 복원하여 학교건립자의 기념관 겸 박물관으로 사용하고 있다 \r\nㅇ 건립 때의 사진과 철거 전의 사진을 비교하면 건립 때부터 1977년 해체 때까지 적어도 지붕부분에 수리가 있었을 것으로 추측된다 그리고 현재 위치에 복원한 건물은 1977년 때의 모습을 기준으로 하였다 소재지상세: 서울 광진구 아차산로 263 (화양동)', 'score': 0.5669591708669891}, {'text_segment': '국가유산명_국문: 율리사 국가유산명_한자: 栗里祠 국가유산종목: 문화유산자료 시도명: 충남 시군구명: 서천군 시대: NaN 내용: 고려시대의 장군 신숭겸을 중심으로 평산 신씨 7인의 위패를 모신 사당으로 원래는 문중사당으로 세덕사라 불리웠다 신숭겸(？∼927)은 몸집이 크고 무예가 뛰어났으며 왕건을 도와 고려를 건국하는데 큰 공을 세웠다 고려 태조 10년(927) 대구 공산전투에서 후백제 견훤에게 포위당해 태조 왕건이 위급해지자 대신 왕건의 옷을 입고 싸워 전사한 인물이기도 하다 처음에는 조선 철종 1년(1850)에 세덕사를 지어 모셨고 흥선대원군의 서원철폐령으로 철거되었다가 1918년에는 율리사로 바꿔 다시 지었다 율리사는 앞면 3칸·옆면 1칸 건물이며 지붕은 옆면에서 볼 때 사람 인(人)자 모양을 한 맞배지붕이다 안에는 신숭겸 등 7인의 위패와 신숭겸 영정을 모시고 있다 그 외에 내삼문 강당 율리세덕사유허비 등이 남아 있다 소재지상세: 충남 서천군 비인면 율리 193번지', 'score': 0.5195994325632434}]",대조영
마니산은 누구의 제사와 관련된 곳인가요?,"[{'text_segment': ""국가유산명_국문: 참성단 중수비 국가유산명_한자: 塹城壇 重修碑 국가유산종목: 문화유산자료 시도명: 인천 시군구명: 강화군 시대: 1717년 내용: 참성단(인천시사적 제136호)을 새로이 보수한 후 그 내용을 기록해 놓은 것으로 가파른 바위 윗면을 손질하여 그 위에 비문을 새겼다 마니산 꼭대기에 자리잡은 참성단은 하늘에 제사를 지내는 곳으로 조선 숙종 때 강화유수를 지내던 최석항이 관내를 순찰하며 마니산에 올랐다가 이곳이 무너져 있는 것을 발견하고 당시 전등사 총섭이었던 승려 신묵에게 명하여 새로이 고쳐 짓도록 하였다 최석항은 '참성단은 단군이 돌을 쌓아 단을 만들어 하늘에 제사하던 곳'이라며 수천 년이 지나도록 후손들이 우러러보며 공경할 곳이니 고쳐서 완전하게 하는 일을 어찌 하지 않을 수 있겠는가라고 적었다 비는 조선 숙종 43년(1717) 5월에 마련해 놓은 것으로 비문에는 ‘참성단’이라는 이름을 붙인 사연 참성단에 대한 선조들의 뜻 등에 관한 기록들이 함께 적혀 있다 -참고문헌 :강화금성문집(강화군 강화문화원 2006년) 소재지상세: 인천 강화군 화도면 흥왕리 산42-1번지"", 'score': 0.8135960400104523}, {'text_segment': '국가유산명_국문: 영주 풍국정미소 국가유산명_한자: NaN 국가유산종목: 국가등록문화유산 시도명: 경북 시군구명: 영주시 시대: NaN 내용: 근대산업시기부터 운영된 정미소로 양곡가공업의 생성과 양곡 유통에 관련한 역사 정미소의 건축형식과 설비구조 도정기기들 외에도 저울(막대저울 판수동저울) 등 당시의 정미소와 관련된 기구가 현존하여 양곡가공과 곡물 유통의 산업사적 가치가 있는 곳이다 양곡가공과 곡물유통을 주제로 산업문화관 쌀카페 도정 참관 및 판매장으로 활용가치가 높은 곳으로 평가된다 소재지상세: 경상북도 영주시 광복로 23 (영주동)', 'score': 0.6055260487498856}, {'text_segment': '국가유산명_국문: 강화 참성단 국가유산명_한자: 江華 塹星壇 국가유산종목: 사적 시도명: 인천 시군구명: 강화군 시대: NaN 내용: 마니산에 있으며 단군이 하늘에 제사를 올리기 위해 쌓은 제단이라고 전한다 고려 원종 11년(1270)에 보수했으며 조선 인조 17년(1639)과 숙종 26년(1700)에도 고쳐 쌓았다 여러 번 고쳐서 쌓았기 때문에 본래의 모습은 찾아볼 수 없다 제단은 자연석으로 둥글게 쌓은 하단(下壇)과 네모반듯하게 쌓은 상단(上壇)으로 구성되어 있는데 둥근 하단은 하늘 네모난 상단은 땅을 상징한다고 한다 이런 모습은 경주의 첨성대와 비슷하다 고려와 조선왕조는 때때로 이곳에서 도교식 제사를 거행하기도 하였다 조선 후기에는 단군에 대한 관심이 높아지면서 참성단을 단군시대의 종교와 관련시켜 이해하는 경향이 나타났는데 일제시대에 단군을 숭배하는 대종교가 생기고 난 이후에는 민족의 성지로서 주목받게 되었다 지금도 해마다 개천절에 제천행사가 거행되며 전국체전의 성화는 이곳에서 태양열을 이용하여 붙이고 있다 참성단이 과연 단군의 제천단인지는 단정할 수 없으나 강화도에는 청동기시대의 고인돌이 있고 단군과 연관된 전설이 전해 내려오고 있어 상고시대에 무시못할 정치세력이 형성되어 있었던 것을 짐작할 수 있다 <br/><b>※(참성단 → 강화 참성단)으로 명칭변경 되었습니다 (20110728 고시) </b> 소재지상세: 인천 강화군 화도면 흥왕리 산42-1번지', 'score': 0.5894659316535475}, {'text_segment': '국가유산명_국문: 주미조선공사관 관련 이상재 기록 국가유산명_한자: NaN 국가유산종목: 국가등록문화유산 시도명: 서울 시군구명: 종로구 시대: 1887~1889 내용: 「주미조선공사관 관련 이상재 기록」은 1888년 주미조선공사관에서 초대 공사 박정양을 수행했던 서기관 이상재(李商在 1850-1927)가 기록한 주요 외교문서의 필사본과 가족들에게 보낸 편지로 구성된다 먼저『미국공사왕복수록(美國公使往復隨錄)』은 미국정부와 직접 주고받은 문서 외교활동 참고사항을 담고 있다 그리고 『미국서간(美國書簡)』은 이상재가 가족들에게 보낸 편지를 묶은 것으로 집안일에 관련된 내용이지만 ‘미국 상황(민주주의 물가)’ ‘공관의 임대료’ ‘청나라로 인한 업무 수행의 어려움’ 등도 생생하게 보여준다 이 자료들은 조선이 서양국가 중 최초로 워싱턴에 개설한 공사관의 실상과 경인철도 부설 초기 자료 및 자주적인 외교 활동 노력 등을 확인할 수 있는 귀중한 가치를 지닌다 소재지상세: 서울특별시 종로구 효자로 12 (세종로 국립고궁박물관)', 'score': 0.5751207290147221}, {'text_segment': '국가유산명_국문: 세종 구 산일제사 공장 국가유산명_한자: NaN 국가유산종목: 국가등록문화유산 시도명: 세종 시군구명:   시대: 일제강점기 내용: 최초 산일제사공장의 건물로서 톱날형 지붕 구조는 북쪽에 창을 높게 설치하여 내부에 균일한 빛을 받기위한 것이며 이는 초기 산업유산으로서 제사공장 건축을 이해할 수 있다는 측면에서 의미가 있다 또한 한국전쟁 당시 조치원여자고등학교 임시교사로 사용되었던 장소로 지역적 역사적 의미를 지닌 건물로 보존가치가 크다 * 제사공장(製絲工場) : 누에고치에서 실을 만드는 공장 소재지상세: 세종특별자치시 조치원읍 남리 60-1', 'score': 0.5742457157899483}]",단군
국보 1호로 지정된 성문은 무엇인가요?,"[{'text_segment': '국가유산명_국문: 동제 염거화상 탑지 국가유산명_한자: 銅製 廉巨和尙 塔誌 국가유산종목: 보물 시도명: 강원 시군구명: 춘천시 시대: NaN 내용: 이 염거화상탑지는 얇은 동판에 통일신라 선종승인 염거화상이 844년에 전화한 내용을 해서체를 쌍구체기법으로 전각한 것이다 염거화상(~844)은 진전사 원적선사 도의의 제자로 가지산문의 2대 조(祖)로 알려진 인물이다 동판에 새겨진 탑지의 내용은 비록 소략하지만 단정한 글씨체로서 당시의 서체 연구에 좋은 자료가 되며 축조의 정교한 끌 자국은 금속공예 기술의 우월함을 잘 대변해 준다 무엇보다 이 몇 줄의 명문을 통해 당대 최고의 고승인 염거의 행적이 밝혀졌을 뿐 아니라 우리나라 승탑의 효시가 되는 염거화상탑의 축조시기를 규명하는 결정적인 자료라는 점에서 이미 국보로 지정된 염거화상탑과 함께 국가지정문화유산으로서의 중요한 가치를 지닌다 소재지상세: 강원도 춘천시 우석로 70 (석사동 국립춘천박물관)', 'score': 0.6059070425497517}, {'text_segment': '국가유산명_국문: 돌하르방(지정번호 본번 통계 제외) 국가유산명_한자: 돌하르방 국가유산종목: 시도민속문화유산 시도명: 제주 시군구명: 제주도 일원 시대: NaN 내용: 제주도에 있는 장승의 일종으로 ‘우석목(偶石木)’ ‘무석목’등으로 불리기도 한다 제주도 사투리로는 ‘돌할아버지’란 뜻인데 어린아이들이 부르던 이름이 일반적으로 쓰이게 된 것이다 이 석상들은 성문 앞에 세웠던 것으로 현재는 제주시내에 21기 성읍리에 12기 대정읍 인성·안성·보성리에 12기 등 도합 45기가 남아 있다 돌하르방의 크기는 평균적으로 제주 187㎝ 성읍 141㎝ 대정 134㎝로 제주시의 것들이 대체로 키도 크고 위엄을 풍긴다 지역에 따라 조금씩 크기나 모습에 차이가 있긴 하나 머리에 꼭끼는 벙거지 모자·부리부리한 왕방울눈·몽툭한 주먹코·굳게 다문 입·배부분에 가지런히 모아 붙인 손 모습 등 공통적인 모습이다 제작연대는 확실하지 않지만 조선 영조 30년(1754)경으로 추정하고 있다 지금은 여기저기 떨어져 있지만 원래는 제주현·정의현·대정현의 성문 앞에 세워 성안의 위엄을 보이고 경계표시와 성문의 수호신으로서의 종교적 기능도 담당하였던 것이다 육지의 장승과는 달리 제주도 특유의 해학과 풍자스러움을 풍기는 조각물로서 오늘날 제주의 대표적인 상징물 중 하나가 되고 있다 소재지상세: NaN', 'score': 0.6053482923609854}, {'text_segment': '국가유산명_국문: 보성 도촌리 분청사기 요지 국가유산명_한자: 寶城 道村里 粉靑沙器 窯址 국가유산종목: 시도기념물 시도명: 전남 시군구명: 보성군 시대: NaN 내용: 보성 도촌리 분청사기 요지는 역사성과 학술성 예술성 공간성 등을 고루 갖추고 있는데 무엇보다 전라남도를 대표하는 기법인 덤벙 분장 기법을 유감없이 표현하고 있는 분청사기를 생산한 요지이다 발굴조사와 지표조사 결과 유적이 양호하게 남아 있고 출토 유물 역시 보성 덤벙 분청사기의 성격을 알 수 있는 도촌리 학동 분청사기 1호 요지와 도촌리 가장 분청사기 2호 요지를 지정관리중임 소재지상세: 전라남도 보성군 득량면 도촌리 66-1', 'score': 0.5847710034791382}, {'text_segment': '국가유산명_국문: 당진포진성 국가유산명_한자: 唐津浦鎭城 국가유산종목: 문화유산자료 시도명: 충남 시군구명: 당진시 시대: NaN 내용: 당진군 고대면 당진포리 말봉산 아래 부근에 있으며 돌과 흙을 섞어 쌓은 네모진 성곽이다 넓은 계곡을 둘러싸며 주위의 산능선을 따라 성벽을 만들었으며 둘레는 약 500m 높이는 약 2m이다 이 성은 조선시대 각 도의 여러 진에 배치되었던 종4품의 무관직인 만호가 지휘하는 병선이 있던 곳으로 군량과 무기를 보관하였고 유사시에는 수군이 모이는 장소로 사용하였다 특히 당진포진성은 성문을 보호하기 위해 성문 앞에 쌓은 작은 성인 옹성의 형태가 나타나 있고 윗부분에 설치된 덮개돌이 처음으로 확인되는 등 중요한 가치를 지니고 있는 진성이다 소재지상세: 충남 당진군 고대면 당진포리 산64-3번지 외 15필지', 'score': 0.5732015546787776}, {'text_segment': '국가유산명_국문: 평창 월정사 석조보살좌상 국가유산명_한자: 平昌 月精寺 石造菩薩坐像 국가유산종목: 국보 시도명: 강원 시군구명: 평창군 시대: 고려 전기 내용: 월정사 석조보살상은 팔각구층석탑의 남쪽 전방에 무릎을 꿇고 앉아 두 손을 가슴 앞에 모아 탑을 향해 무엇인가 공양을 올리는 자세를 갖추고 있는 점에서 원래부터 탑과 공양보살상은 한 세트로 만들어진 것으로 이해된다 이 보살상은 고려 후기민지(閔漬 1248∼1326)가 찬한『오대산사적(五臺山事蹟)』의 「신효거사친견오류성중사적(信孝居士親見五類聖衆事跡)」에 “탑 앞에 약왕보살의 석상이 손에 향로를 들고 무릎을 괴고 앉아 있는데 전해오기를 이 석상은 절 남쪽의 금강연에서 솟아나왔다”라고 기록하고 있는데 지금의 모습과 꼭 일치한다 이에 따라 이 보살상은 대체로 『묘법연화경(妙法蓮華經)』권6 「약왕보살본사품(藥王菩薩本事品)」에 근거하여 조성된 ‘약왕보살’로 일컫는다 석조보살상은 전체적으로 양감이 강조된 모습이며 안정되고 균형 잡힌 자세와 알맞은 비례를 갖추고 있으며 보관과 귀걸이 팔찌 가슴 영락 장식 등 세부표현도 화려하고 섬세하다 이와 같은 탑전(塔前) 공양보살상은 이전에는 찾기 힘든 고려 전기적 특징인 동시에 다른 나라에서는 볼 수 없는 우리나라만의 독창적인 도상과 구성이라는 점에서 중요한 가치와 의미를 지닌다 또한 강원특별자치도 지역에 집중적으로 조성되어 고려 불교조각의 지역성 연구에도 중요한 자료라 할 수 있다 그런데 현재 보살상과 세트로 조성된 월정사 팔각구층석탑은 국보로 지정되어 있고 석조보살상은 보물로 별도로 지정되어 별개라는 느낌을 줄 수 있으므로 이미 국보로 지정된 월정사 팔각구층석탑과 함께 묶어 국보로 지정하는 것이 조성 당시의 조형적 신앙적 의미를 모두 찾을 수 있을 것으로 판단된다 소재지상세: 강원도 평창군 오대산로 176 (진부면) 월정사성보박물관', 'score': 0.5474547334015369}]",숭례문
병자호란 당시 인조가 피신한 장소는 어디인가요?,"[{'text_segment': '국가유산명_국문: 충헌공윤전사우 국가유산명_한자: 忠憲公尹栓祠宇 국가유산종목: 문화유산자료 시도명: 충남 시군구명: 공주시 시대: 조선시대 내용: 병자호란 때 강화도에서 순절한 윤전(1575∼1636)의 제사를 모시는 곳이다 윤전은 조선 중기 문신으로 광해군 2년(1610)에 문과에 급제하였으나 1613년 이이첨과 이위경으로 인해 파면되었다 다시 기용되어 1615년 호조좌랑에 이르렀으나 이위경 등에게 몰려 파면되었다 인조반정으로 경기도도사로 복직되었고 이듬해 이괄의 난 때는 공주에 피신한 인조를 호위하였다 인조 14년(1636) 병자호란이 일어나자 빈궁을 모시고 강화도로 들어가 적과 싸우다 전사하였다 그 뒤 이조판서로 임명되었으며 충헌(忠憲)이라는 시호를 받았다 이 건물은 월래 노산군 노성면 병사리에 있던 것을 지금 있는 자리로 옮긴 것이다 소재지상세: 충청남도 공주시 계룡면 유평리 333-2', 'score': 0.8882285952568054}, {'text_segment': '국가유산명_국문: 구 목포화신 연쇄점 국가유산명_한자: NaN 국가유산종목: 국가등록문화유산 시도명: 전남 시군구명: 목포시 시대: 근대 내용: 구 화신백화점 건물로 널리 알려져 있으며 화신백화점은 일제강점기 당시 목포 지역에서 동아부인상회와 함께 대표적인 판매시설로서 당시 건물로서는 특이하게 철근콘크리트 라멘조로 건축되었으며 외관도 수직선 수평선 원을 강조하며 기하학적 형태로 구성하고 내부도 넓은 개방적 공간을 구성하며 모더니즘 건축기법을 선구적으로 적용한 근대기 목포 지역의 백화점 건물로서 당시의 생활상 장소성을 보여주는 상가 건물이다 소재지상세: 전라남도 목포시 번화로 75 (상락동1가)', 'score': 0.8254936725218711}, {'text_segment': '국가유산명_국문: 풍양사 국가유산명_한자: 楓陽祠 국가유산종목: 문화유산자료 시도명: 전북 시군구명: 남원시 시대: 1905년 내용: 조선시대 무신인 박세중(1595∼)의 영정을 모신 사당이다 박세중은 광해군 11년(1618) 무과에 급제하고 인조반정 때 공을 세워 1등공신이 되었다 이듬해 이괄의 난이 일어나 왕이 공주로 피신할 때 옥쇄를 안전하게 보관하여 2등공신에 녹훈되고 충주부사가 되었다 병자호란이 일어나자 의병을 일으켜 대항했으나 임금이 강화에서 중국 청나라에 무릎을 꿇었다는 소식을 듣고 고향으로 돌아갔다 이 건물은 숙종 12년(1685) 세우고 고종 43년(1905) 고쳐 지었다 규모는 앞면 3칸이고 지붕은 옆면에서 볼 때 사람 인(人)자 모양을 한 맞배지붕으로 조선 후기의 건축 양식을 잘 보여주고 있다 또한 이곳에는 조선중기의 사회상을 연구할 수 있는 6권의 『박세중가전고문서』(유형문화유산)를 함께 보관하고 있다 소재지상세: 전북 남원시 대강면 곡촌안길 34-18 (풍산리)', 'score': 0.8031973806278215}, {'text_segment': '국가유산명_국문: 상주 청간정 국가유산명_한자: 尙州 澗澗亭 국가유산종목: 문화유산자료 시도명: 경북 시군구명: 상주시 시대: 1650 내용: 청간정(廳澗亭)은 가곡공 조예(1608~1661)가 1650년경 건축한 것으로 추정되며 풍양조씨 검간공종파 자손들의 학문의 장소이자 영남유림의 인사들이 모여 시국을 논하고 시회를 열던 장소로 알려져 있다 현재 청간정에는 청간정(廳澗亭) 과 익암서당(益巖書堂) 두개의 편액이 있다 청간정은 17세기 후반에 세워졌고 19세기 후반에 중수된 것으로 조선 중기 정자건물의 특성을 갖추고 있고 건립당시의 규모와 구성형식이 비교적 잘 유지되고 있어서 조선시대 정자건축 연구의 자료적 가치가 높은 것으로 판단된다 소재지상세: 경상북도 상주시 낙동면 운평리 154', 'score': 0.7992291087188805}, {'text_segment': '국가유산명_국문: 서현사지 국가유산명_한자: 西峴祠址 국가유산종목: 시도기념물 시도명: 전북 시군구명: 정읍시 시대: NaN 내용: 이곳은 박문효(1568∼1593)의 사당이 있던 장소이다 박문효는 중종반정의 공신인 박원종의 후손으로서 종묘서직장이라는 관직에 있었다 임진왜란이 일어나 선조가 의주로 피신하자 임금을 따랐으며 다음해 서울로 돌아오다 개성 싸움에서 26세의 젊은 나이로 순절하였다 후에 호남 유림들의 상소에 의해 순조 17년(1817)에 이조참의로 증직되었다 조선 순조 19년(1819)에 처음 지어졌으나 고종 5년(1868) 철거되었다 현재 서현사터에는 부인 송씨를 위해 세운 정려와 유허비가 남아있다 소재지상세: 전북 정읍시 태인면 서재길 13 (태서리)', 'score': 0.7770719077462939}]",남한산성
한글날은 매년 언제 기념하나요?,"[{'text_segment': '국가유산명_국문: 최영장군 당굿 국가유산명_한자: NaN 국가유산종목: 이북5도 무형유산 시도명: 황해도 시군구명: 전역 시대: NaN 내용: 최영장군 당굿은 강림신앙의 한 형태로써 고려 충신 최영장군(1316~1388) 및 여타 신들을 강림시켜 최영장군을 초모함은 물론 여타의 신령들을 대접하기 위한 무속의례이다 최영장군이 무교의 신으로 받아들여진 것은 조선 세종때인 것으로 추정되며 최영장군을 모시고 나라의 태평과 국태민안을 축원함은 물론 무당들이 장군으로부터 영험력을 얻기 시작한 것으로 알려지고 있다 최영장군처럼 무속신앙에서 모셔시는 영웅신은 대부분 국가적 차원에서 깊은 애국심을 갖고 활동하다가 죽음과 함께 민중들로부터 영웅시되어진 경우가 많으며 특히 황해도 굿으로 치러지는 최영장군 당굿은 굿이 ‘드는 날’  ‘묵는 날’ ‘나는 날’ 등 총 삼일굿으로 굿이 드는 날부터 묵는 날 오전까지는 소(素)굿이며 묵는 날 오후부터 나는 날까지는 육(肉)굿으로 치러지며 총 24거리로 구성된다 또한 최영장군 당굿에서 추어지는 굿춤은 기교보다도 기능과 내용에 충실하며 선 또한 굵고 정확하며 황해도 굿춤 음악인 거상장단 벅구장단 사면장단 막장단 등에 맞춰추는 강신무적인 독특한 춤이라 할 수 있다 소재지상세: 황해도', 'score': 0.9022859838026618}, {'text_segment': '국가유산명_국문: 한글점자 「훈맹정음」 점자표 및 해설 원고 국가유산명_한자: NaN 국가유산종목: 국가등록문화유산 시도명: 서울 시군구명: 용산구 시대: 일제강점기 내용: ‘한글점자「훈맹정음」점자표 및 해설 원고’는 「한글점자」 육필 원고본 「한글점자의 유래」 초고본 등 한글점자의 유래 작성원리 그 구조 및 체계 등을 파악할 수 있는 유물 7건 14점임 해당 유물은 훈맹정음이 창안되어 실제로 사용되기 이전까지의 과정을 제시하고 있어 시각장애인들이 당시 한글을 익히게 되는 역사를 보여주는 중요한 자료로 국가등록문화유산 등록 가치가 크다 소재지상세: 서울특별시 용산구 서빙고로 139 (용산동6가 국립한글박물관)', 'score': 0.8030862486897752}, {'text_segment': '국가유산명_국문: 로제타 홀 한글점자 교재 국가유산명_한자: NaN 국가유산종목: 국가등록문화유산 시도명: 경북 시군구명: 경산시 시대: 대한제국시대 내용: 「로제타 홀 한글점자 교재」는 1897년 창안한 한글점자(4점식)를 사용하여 배재학당의 한글 학습서인 ｢초학언문｣의 내용 일부를 수록한 교재로 기름먹인 두꺼운 한지에 바늘로 구멍을 내어 만듦 이 교재는 미국인 선교사인 로제타 셔우드 홀(Rosetta Sherwood Hall 1865-1951)이 제작하고 시각장애인 오봉래를 비롯한 평양여맹학교 학생들을 가르치는데 활용되었으며 1926년 「한글점자 훈맹정음」(6점식)이 박두성에 의해 창안되기 전까지 사용하던 교재로 우리나라 시각장애인을 위한 특수교육 태동의 상징적 유물로서 역사적 가치가 충분한 유물임 소재지상세: 경상북도 경산시 대구대로 201 (진량읍 대구대학교경산캠퍼스) 중앙박물관', 'score': 0.7864824955123728}, {'text_segment': '국가유산명_국문: 색동회 회록 및 어린이날 자료 국가유산명_한자: NaN 국가유산종목: 국가등록문화유산 시도명: 충남 시군구명: 천안시 시대: 1923년~1933년 내용: ○ ‘색동회 회록’은 일제강점기 소파 방정환 선생이 주도한 색동회 회합 결의 내용이 담긴 역사적인 기록물로서 한국 어린이 문학과 운동의 기원을 보여주는 상징적 유산이다 어린이날 포스터 등 ‘어린이날 자료’는 초창기 어린이날 준비사항 및 당시 행사의 흐름과 특징을 파악할 수 있고 관련 자료를 통해 중앙과 지역 간 긴밀한 협력 방식을 알 수 있어 사료적 가치가 인정되는 소중한 자료이다 소재지상세: 충청남도 천안시', 'score': 0.7666613849446133}, {'text_segment': '국가유산명_국문: 송기주 네벌식 타자기 국가유산명_한자: NaN 국가유산종목: 국가등록문화유산 시도명: 서울 시군구명: 용산구 시대: 일제강점기 내용: ‘송기주 네벌식 타자기’는 네벌식 세로모아쓰기 방식이라는 특징을 가지고 있으며 현재까지 발견된 한글 타자기 중 가장 오래된 것으로 송기주가 개발하여 1934년에 공개되었다 해당 유물은 한글 타자기 시장이 본격적으로 형성되기 이전의 다양한 시도를 보여주고 있으며 한글 기계화 초장기 역사를 알 수 있는 귀중한 자료이다 또한 타자기와 함께 휴대용 가방과 설명서가 양호한 상태로 보관되어 있으며 제품 및 사용설명을 위해 중요한 자료로써 타자기와 함께 국가유산으로 보존할 가치가 충분하다 소재지상세: 서울특별시 용산구 서빙고로 139 (용산동6가 국립한글박물관)', 'score': 0.7591479190101267}]",10월 9일
고구려의 수도였던 성곽은 무엇인가요?,"[{'text_segment': '국가유산명_국문: 연천신답리고분 국가유산명_한자: 漣川薪畓里古墳 국가유산종목: 시도기념물 시도명: 경기 시군구명: 연천군 시대: NaN 내용: ‘신답리 고분’은 연천 강내리 고분과 함께 경기 북부에 위치한 대표적인 고구려 고분이다 봉분 형태는 원형으로 보고되었지만 방대형(方臺形)\xa0일 가능성도 있다 두 고분은 오래 전에 도굴되어 사람이 드나들 정도의 구멍이 수직으로 뚫려 있었으며 주변에 고분이 더 있었다고 전해지지만 도로 공사와 경지 정리로 이미 멸실되었다 고분은 지상에 축조된 봉토석실분으로 네모꼴의 무덤방 오른편(1호분)과 중앙(2호분)에 무덤방으로 들어가는 길(羨道)이 설치되어 있다 석실의 벽석과 바닥석은 주로 판석을 사용하였으며 틈새는 자갈과 작은 돌을 채워 다졌다 특히 1호분에는 회반죽을 전면에 발라 마무리하였다 무덤방 천장은 1호분의 경우 삼각고임 방식의 모죽임으로 무덤방을 덮었다 무덤방과 봉토에서 2개체분의 토기편과 인골편이 흩어진 채로 출토되었는데 병 모양의 고구려 토기가 포함되어 있다 이 고분은 고구려가 한강 이남을 지배했던 5~6세기경에 조성된 것으로 추정된다 고분이 조성된 한탄강을 따라 전곡리토성 은대리성 등 고구려 성곽이 분포하고 있어 고구려의 남진과 관련된 중요한 자료로 평가된다 소재지상세: 연천군 전곡읍 신답리 17-42 17-43', 'score': 0.7471995397048508}, {'text_segment': '국가유산명_국문: 파주 덕진산성 국가유산명_한자: 坡州 德津山城 국가유산종목: 사적 시도명: 경기 시군구명: 파주시 시대: NaN 내용: 파주 덕진산성은 고구려가 남진 과정에서 임진강 변 해발 85m 산의 능선에 축조한 성으로 주변 넓은 지역이 조망되는 전략적 요충지에 자리하고 있다 인근 호로고루 당포성 은대리성 등과 함께 임진강 북안에 설치된 중요한 고구려 방어시설로서 고구려의 역사와 문화를 이해하는 데 있어 핵심적인 유적이다 이후 통일신라 시대에 보축·개축되고 조선 시대에도 임진왜란 이후 광해군 대에 외성을 덧붙여 쌓아 사용해왔던 성으로 삼국 시대부터 통일신라 시대 조선 시대에 이르는 여러 시기의 축성기술의 변화과정을 알 수 있어 역사적·학술적 가치가 높다 지난 2012년부터 총 5차에 걸쳐 발굴조사를 한 결과 내성 전체 구간(600m)에 걸쳐 고구려 성벽이 구축되었음을 확인하였다 고구려 성곽의 축성법은 흙을 다져서 토축부(土築部)를 먼저 조성한 후 앞면에는 석축을 쌓았는데 석축부를 쌓을 때는 할석(쪼갠 돌)이나 가공석 사이사이에 점토를 채워가면서 쌓는 방식을 특징으로 한다 파주 덕진산성은 7세기 말경 신라가 점령하여 기존 고구려 성곽을 견고한 석축성으로 새롭게 구축하였고 9세기에는 대대적인 수개축(修改築 보완 또는 고쳐쌓음)이 이루어졌다 7세기대에는 고구려 성벽의 토축부를 안쪽으로 사용하여 편마암 계통의 성돌을 장방형으로 가공 후 성벽을 조성하였고 9세기대에는 화강암을 가공한 성돌을 사용하여 덧붙여 쌓았다 조선 시대에는 17세기 광해군 대에 강기슭까지 외성을 덧붙여 쌓았는데 통일신라 성벽의 성돌과 함께 대형의 성돌을 사용하여 성벽으로 구축하고 성의 안쪽을 흙으로 조성하였다 소재지상세: 경기도 파주시 군내면 정자리 13', 'score': 0.7232207859899682}, {'text_segment': '국가유산명_국문: 고구려 평양성 석편 국가유산명_한자: 高句麗 平壤城 石片 국가유산종목: 보물 시도명: 서울 시군구명: 서대문구 시대: 고구려 평원왕 내용: 고구려 평양성 석편(高句麗 平壤城 石片)은 고구려의 평양성을 쌓을 당시 비교적 평평한 자연석 위에 글자를 새긴 것이다 평양성은 고구려의 도성으로 외성(外城) 중성(中城) 내성(內城) 북성(北城) 등 4성으로 나누어져 있다 성의 길이는 전체 15㎞로 성곽주변은 강으로 둘러싸여 평양시의 중심부를 이루고 주로 내성벽은 돌로 외성벽은 흙으로 축성되어 있다 성의 내부에는 당시 고구려의 도시구획터가 아직도 남아있다 이 성곽에서 현재까지 글자가 새겨진 4개의 성석(城石)이 발견되었는데 그 가운데 이화여자대학교 박물관에 소장되어 있는 이 성석편은 두 번째로 발견된 것이다 성석에 새겨진 글자 수는 모두 7행 27자로 그 내용은 ‘기유년 5월 21일 이곳으로부터 아래쪽 동쪽을 향하여 12리 구간을 물성소형 배 ■백두(物省小兄 俳 ■百頭)가 구축한다’라고 풀이되어지고 있다 이 성석의 현재 상태는 두 번째 행의 깨어져 나간 부분과 함께 전체 9조각으로 균열되어 있어 석고로 고정시켜 놓은 상태이다 소재지상세: 서울 서대문구 이화여대길 52 이화여자대학교박물관 (신촌동)', 'score': 0.7055853605270386}, {'text_segment': '국가유산명_국문: 평북농요 국가유산명_한자: NaN 국가유산종목: 이북5도 무형유산 시도명: 평안북도 시군구명: 전역 시대: NaN 내용: 평북에서 농사를 지으면서 부르던 소리로 고구려의 투박하면서도 씩씩한 기상과 화합정신 서로 돕는\r\n두레 정신을 계승하고 있다 소재지상세: 평안북도', 'score': 0.703443784514564}, {'text_segment': '국가유산명_국문: 발해태조건국지·명림답부전 국가유산명_한자: 渤海太祖建國誌·明臨答夫傳 국가유산종목: 국가등록문화유산 시도명: 서울 시군구명: 서대문구 시대: NaN 내용: 『발해태조건국지』는 1925년 대한민국임시정부의 대통령을 맡기도 한 박은식(朴殷植 1859~1925)이 1911년에 서간도 환인현(桓仁縣) 홍도천에 있던 윤세복(尹世復)의 집에서 저술한 저작의 하나이다 그의 자는 성칠(聖七) 호는 백암(白庵) 겸곡(謙谷) 태백광노(太白狂奴) 무치생(無恥生)이고 이명(異名)은 인식(仁植) 기정(箕貞) 등이다 내용은 목차(서론 발해 이전의 고구려 말운 태조의 가계와 인격 고구려 유민의 생기 영웅의 은둔 활동시기 천문령의 대승첩 태조의 건국 발해의 강역 발해의 종교와 풍속 발해의 문학 태조의 외교 태조의 후손 결론)에서 보듯이 고구려 멸망 이후 대조영이 그 유민을 이끌고 발해를 건국한 과정과 영토 문물 종교 풍속 문학 외교 후손 등을 다루고 있다 합철된 『명림답부전』은 서론 끝의 “大皇祖降世四千三百六十八年(1911)九月日著者 識”와 같이 『발해태조건국지』보다 한 달 앞선 1911년 9월에 완성되었다 박은식이 상무적인 고구려의 많은 인물 중에서도 대표적인 애국충신으로 명림답부(67~179)를 선정하여 조국독립을 위하여 혈투하는 모습을 통하여 한국민의 애국심을 함양시키고자 저술한 전기이다 명림답부는 고구려 7대 차대왕을 제거하고 차대왕의 아우 백고를 신대왕으로 모신 인물이다 그는 고구려 최초의 국상이었고 뛰어난 지략으로 한나라 대군을 물리친 명장이기도 했다 박은식이 1911년 한국역사를 만주 중심으로 이해하면서 저술한 「발해태조건국지」와 「명림답부전」의 합철본인 「발해태조건국지‧명림답부전」은 일제강점기 민족주의 사가들의 고구려‧발해 인식을 가장 명료하게 보여주는 대표적 저술로 한국근대사학사와 한국독립운동사 분야에서 중요한 문헌이다 소재지상세: 서울특별시 서대문구 연세로 50 (신촌동 연세대학교) 박물관', 'score': 0.6932615145344847}]",평양성
관동별곡을 지은 사람은 누구인가요?,"[{'text_segment': '국가유산명_국문: 진천 정송강사 국가유산명_한자: 鎭川 鄭松江祠 국가유산종목: 시도기념물 시도명: 충북 시군구명: 진천군 시대: NaN 내용: 조선 전기 문신이며 시인인 송강 정철(1536∼1593) 선생의 위패를 모시고 있는 사당이다 선생은 정치인보다 시인으로서 천부적인 재질을 나타냈는데 관찰사로 재직하면서 『관동별곡』 『훈민가』 『성산별곡』 등을 지었고 낙향한 뒤에는 『사미인곡』 『속미인곡』 등 많은 가사와 단가를 남겼다 이 사당은 경기도 고양에 있던 정철의 묘를 현종 6년(1665) 송시열 선생이 정한 현 자리로 옮기면서 지은 건물이다 지금 있는 것은 규모가 너무 작아 1979년 새로 지은 것이다 사당은 앞면 3칸·옆면 2칸 규모이며 지붕은 옆면에서 볼 때 사람 인(人)자 모양의 맞배지붕으로 꾸몄다 현재 이곳에는 선생의 유품인 은배(銀杯) 옥배(玉杯)를 보관하고 있으며 사당 남쪽에는 송강의 묘소와 시비 그리고 비각이 있다 소재지상세: 충북 진천군 문백면 송강로 523 (봉죽리)', 'score': 0.7840268313884735}, {'text_segment': '국가유산명_국문: 진천 정철 신도비 국가유산명_한자: 鎭川 鄭澈 神道碑 국가유산종목: 시도유형문화유산 시도명: 충북 시군구명: 진천군 시대: NaN 내용: 신도비는 임금이나 고관의 평생업적을 기록하여 그의 무덤 입구에 세워두는 것으로 이 비는 조선 중기의 문인이자 정치가이며 가사문학의 대가로 유명한 송강 정철(1536∼1593) 선생의 행적을 기리고 있다 정철은 26세 되던 명종 16년(1561) 진사시에 1등을 하였고 이듬해 문과에 장원급제를 하여 수많은 관리직을 역임하였다 또한 시조 가사 한시 등 많은 작품에 뛰어난 재질을 발휘하여 『관동별곡』 『사미인곡』 『속미인곡』 『성산별곡』등을 지었다 비는 거북받침돌 위에 비몸을 세우고 지붕돌을 얹은 모습이다 비문은 숙종 10년(1684) 문정공 송시열 선생이 글을 지었으며 김수증 선생이 글씨를 썼다 소재지상세: 충북 진천군 문백면 송강로 523 (봉죽리)', 'score': 0.6810997582035196}, {'text_segment': '국가유산명_국문: 호암사지 국가유산명_한자: 虎岩寺址 국가유산종목: 시도기념물 시도명: 충남 시군구명: 부여군 시대: NaN 내용: 호암사는 백제 때 지어진 절이라 하나 언제 누구에 의해 지어졌는지는 알 수가 없고 절 옆의 바위에 호랑이 발자국이 남아있어 호암사라 불리운다 절터는 민가가 들어서 정확한 옛 모습을 알 수 없고 현재 존재하는 호암사는 최근에 지은 사찰로 법당을 비롯하여 요사채 산신각 등이 있다 호암사터는 백제의 많은 절터 중에서 그 이름과 유래를 알 수 있는 중요한 유적이다 소재지상세: 충남 부여군 규암면 호암리 156-2번지 17필', 'score': 0.6421060896055766}, {'text_segment': '국가유산명_국문: 안축 근재집 목판 국가유산명_한자: 安軸 謹齋集 木板 국가유산종목: 시도유형문화유산 시도명: 경남 시군구명: 함안군 시대: 조선시대 내용: 이 책판은 조선 영조 16년(1740)에 고려후기 문신이자『관동별곡』『죽계별곡』의 저자인 안축(1287∼1348)의 문집을 판각한 것이다 안축은 고려말의 문신으로 고향 순흥(지금의 풍기)에서 세력을 다져 중앙에 진출한 신흥유학자 가운데 한 사람으로 탁월한 재주로 학문에 힘썼다 문과에 급제한 후에는 여러 벼슬을 했다 안축의 사위인 정양생이 고려 공민왕 14년(1365)에 안축이 지은『관동와주집』을 청주에서 간행한 것을 비롯하여 그의 손자 안숭선이 미처 수록되지 못한 유고를 편집 정리하여 세종 27년(1445)에 목판본으로 간행하였다 이 문집은 일찍이 제주도에서 간행하여 나주로 옮겨 보존했으나 오랜 세월이 흘러 없어져 버렸다 1909년에 의령 함안에 사는 안축의 후손들이『근재집』이 간행된 지 오래되어 1910년 여름에 함안에서 완전하게 간행하였다 이『근재집』은 전부 4권 2책으로 발간하고 안유상이 발문을 붙였다 소재지상세: 경상남도 함안군 고분길 153-31 (가야읍 함안박물관)', 'score': 0.6334775371593128}, {'text_segment': '국가유산명_국문: 함안 주세붕 묘역 국가유산명_한자: 咸安 周世鵬 墓域 국가유산종목: 시도기념물 시도명: 경남 시군구명: 함안군 시대: 조선시대 내용: 조선 초기의 문신이며 대학자였던 신재(愼齋) 주세붕(1495∼1554) 선생의 묘소이다 어려서부터 효성이 지극하였으며 학문에도 열성적이었다 중종 17년(1522) 문과에 급제한 후 여러 관직을 두루 거쳐 중종 36년(1541)에 풍기 군수가 되었다 중종 38년(1543)에는 풍기 지방에 우리나라 최초의 서원인 백운동서원(뒤의 소수서원)을 세웠다 명종 6년(1551)에는 황해도 관찰사가 되어 해주에 수양서원을 창설하여 최충을 모시기도 하였다 죽은 뒤 선생의 유언에 따라 고향에 장사 지내고 조정에서는 예조판서의 벼슬을 내렸다 선생의 묘는 3기의 묘중 가운데 위치하는 둥근 무덤으로 앞에는 묘갈과 상석이 옆에는 비석과 망주가 잘 갖추어져 있다 사각의 망주에는 &#39;누구인들 부모가 없으며(誰無父母) 누구인들 사람의 자식이 아니겠는가(孰非人子)&#39;라는 시경의 글귀가 새겨져 있어 그의 효성을 잘 보여준다 묘역 위쪽의 네모난 무덤은 아버지 문보(文俌)와 어머니 창원 황씨를 함께 모셨다 무덤주위는 잘 다듬어진 둘레돌과 상석이 갖추어져 있고 둘레돌의 표면에는 가계 현황이 기록되어 있다 아랫쪽에 둥근 무덤은 큰 조카 조(造)의 묘이다 소재지상세: 경남 함안군 칠서면 계내리', 'score': 0.6244292769580817}]",정철
장보고가 근거지로 삼았던 장소는 어디인가요?,"[{'text_segment': '국가유산명_국문: 완도 청해진 유적 국가유산명_한자: 莞島 淸海鎭 遺蹟 국가유산종목: 사적 시도명: 전남 시군구명: 완도군 시대: 신라시대 내용: 청해진은 신라 흥덕왕 3년(828) 장보고가 설치한 해군기지이자 무역기지로 전라남도 완도 앞바다의 작은섬인 장도에 있다 당시 이곳은 신라와 당 일본을 잇는 해상무역의 중요한 길목이었다 장보고(∼846)는 평민 출신으로 당나라에 건너가 장군이 되었으나 해적들이 신라사람들을 노예로 삼는 것에 분개하여 신라에 돌아와 왕의 허락을 받고 828년 청해진을 설치하였다 청해진은 국제무역의 중심지로 동아시아 무역을 독점하여 번영을 누리며 큰 세력으로 성장하였다 이후 장보고는 왕위계승과 관련된 권력다툼에 휘말려 자객 염장에 의해 846년 암살당하였고 문성왕 13년(851)에 청해진은 폐쇄되었다 장도는 섬 전체가 계단식 성의 흔적이 남아있다 앞바다를 제외한 주변바다는 수심이 얕아 방어용 목책을 박아 외부접근을 막도록 만들었다 성터 안에는 토기와 기와조각이 발견되고 있고 인근에 장보고가 지었다는 법화사터가 남아있다 청해진은 신라 후기 장보고가 서남해안의 해적을 소탕하고 중국의 산동지방과 일본을 연결한 해상 교역로의 본거지로서 중요한 역사적 유적이다 <br/><b>※(청해진유적 → 완도 청해진 유적)으로 명칭변경 되었습니다(20110728 고시) </b> 소재지상세: 전남 완도군 완도읍 장좌리 734번지', 'score': 0.7624280750751495}, {'text_segment': '국가유산명_국문: 당진 소난지도 의병총 국가유산명_한자: 唐津 小蘭芝島 義兵塚 국가유산종목: 국가등록문화유산 시도명: 충남 시군구명: 당진시 시대: NaN 내용: ｢당진 소난지도 의병총｣은 을사늑약(1905년) 이후 충청남도 해안지역에서 의병들이 연합하여 소난지도에서 전개된 항일 의병전쟁의 처절한 역사적 사실을 확인할 수 있는 장소로서 전국에서 유일하게 해상 도서를 근거지로 항일투쟁을 벌인 곳이다 일제가 우리나라를 강점하기 위해 항일세력을 도서지방까지 철저하게 탄압한 실상을 잘 보여주고 있으며 독립운동사의 참된 가치와 애국혼을 선양할 수 있는 중요한 유적지이다 소재지상세: 충청남도 당진시 석문면 난지도리 373-2', 'score': 0.7496922328072266}, {'text_segment': '국가유산명_국문: 양산 증산리 왜성 국가유산명_한자: 勿禁甑山里倭城 국가유산종목: 문화유산자료 시도명: 경남 시군구명: 양산시 시대: 임진왜란 시기 축조된 왜성 내용: 경상남도 양산시 물금읍 물금리에 있는 산성으로 임진왜란 때 왜장 다데마사무네가 쌓았다고 한다 산의 정상을 깎고 큰 돌을 이용해 산성을 쌓아 근거지로 삼았다 지형에 따라 동쪽과 서쪽의 2곳에 성을 쌓고 양쪽으로 통할 수 있도록 한 것이 특이하다 소재지상세: 경상남도 양산시 물금읍 증산리 산 15', 'score': 0.739763679437482}, {'text_segment': '국가유산명_국문: 목포 구 청년회관 국가유산명_한자: 木浦 舊 靑年會館 국가유산종목: 국가등록문화유산 시도명: 전남 시군구명: 목포시 시대: 1930 내용: 1925년 건립된 이 건물은 일제 강점기 목포 청년들의 항일 운동 근거지였으며 ‘조선청년’이란 잡지를 발행한 역사적인 장소이다 회관 건립을 위한 모금 운동으로 각계각층의 기금을 모아 건립된 것이기에 특별한 디자인 요소 없이 각 부분이 기능적으로 처리되었다 일제 강점기 목포 청년들이 펼쳤던 민족 운동의 산실이며 우리 민족 스스로의 자주성으로 건립·운영된 건물로 목포 청년 운동의 중심 역할을 했던 곳이다 소재지상세: 전남 목포시 차범석길35번길 6-1 (남교동)', 'score': 0.7251901376019259}, {'text_segment': '국가유산명_국문: 진해 흑백다방 국가유산명_한자: NaN 국가유산종목: 국가등록문화유산 시도명: 경남 시군구명: 창원시 시대: NaN 내용: 광복 후 군사 중심도시인 진해의 문화예술인들의 문화활동 근거지로서 역할을 하였다는 기록이 남아있고 현재도 그 연장선상에서 지역예술인들의 활동무대로서 장소성의 의미를 가지며 원래 구조와 공간 외관을 유지하고 있어 진해의 근현대 문화사적 유적지로 등록할만한 가치가 있는 것으로 판단된다 소재지상세: 경상남도 창원시', 'score': 0.6831741775070406}]",청해진
천마도가 발견된 신라의 고분은 무엇인가요?,"[{'text_segment': '국가유산명_국문: 경주 천마총 장니 천마도 국가유산명_한자: 慶州 天馬塚 障泥 天馬圖 국가유산종목: 국보 시도명: 경북 시군구명: 경주시 시대: 신라시대(5세기) 내용: 경주 천마총 <장니 천마도>는 말의 안장 양쪽에 달아 늘어뜨리는 장니에 그려진 말(천마)그림이다 가로 75㎝ 세로 53㎝ 두께는 약 6㎜로 1973년 경주 황남동고분 155호분(천마총)에서 발견되었다 천마도가 그려져 있는 채화판은 자작나무껍질을 여러 겹 겹치고 맨 위에 고운 껍질로 누빈 후 가장자리에 가죽을 대어 만든 것이다 중앙에는 흰색으로 천마가 그려져 있으며 테두리는 흰색·붉은색·갈색·검정색의 덩굴무늬로 장식되어 있다 천마는 꼬리를 세우고 하늘을 달리는 모습으로 다리 앞뒤에 고리모양의 돌기가 나와 있고 혀를 내민 듯한 입의 모습은 신의 기운을 보여준다 이는 흰색의 천마가 동물의 신으로 죽은 사람을 하늘 세계로 실어나르는 역할이였음을 짐작해 볼 수 있게 한다 5∼6세기의 신라시대에 그려진 천마도의 천마의 모습 및 테두리의 덩굴무늬는 고구려 무용총이나 고분벽화의 무늬와 같은 양식으로 신라회화가 고구려의 영향을 받았음을 알 수 있는 그림이다 또한 신라회화로서 현재까지 남아있는 거의 유일한 작품으로 그 가치가 크다 소재지상세: 경상북도 경주시 일정로 186-0 (인왕동 국립경주박물관)', 'score': 0.6716797947883606}, {'text_segment': '국가유산명_국문: 나주장동리고분 국가유산명_한자: 羅州長洞里古墳 국가유산종목: 문화유산자료 시도명: 전남 시군구명: 나주시 시대: NaN 내용: 장동리 고분은 해발 10∼15m 정도의 구릉 정상부에 위치하는데 장동리 27-1번지에 해당한다 분구의 형태는 고분의 북서쪽은 모를 이루며 꺾이고 있고 남동쪽은 원형으로 돌아가고 있어서 방형에 가깝지만 원형의 분위기도 보이고 있다 다만 고분이 방형이라면 구릉의 능선과 45˚정도 틀어지게 되는데 이는 일반적인 방대형 고분의 입지와 차이를 보이는 것이다 또한 분정에 형성된 10∼12m의 평탄부는 정연하지는 않지만 원형을 띠고 있어서 원분의 분구 끝자락이 파괴된 것일 가능성이 큰 것으로 생각된다 분정 평탄부에는 함몰 구덩이가 2군데에서 확인되며 옹관편도 발견되었다 고분의 규모는 남서-북동 25m 남동-북서 185m 높이 25m이다 이 고분에서 서남서쪽으로 300m 정도 떨어진 산기슭에도 2기의 고분이 있는데 동일 능선상에서 50m 정도의 간격을 두고 분포하고 있다 이중 위쪽에 있는 고분은 평면 원형으로 규모는 직경 17m 정도 높이 2m 내외이다 소재지상세: 전남 나주시 동강면 장동리 68-2번지 외', 'score': 0.6169847484283685}, {'text_segment': '국가유산명_국문: 천마총 금관 국가유산명_한자: 天馬塚 金冠 국가유산종목: 국보 시도명: 경북 시군구명: 경주시 시대: 신라시대 내용: 천마총에서 발견된 신라 때 금관이다 천마총은 경주 고분 제155호 무덤으로 불리던 것을 1973년 발굴을 통해 금관 팔찌 등 많은 유물과 함께 천마도가 발견되어 천마총이라 부르게 되었다 이 금관은 천마총에서 출토된 높이 325㎝의 전형적인 신라 금관으로 묻힌 사람이 쓴 채로 발견되었다 머리 위에 두르는 넓은 띠 앞면 위에는 山자형 모양이 3줄 뒷면에는 사슴뿔 모양이 2줄로 있는 형태이다 山자형은 4단을 이루며 끝은 모두 꽃봉오리 모양으로 되어있다 금관 전체에는 원형 금판과 굽은 옥을 달아 장식하였고 금실을 꼬아 늘어뜨리고 금판 장식을 촘촘히 연결하기도 하였다 밑으로는 나뭇잎 모양의 늘어진 드리개(수식) 2가닥이 달려있다 금관 안에 쓰는 내관이나 관을 쓰는데 필요한 물건들이 모두 널(관) 밖에서 다른 껴묻거리(부장품)들과 함께 발견되었다 소재지상세: 경북 경주시 일정로 186 국립경주박물관 (인왕동국립경주박물관)', 'score': 0.5762027923200679}, {'text_segment': '국가유산명_국문: 운화리성지 국가유산명_한자: 雲化里城址 국가유산종목: 문화유산자료 시도명: 울산 시군구명: 울주군 시대: NaN 내용: 이곳의 성은 대운산(해발 742m) 동쪽 지맥의 한 봉우리(270m)와 그 아래의 능선과 계곡을 성내로 포용하며 쌓은 포곡식 산성이다 체성은 북쪽은 훼손이 심하지만 남동쪽은 양호한 상태호 남아 있다 성벽은 자연석을 손질해서 급경사 지역은 내탁(바깥쪽은 석벽으로 안쪽은 잡석과 흙으로 채워 쌓는 방법)하고 경사가 완만한 지역은 협축(성벽의 안팎을 모두 수직에 가까운 석벽으로 쌓는방법)하여 쌓았으며 규모는 길이 약 1km 높이 100~220cm 정도이다 성내에는 일부 손질된듯한 자연석을 이용하여 축조한 둥근 석단시설이 남아 있으나 무엇에 쓴 것인지 그 성격은 자세히 알 수 없다 이 성은 성내에서 발견되는 토기편과 아래쪽에 인접한 운화리 고분군은 참고하여 볼 때 신라시대부터 조선시대에 걸쳐 사용된 것으로 추정된다 소재지상세: 울산 울주군 온양읍 운화리 산159번지 일원', 'score': 0.5698907938272835}, {'text_segment': '국가유산명_국문: 김해 원지리 고분군 국가유산명_한자: 金海 元支里 古墳群 국가유산종목: 시도기념물 시도명: 경남 시군구명: 김해시 시대: 가야시대 내용: 김해 원지리 고분군은 현재까지 확인된 김해 지역에서 봉분이 가장 큰 고총고분으로 알려져 있다 원지리 3호 고분의 발굴조사 결과 금관가야 후기(6세기 전반)의 대형 고분으로 확인되었으며 내부주체 역시 김해지역에서 드물게 발견되는 횡구식 석실로 밝혀졌다 지금까지 금관가야의 전성기 고분군(3~5세기)은 다수 확인되었으나 가야 쇠퇴기인 금관가야 후기(6세기 전반)의 고분군은 희소함\r\n김해 원지리 고분군은 가야 쇠퇴기의 역사와 문화를 집약적으로 보여주는 귀중한 유적임 소재지상세: 경상남도 김해시 주촌면 원지리 621-847', 'score': 0.5662088068598429}]",천마총
백제 멸망 이후 사비성은 누구의 주요 거점으로 사용되었나요?,"[{'text_segment': '국가유산명_국문: 두릉산성(두릉이성) 국가유산명_한자: 豆陵山城(豆陵伊城) 국가유산종목: 문화유산자료 시도명: 충남 시군구명: 청양군 시대: NaN 내용: 청양군 정선면 계봉산에 있는 이 산성은 두릉윤성 또는 계봉산성이라고 한다 『동국여지승람』에 계봉산성은 돌로 쌓은 성으로 성의 둘레가 1200척이라고 기록되어 있다 백곡리 백실부락 뒷쪽에 높게 솟은 2개의 산봉우리 정상에 약 540m에 이르는 성벽이 자연 지형을 따라 둘러쌓여 있다 이 산성은 백제의 수도 사비성 북방에 있어 국토 방위에 중요한 역할을 한 산성으로 백제 멸망 후 그 유민들의 부흥운동 근거지가 되기도 하였다 소재지상세: 충남 청양군 정산면 백곡리 산18번지', 'score': 0.8532739579677582}, {'text_segment': '국가유산명_국문: 운주산성 국가유산명_한자: 雲住山城 국가유산종목: 시도기념물 시도명: 세종 시군구명:   시대: NaN 내용: 운주산성은 북으로 천안 청주는 물론 아산만을 한눈에 내려달 볼 수 있는 중요한 군사적 거점지역에 축조하였다 축조시기는 백제시대로 660년 백제가 멸망하고 풍왕과 복신 도침장군을 선두로 일어났던 백제부흥운동군의 최후의 구국 항쟁지로 알려져 있다 「신증동국여지승람」전의현 고적조에 간단한 설명이 나와 있는데 이 기록에 의하면 조선초기에는 이미 폐성되어 있었다는 기록이 남아 있다 운주산성은 내성과 외곽성이 함께 갖추어져 있으며 성내에서 백제시대 기와편이 출토되고 있다 소재지상세: 세종특별자치시 전동면 청송리 산90번지 외 4필지', 'score': 0.7742896116293024}, {'text_segment': '국가유산명_국문: 홍성장곡산성 국가유산명_한자: 洪城長谷山城 국가유산종목: 문화유산자료 시도명: 충남 시군구명: 홍성군 시대: 백제 내용: 홍성군 장곡면 산성리 해발 2555m의 산에 쌓은 성으로 성 둘레는 약 1352m이다 산성리 주변은 지세가 험하고 계곡이 좁아 군사상 요충지로 적합한 지형을 갖추고 있는 곳으로 옛 백제 부흥군의 거점이 되는 예산 대흥임존성(사적)과는 126㎞ 당진 혜성과는 37㎞ 청양 정산의 두륭융성과는 23㎞ 공주와는 345㎞ 부여와는 27㎞의 거리를 두고 있는 곳이다 장곡산성 주위에는 학성산성 태봉산성 소구니산성이 띠를 이루듯 이어져 있어 지리적 중요성을 짐작할 수 있다 이 산성은 동굴이 있는 것이 특징이며 산성 안에서 건물터의 주춧돌·기와 조각·토기류가 발견되었다 이 지역 주변에서도 ‘사시’·‘사시량’·‘사라’라 새긴 기와 조각과 문초석 돌덧널무덤(석곽묘)에서 발견된 청동제 방울 백제 토기류 등이 발견되었다 이를 통해 장곡산성은 백제 사시량현의 정치 행정적 중심역할을 하던 곳으로 추정되며 지형적 조건으로 보아 백제 부흥군의 거점으로 사용되었을 것으로 생각된다 소재지상세: 충남 홍성군 장곡면 산성리 산28-2번지 외', 'score': 0.7397844835439811}, {'text_segment': '국가유산명_국문: 예산 임존성 국가유산명_한자: 禮山 任存城 국가유산종목: 사적 시도명: 충남 시군구명: 예산군 시대: 삼국시대 내용: 백제 때 수도 경비의 외곽기지 역할을 한 성이다 봉수산(鳳首山)의 꼭대기에 있는 둘레 약 3㎞의 산성으로 백제가 고구려의 침입에 대비하여 쌓은 것으로 짐작된다 현재는 성문터와 성문 밑으로 개울물이 흐르게 하던 수구문 그리고 우물터 ·건물터가 남아있다 성벽의 바깥쪽은 돌을 다듬어 차곡차곡 쌓고 안쪽으로는 흙을 파서 도랑처럼 만들어 놓았다 또한 성의 네 모퉁이를 튼튼하게 하기 위해 다른 곳보다 약 2m정도 두껍게 쌓았다 백제가 멸망한 뒤에는 주류성과 더불어 백제 부흥군이 활동했던 곳으로 사비성을 되찾기 위한 부흥군의 마지막 근거지이다 이 성에서 흑치상지(黑齒常之)를 중심으로 백제의 부흥을 꾀하였으나 실패했다 또한 후삼국시대에는 고려 태조 왕건과 견훤이 이 곳에서 전투를 벌였다고도 전해지는 유서깊은 곳이다 <br/><b>※(대흥임존성 → 예산 임존성)으로 명칭변경 되었습니다(20110728 고시) </b> 소재지상세: 충남 예산군 대흥면 상중리 산8번지', 'score': 0.7186582471461287}, {'text_segment': '국가유산명_국문: 대구 구 교남 YMCA 회관 국가유산명_한자: 大邱 舊 嶠南 YMCA 會館 국가유산종목: 국가등록문화유산 시도명: 대구 시군구명: 중구 시대: 1914년 내용: 대구 구 교남 YMCA 회관은 일제 강점기 31독립만세운동 당시 주요 지도자들의 회합의 공간이었으며 물산장려운동 기독교농촌운동 신간회운동 등 기독교민족운동의 거점공간으로서 사용된 역사적 장소이다 1914년에 건립된 2층의 붉은 벽돌 건물로 1층과 2층 사이를 돌림띠(cornice)로 장식하고 창호 상부는 아치로 인방을 확보하여 사각형의 창문을 설치하는 등 1910년대~20년대 조적조 건축의 특징을 잘 간직하고 있다 소재지상세: 대구광역시 중구 남성로 24-0 (남성로)', 'score': 0.7165458919568941}]",나당 연합군
조선 왕실의 왕과 왕비를 모시는 제사 공간은 무엇인가요?,"[{'text_segment': '국가유산명_국문: 숭신전 국가유산명_한자: 崇信殿 국가유산종목: 문화유산자료 시도명: 경북 시군구명: 경주시 시대: NaN 내용: 광무 2년(1898)에 군수 권상문이 신라 제4대 임금인 탈해왕의 제사를 모시기 위해 세웠다 1906년부터는 신라의 3성 시조 임금(박 석 김)을 같이 모셨고 이때부터 ‘숭신전’이라고 불렀다 처음 지을 때 월성 안에 있던 것을 1980년 월성 안의 민가 철거와 함께 지금 있는 자리로 옮겼으며 봄·가을과 춘분·추분에 걸쳐 제사를 지내고 있다 신라 3대 왕의 성 가운데 최초의 석씨 왕인 탈해왕(57∼80)에 대해서는 아래와 같은 전설이 전한다 왜국 동북쪽 멀리 떨어져 있는 타파나국 왕비가 잉태한지 7년만에 커다란 알 하나를 낳았다 그런데 알이 상서롭지 못하다 하여 궤짝에 넣어 바다로 띄어 보냈고 이 궤짝이 신라 땅에 가서 닿았다 한 노인이 궤를 발견하고 열어보니 어린아이가 있어 데려다 키웠는데 건질 때 까치들이 울며 따라 왔으므로 까치 ‘작(鵲)’자에서 ‘조(鳥)’자를 떼어내고 ‘석(昔)’으로 성을 삼았다 이름은 궤를 풀고 나와 탈해라 지었다고 한다 숭신전은 본전 3칸·전사청 2칸·상의재 4칸으로 되어 있고 지붕은 옆면에서 볼 때 여덟 팔(八)자 모양을 한 팔작지붕이다 소재지상세: 경북 경주시 동천중리길 9-1 (동천동)', 'score': 0.6742586222710045}, {'text_segment': '국가유산명_국문: 종묘 영녕전 국가유산명_한자: 宗廟 永寧殿 국가유산종목: 보물 시도명: 서울 시군구명: 종로구 시대: 조선 광해군 즉위년(1608) 내용: 종묘는 조선시대 왕·왕비·공신 등의 신주를 모셔놓고 제사를 지내던 곳이다 그 중 영녕전은 종묘의 일부로 정전의 서북쪽에 자리잡고 있다 영녕전을 짓게 된 동기는 시간이 흐르고 죽은 왕의 수가 늘어남에 따라 건물을 늘리거나 새로 지어야 할 필요 때문이었다 이 건물은 세종 3년(1421) 정종의 신주를 종묘에 모실 때 지은 것으로 태조의 4대조와 정전에서 계속 모실 수 없는 왕과 왕비의 신주를 옮겨 모신 곳이다 현재 영녕전에는 가운데 4개의 방을 양쪽 옆에 딸린 방들보다 높게 꾸미고 각 방에 태조의 4대조인 목조 익조 도조 환조와 왕비들의 신주를 모시고 있다 그리고 서쪽 5번째 방부터 16번째 방까지 각각 정종과 왕비 문종과 왕비 단종과 왕비 덕종과 왕비 예종과 왕비 인종과 왕비 명종과 왕비 원종과 왕비 경종과 왕비 진종과 왕비 장조와 왕비 의민황태자(영친왕)와 태자비의 신주를 모시고 있다 17세기 중기 건축양식을 보여주는 이 건물은 제사를 드리는 곳이라는 목적에 맞도록 구조와 장식·색 등이 간결하고 장중한 느낌을 주도록 만들었다 일부 구조에서는 옛 방식을 따라 입구에 널문을 달고 발을 쳤으며 건물 안쪽 방 사이에는 담벽을 치지 않고 발을 늘여 나누어 놓았다 신위를 모시는 집으로 옛 전통을 잘 간직하고 있는 문화유산 중 하나라 할 수 있다 소재지상세: 서울 종로구 종로 157 종묘 (훈정동)', 'score': 0.6572086323614519}, {'text_segment': '국가유산명_국문: 영일 일월지 국가유산명_한자: 迎日 日月池 국가유산종목: 시도기념물 시도명: 경북 시군구명: 포항시 시대: - 내용: 이 곳은 『삼국유사』에 나오는 연오랑세오녀 전설이 있는 곳이다 신라 제8대 아달라왕 4년(157)에 신라 동쪽 일월동 바닷가에 어부인 연오랑과 베를 짜던 세오녀 부부가 살고 있었다 어느날 연오랑이 고기를 잡고 바위에 앉아 해초를 따던 중 갑자기 바위가 움직여 동쪽으로 흘러가 일본의 섬나라에 도착하였는데 그곳 사람들은 이를 신비하게 여겨 왕으로 모셨다 한편 세오녀는 연오랑을 찾아 헤매다가 그의 신발을 발견하고 바위에 서니 바위가 다시 움직여 연오랑이 있는 섬에 도착하여 왕비가 되었다고 한다 그 후 신라에는 해와 달이 없어져 천지가 어두워졌는데 아달라왕이 그 이유를 알아보니 연오랑과 세오녀가 바다를 건너가고 없어 빛을 잃었다고 하였다 이에 왕은 연오랑과 세오녀에게 신라에 돌아오도록 명령했지만 그들은 하늘의 뜻으로 이곳에 와서 왕과 왕비가 되었으니 돌아갈 수 없다고 하면서 세오녀가 짠 비단을 주며 하늘에 정성껏 제사를 지내라 하였다 이에 제사를 지내니 해와 달이 다시 환하게 빛이 났다고 한다 이때부터 제사를 지내던 곳을 일월지라고 부르며 지금도 이곳을 일월향이라고 부르고 있다 소재지상세: 경북 포항시 남구 오천읍 용덕리 일원', 'score': 0.6295656876047186}, {'text_segment': '국가유산명_국문: 종묘 정전 국가유산명_한자: 宗廟 正殿 국가유산종목: 국보 시도명: 서울 시군구명: 종로구 시대: 조선 광해군 내용: 종묘는 조선왕조 역대 임금의 신위를 모신 곳으로 정전은 종묘의 중심 건물로 영녕전과 구분하여 태묘(太廟)라 부르기도 한다 정전은 조선시대 초 태조 이성계의 4대조(목조 익조 도조 환조) 신위를 모셨으나 그 후 당시 재위하던 왕의 4대조(고조 증조 조부 부)와 조선시대 역대 왕 가운데 공덕이 있는 왕과 왕비의 신주를 모시고 제사하는 곳이 되었다 종묘는 토지와 곡식의 신에게 제사지내는 사직단과 함께 국가에서 가장 중요시한 제례 공간으로 그 건축 양식은 최고의 격식을 갖춘다 현재 정전에는 서쪽 제1실에서부터 19분 왕과 왕비의 신주를 각 칸을 1실로 하여 모두 19개의 방에 모시고 있다 이 건물은 칸마다 아무런 장식을 하지 않은 매우 단순한 구조이지만 19칸이 옆으로 길게 이어져 우리나라 단일건물로는 가장 긴 건물이다 홑처마에 지붕은 사람 인(人)자 모양의 맞배지붕 건물이며 기둥은 가운데 부분이 볼록한 배흘림 형태의 둥근 기둥이고 정남쪽에 3칸의 정문이 있다 종묘 정전은 선왕에게 제사지내는 최고의 격식과 검소함을 건축공간으로 구현한 조선시대 건축가들의 뛰어난 공간창조 예술성을 찾아볼 수 있는 건물이다 소재지상세: 서울 종로구 종로 157 종묘 (훈정동)', 'score': 0.6199957132339478}, {'text_segment': '국가유산명_국문: 순흥향교 국가유산명_한자: 順興鄕校 국가유산종목: 문화유산자료 시도명: 경북 시군구명: 영주시 시대: NaN 내용: 향교는 공자와 여러 성현께 제사를 지내고 지방민의 교육과 교화를 위해 나라에서 세운 교육기관이다 순흥향교는 고려 충렬왕 30년(1340)에 처음 지었으나 단종 복위운동으로 고을과 함께 향교가 혁파당하여 약 200여년이 지난 숙종 9년(1683) 부(府)가 회복되면서 다시 세웠다 이후 여러 차례 위치를 옮겨 세운 끝에 정조 14년(1790) 지금 있는 자리로 옮겨 오늘에 이르고 있다 지금 남아 있는 건물로는 제사 공간인 대성전과 동무·서무 교육 기능을 수행하는 강당인 명륜당 학생들의 기숙사인 동재 삼문 등이다 전체적인 배치는 교육 공간인 명륜당을 앞에 두고 제사 공간인 대성전을 뒤로 배치한 전학후묘의 공간 구성을 이루고 있다 대성전에는 공자를 비롯한 그 제자와 우리나라 성현들의 위패를 모시고 있다 조선시대에는 나라에서 토지와 노비·책 등을 지원받아 학생들을 가르쳤으나 지금은 교육 기능은 없어지고 제사 기능만 남아 있다 소재지상세: 경북 영주시 순흥면 청구길235번길 15-36 (청구리)', 'score': 0.6194138705766629}]",종묘
고인돌은 어느 시대에 만들어진 유적이었나요?,"[{'text_segment': '국가유산명_국문: 산청특리지석묘군 국가유산명_한자: 山淸特里支石墓群 국가유산종목: 시도기념물 시도명: 경남 시군구명: 산청군 시대: 청동기시대 내용: 지석묘는 청동기시대의 대표적인 무덤으로 고인돌이라고도 부르며 주로 경제력이 있거나 정치권력을 가진 지배층의 무덤으로 알려져 있다 우리나라의 고인돌은 4개의 받침돌을 세워 돌방을 만들고 그 위에 거대하고 평평한 덮개돌을 올려 놓은 탁자식과 땅 속에 돌방을 만들고 작은 받침돌을 세운 뒤 그 위에 덮개돌을 세운 바둑판식으로 구분된다 이곳의 고인돌 유적은 금호강변을 따라 자리잡고 있는 특리 사평 마을의 논밭과 농가 곳곳에서 확인되고 있다 이 곳에서는 고인돌의 덮개돌 35기가 무리지어 확인되었고 주위에서는 신석기시대의 것으로 보이는 토기조각도 발견되었다 금호강변의 충적지대에 위치한 지리적 조건으로 볼 때 고인돌 유적 뿐 아니라 당시의 주거지 유적이 발견될 가능성도 남아있다 경상남도 내륙 지방에서는 드물게 대규모로 발견된 고인돌 유적이라는 점에서 중요한 자료로 평가된다 소재지상세: 경남 산청군 금서면 특리 291번지 외 14필지', 'score': 0.8317757844924927}, {'text_segment': '국가유산명_국문: 충주 조동리 고인돌 국가유산명_한자: 忠州 早洞里 支石墓 국가유산종목: 시도기념물 시도명: 충북 시군구명: 충주시 시대: 청동기시대 내용: 지석묘는 청동기시대의 대표적인 무덤으로 고인돌이라고도 부른다 우리나라의 고인돌은 4개의 받침돌을 세워 돌방을 만들고 그 위에 거대하고 평평한 덮개돌을 올려놓는 탁자식과 땅속에 돌방을 만들고 작은 받침돌을 세운 뒤 그 위에 덮개돌을 올린 바둑판식으로 구분된다 충주 조동리의 지석묘는 조동리 탑평마을 중심부에 위치하며 민가에 둘러싸여 있다 여러 개의 자연돌을 고임돌로 사용하고 그 위에 커다란 덮개돌을 올려 놓은 전형적인 바둑판식 고인돌의 형태를 갖추고 있다 특히 다른 지방의 고인돌과 달리 덮개돌 위에 평면 타원형의 돌을 올려 놓아 3층의 탑과 같은 구조를 이루고 있어 매우 특이한 구조를 갖추고 있다 덮개돌 위의 2층은 본래 고인돌 축조와는 시기 차이가 있는 것으로 보이며 이는 불교 전래 이후 탑의 모습을 모방하여 쌓은 것으로 추정되어 고인돌과 불교가 결합하는 과정에서 형성된 독특한 양식으로 주목된다 조동리 지석묘는 바둑판식 고인돌로서 3층 구조의 특이한 외부구조를 갖추고 있고 보존상태도 매우 양호하며 청동기시대의 묘제연구에 중요한 학술 자료가 된다 특히 조동리 선사시대(신석기∼청동기) 생활유적과 인접하고 있어 중원지방의 청동기시대 생활문화상을 연구하는데 매우 중요한 유적이다 소재지상세: 충북 충주시 동량면 조동리 1756번지', 'score': 0.7909523288112283}, {'text_segment': '국가유산명_국문: 의령 상정리 지석묘군 국가유산명_한자: 宜寧 上井里 支石墓群 국가유산종목: 시도기념물 시도명: 경남 시군구명: 의령군 시대: 의령 상정리 지석묘군 내용: 지석묘는 청동기시대의 대표적인 무덤으로 고인돌이라고도 부르며 주로 경제력이 있거나 정치권력을 가진 지배층의 무덤으로 알려져 있다 우리나라의 고인돌은 4개의 받침돌을 세워 돌방을 만들고 그 위에 거대하고 평평한 덮개돌을 올려 놓은 탁자식과 땅 속에 돌방을 만들고 작은 받침돌을 세운 뒤 그 위에 덮개돌을 올린 바둑판식으로 구분된다 상정면 화정중학교 앞 들판에 모두 7기의 고인돌이 흩어져 있는데 이 중 1·2·3·4호는 논 가운데에 있다 1호는 덮개돌이 길이 29m 너비 25m로 납작하며 아래에는 받침돌이 세워져 있다 2호의 덮개돌은 길이 27m 너비 16m이고 3호는 길이 20m 너비 16m이며 4호는 길이 13m 너비 09m이다 외칠성의 고인돌이라 불리는 나머지 3기는 석천 방향에 자리하고 있다 5호는 길이 24m 너비 15m이며 6호는 길이 21m 너비 17m이고 7호는 길이 26m 너비 14m이다 이외에 상정리 민가내에 내칠성이라는 고인돌이 있으나 지금은 본래의 모습을 많이 잃어 버린 상태이다 유적의 동쪽에 있는 능선에서 민무늬토기 등이 많이 발견된 것으로 보아 이 지역은 집터와 고인돌 등이 복합적으로 존재하는 대규모의 청동기시대 유적일 것으로 보인다 소재지상세: 경남 의령군 화정면 상정리 711번지 외 5필', 'score': 0.7787297059225894}, {'text_segment': '국가유산명_국문: 강화 부근리 점골 고인돌 국가유산명_한자: 江華 富近里 점골 고인돌 국가유산종목: 시도기념물 시도명: 인천 시군구명: 강화군 시대: 청동시대 내용: 고인돌은 청동기시대의 대표적인 무덤으로 주로 경제력이 있거나 정치권력을 가진 지배층의 무덤으로 알려져 있다 우리나라의 고인돌은 4개의 받침돌을 세워 돌방을 만들고 그 위에 거대하고 평평한 덮개돌을 올려 놓은 탁자식과 땅속에 돌방을 만들고 작은 받침돌을 세운 뒤 그 위에 덮개돌을 올린 바둑판식으로 구분된다 이 고인돌은 강화읍에서 48번 국도를 따라 인화리 방면으로 가다 송해면과 하점면 경계지점을 지나 부근리-망월간 도로의 중간지점 고려산 북쪽에서 흘러내린 주능선의 끝자락에 있는 해발 15m 정도의 낮은 지대의 밭에 위치해 있다 고임돌이 기울어져 무너져 내린 것을 현재는 원형 그대로 복원하였다 동서방향의 고인돌을 바로 세우고 그 위에 거대한 덮개돌을 올린\xa0전형적인 탁자식 고인돌의 모습을 갖추고 있으며 북쪽 방향에는 마감돌이 유실되지 않고 보존되어 있어 점골 고인돌은 물론 강화지역에 분포한 고인돌의 구조와 형태를 파악하는 데에 귀중한\xa0유적이다 소재지상세: 인천 강화군 하점면 부근리 743-4번지', 'score': 0.7615390478444506}, {'text_segment': '국가유산명_국문: 남해다정리지석묘 국가유산명_한자: 南海茶丁里支石墓 국가유산종목: 시도기념물 시도명: 경남 시군구명: 남해군 시대: NaN 내용: 지석묘는 청동기시대의 대표적인 무덤으로 고인돌이라고도 부르며 주로 경제력이 있거나 정치권력을 가진 지배층의 무덤으로 알려져 있다 우리나라의 고인돌은 4개의 받침돌을 세워서 돌방을 만들고 그 위에 거대하고 평평한 덮개돌을 올려놓은 탁자식과 땅 속에 돌방을 만들고 작은 받침돌을 세운 뒤 뚜껑돌을 덮고 그 위에 거대한 덮개돌을 올린 바둑판식으로 구분된다 들판의 논둑을 따라 대체로 3∼4m 씩 사이를 두고 11기의 고인돌이 있다 형태상 모두 바둑판식으로 덮개돌의 크기는 길이 3m 너비 2m이다 땅 속에 마련된 하부구조는 정확히 알 수 없으나 상자 모양의 석관일 것으로 추정된다 이 유적 주변에서 청동기시대의 민무늬토기 조각들이 발견되었다 이들 고인돌 외에 남해군에는 남면리 평현리 심천리 등 각지에 고인돌들이 폭넓게 분포되어 있는데 이 지역 청동기시대의 문화를 연구하는데 중요한 자료로 평가된다 소재지상세: 경남 남해군 이동면 다정리 911-5번지', 'score': 0.7561562128737571}]",청동기 시대
천마도는 어디에서 발견된 벽화인가요?,"[{'text_segment': '국가유산명_국문: 경주 천마총 장니 천마도 국가유산명_한자: 慶州 天馬塚 障泥 天馬圖 국가유산종목: 국보 시도명: 경북 시군구명: 경주시 시대: 신라시대(5세기) 내용: 경주 천마총 <장니 천마도>는 말의 안장 양쪽에 달아 늘어뜨리는 장니에 그려진 말(천마)그림이다 가로 75㎝ 세로 53㎝ 두께는 약 6㎜로 1973년 경주 황남동고분 155호분(천마총)에서 발견되었다 천마도가 그려져 있는 채화판은 자작나무껍질을 여러 겹 겹치고 맨 위에 고운 껍질로 누빈 후 가장자리에 가죽을 대어 만든 것이다 중앙에는 흰색으로 천마가 그려져 있으며 테두리는 흰색·붉은색·갈색·검정색의 덩굴무늬로 장식되어 있다 천마는 꼬리를 세우고 하늘을 달리는 모습으로 다리 앞뒤에 고리모양의 돌기가 나와 있고 혀를 내민 듯한 입의 모습은 신의 기운을 보여준다 이는 흰색의 천마가 동물의 신으로 죽은 사람을 하늘 세계로 실어나르는 역할이였음을 짐작해 볼 수 있게 한다 5∼6세기의 신라시대에 그려진 천마도의 천마의 모습 및 테두리의 덩굴무늬는 고구려 무용총이나 고분벽화의 무늬와 같은 양식으로 신라회화가 고구려의 영향을 받았음을 알 수 있는 그림이다 또한 신라회화로서 현재까지 남아있는 거의 유일한 작품으로 그 가치가 크다 소재지상세: 경상북도 경주시 일정로 186-0 (인왕동 국립경주박물관)', 'score': 0.6610950529575348}, {'text_segment': '국가유산명_국문: 경주 불국사 영산회상도 및 사천왕 벽화 국가유산명_한자: 慶州 佛國寺 靈山會上圖 및 四天王 壁畵 국가유산종목: 보물 시도명: 경북 시군구명: 경주시 시대: 1769년(영조 45) 내용: ‘경주 불국사 영산회상도 및 사천왕 벽화(慶州 佛國寺 靈山會上圖 및 四天王壁畵)’는 1769년에 영조의 딸인 화완옹주와 상궁 김씨 등이 시주하여 제작한 불화로 영산회상도와 2점의 사천왕 벽화로 이루어진 독특한 구성을 보여준다 조성연대는 영산회상도에만 1769년이라는 연대가 있고 사천왕 벽화에는 조성연대 없이 화원의 이름만 적혀 있는데 영산회상도 제작에 참여한 화승들이 사천왕벽화를 그리는 데도 참여하였고 두 불화에서 인물표현과 채색 등에 유사점이 많은 것을 볼 때 영산회상도와 사천왕벽화는 같은 해에 함께 그려진 것으로 추정된다 이 불화는 18세기 중후반 통도사와 봉정사 등 경상도지역을 중심으로 활동하던 화승들이 함께 제작한 것으로 화려하면서도 차분한 색감과 안정적인 구도 등 경상도 지역의 화풍을 잘 보여준다 아울러 영산회상도를 구성함에 있어 거는 그림과 벽화가 한 세트를 이루는 구성은 어디에서도 볼 수 없는 독특한 것으로 조선 후기 불화조성의 한 면을 잘 보여주는 가치가 높은 작품이다 소재지상세: 경상북도 경주시 불국로 385-0 (진현동 불국사 경해루)', 'score': 0.6318803646769102}, {'text_segment': '국가유산명_국문: 창덕궁 경훈각 삼선관파도 국가유산명_한자: 昌德宮 景薰閣 三仙觀波圖 국가유산종목: 국가등록문화유산 시도명: 서울 시군구명: 종로구 시대: 1920년경 내용: 왕실이 후원한 미술교육기관인 서화미술원에서 교육받은 대표적 신진 화가인 이상범에 의해 1920년경 제작되어 경훈각에 부착된 벽화로 장승업 이후 안중식이 이룬 반복적 형태의 산수화의 전통을 잘 보여주고 있으며 형상의 표현과 기술묘사에 충실하여 화려한 구성을 담고 있다 궁중 벽화로는 다른 5점과 더불어 유일하게 현존하고 있으며 단순한 장식이 아닌 전각의 기능과 연계되어 추락한 왕실의 안녕 및 권위의 회복 왕실의 역량을 재확인하는 길상적 상징적 의미를 갖고 있어 역사적 예술적 가치가 있다 소재지상세: 서울특별시 종로구 효자로 12 (세종로 국립고궁박물관)', 'score': 0.5947718639945959}, {'text_segment': '국가유산명_국문: 창덕궁 경훈각 조일선관도 국가유산명_한자: 昌德宮 景薰閣 朝日仙觀圖 국가유산종목: 국가등록문화유산 시도명: 서울 시군구명: 종로구 시대: 1920년경 내용: 왕실이 후원한 미술교육기관인 서화미술원에서 교육받은 대표적 신진 화가인 노수현에 의해 1920년경 제작되어 경훈각에 부착된 벽화로 장승업 이후 안중식이 이룬 반복적 형태의 산수화의 전통을 잘 보여주고 있으며 형상의 표현과 기술묘사에 충실하여 화려한 구성을 담고 있다 궁중 벽화로는 다른 5점과 더불어 유일하게 현존하고 있으며 단순한 장식이 아닌 전각의 기능과 연계되어 추락한 왕실의 안녕 및 권위의 회복 왕실의 역량을 재확인하는 길상적 상징적 의미를 갖고 있어 역사적 예술적 가치가 있다 소재지상세: 서울특별시 종로구 효자로 12 (세종로 국립고궁박물관)', 'score': 0.5931532139413032}, {'text_segment': '국가유산명_국문: 창덕궁 대조전 백학도 국가유산명_한자: 昌德宮 大造殿 白鶴圖 국가유산종목: 국가등록문화유산 시도명: 서울 시군구명: 종로구 시대: 1920년경 내용: 왕실이 후원한 미술교육기관인 서화미술원에서 교육받은 대표적 신진 화가인 김은호에 의해 1920년경 제작되어 대조전에 부착된 벽화로 채색 화조화의 전통을 계승하고 있으며 형상의 표현과 기술묘사에 충실하여 화려한 구성을 담고 있다 궁중 벽화로는 다른 5점과 더불어 유일하게 현존하고 있으며 단순한 장식이 아닌 전각의 기능과 연계되어 추락한 왕실의 안녕 및 권위의 회복 왕실의 역량을 재확인하는 길상적 상징적 의미를 갖고 있어 역사적 예술적 가치가 있다 다만 제작자인 김은호는 「일제강점하 반민족행위 진상규명에 관한 특별법」에 따른 친일반민족행위진상규명 보고서에 포함된 인물이다 소재지상세: 서울특별시 종로구 효자로 12 (세종로 국립고궁박물관)', 'score': 0.5874803515685357}]",천마총
발해를 건국한 사람은 누구인가요?,"[{'text_segment': '국가유산명_국문: 발해태조건국지·명림답부전 국가유산명_한자: 渤海太祖建國誌·明臨答夫傳 국가유산종목: 국가등록문화유산 시도명: 서울 시군구명: 서대문구 시대: NaN 내용: 『발해태조건국지』는 1925년 대한민국임시정부의 대통령을 맡기도 한 박은식(朴殷植 1859~1925)이 1911년에 서간도 환인현(桓仁縣) 홍도천에 있던 윤세복(尹世復)의 집에서 저술한 저작의 하나이다 그의 자는 성칠(聖七) 호는 백암(白庵) 겸곡(謙谷) 태백광노(太白狂奴) 무치생(無恥生)이고 이명(異名)은 인식(仁植) 기정(箕貞) 등이다 내용은 목차(서론 발해 이전의 고구려 말운 태조의 가계와 인격 고구려 유민의 생기 영웅의 은둔 활동시기 천문령의 대승첩 태조의 건국 발해의 강역 발해의 종교와 풍속 발해의 문학 태조의 외교 태조의 후손 결론)에서 보듯이 고구려 멸망 이후 대조영이 그 유민을 이끌고 발해를 건국한 과정과 영토 문물 종교 풍속 문학 외교 후손 등을 다루고 있다 합철된 『명림답부전』은 서론 끝의 “大皇祖降世四千三百六十八年(1911)九月日著者 識”와 같이 『발해태조건국지』보다 한 달 앞선 1911년 9월에 완성되었다 박은식이 상무적인 고구려의 많은 인물 중에서도 대표적인 애국충신으로 명림답부(67~179)를 선정하여 조국독립을 위하여 혈투하는 모습을 통하여 한국민의 애국심을 함양시키고자 저술한 전기이다 명림답부는 고구려 7대 차대왕을 제거하고 차대왕의 아우 백고를 신대왕으로 모신 인물이다 그는 고구려 최초의 국상이었고 뛰어난 지략으로 한나라 대군을 물리친 명장이기도 했다 박은식이 1911년 한국역사를 만주 중심으로 이해하면서 저술한 「발해태조건국지」와 「명림답부전」의 합철본인 「발해태조건국지‧명림답부전」은 일제강점기 민족주의 사가들의 고구려‧발해 인식을 가장 명료하게 보여주는 대표적 저술로 한국근대사학사와 한국독립운동사 분야에서 중요한 문헌이다 소재지상세: 서울특별시 서대문구 연세로 50 (신촌동 연세대학교) 박물관', 'score': 0.8929965496063232}, {'text_segment': '국가유산명_국문: 대한민국임시정부 건국강령 초안 국가유산명_한자: NaN 국가유산종목: 국가등록문화유산 시도명: 경기 시군구명: 고양시 시대: NaN 내용: 독립운동가이자 정치가인 조소앙(본명 조용은 1887～1958)이 ‘삼균주의(三均主義)’에 입각하여\r\n독립운동과 건국의 방침 등을 정리한 국한문혼용의 친필문서이다 조소앙은 임정(臨政)의 대표\r\n적 이론가이자 사상가로 임시정부 수립에 중심적 역할을 수행하고 광복 직후까지 주요한 지도\r\n자로 활동하였다 조소앙이 기초한 건국강령은 1941년 11월 28일 임시정부 국무회의에서 약간\r\n의 수정을 거쳐 원안대로 통과되었으며 1948년 제헌헌법의 기본적 바탕이 되었다 이 문서는\r\n대한민국임시정부가 광복 후 어떠한 국가를 세우려했는지를 밝혀주는 중요한 자료로 그가 고\r\n심하여 수정한 흔적 등이 그대로 남아있어 더욱 가치가 높다 조소앙은 광복 후 국회의원 등으\r\n로 활약하다 625전쟁 중 납북되었으며 1989년 ‘건국훈장 대한민국장’이 추서되었다 소재지상세: 경기도 고양시', 'score': 0.6173597953471344}, {'text_segment': '국가유산명_국문: 서울 건국대학교 구 서북학회회관 국가유산명_한자: 서울 建國大學校 舊 西北學會會館 국가유산종목: 국가등록문화유산 시도명: 서울 시군구명: 광진구 시대: 1907 내용: ㅇ르네상스양식의 민족애국단체 회관으로 건립 건국대학교 교정안 해체복원(1985년)\r\nㅇ 건립당시에는 민족애국단체인 “서북학회”의 회관으로 종로구 낙원동에 세워졌던 건물이다 일제강점기에는 오성학교 보성전문학교 협성실업학교 등 민족계 학교의 교사로 사용되다가 1941년 건국대학교 설립자 유석창박사가 인수하였다 광복 후에는 이 건물에서 각종 정치단체와 교육기관들이 창설되기도 하였으며 1946년에 건국대학교의 모체인 조선정치학관이 창립되었다 그 후 건국대학교 법인 사무실 등으로 사용되었다 1977년 도시계획으로 철거해체되어 주요 자재를 현 건국대학교 캠퍼스(모진동)에 야적/보관하고 있다가 1985년 복원하여 학교건립자의 기념관 겸 박물관으로 사용하고 있다 \r\nㅇ 건립 때의 사진과 철거 전의 사진을 비교하면 건립 때부터 1977년 해체 때까지 적어도 지붕부분에 수리가 있었을 것으로 추측된다 그리고 현재 위치에 복원한 건물은 1977년 때의 모습을 기준으로 하였다 소재지상세: 서울 광진구 아차산로 263 (화양동)', 'score': 0.5965984033213609}, {'text_segment': '국가유산명_국문: 창녕 성사제 신도비 국가유산명_한자: 昌寧 成思齊 神道碑 국가유산종목: 문화유산자료 시도명: 경남 시군구명: 창녕군 시대: NaN 내용: 신도비란 임금이나 고관 등의 평생업적을 기록하여 그의 묘 앞에 세워두는 것으로 이 비는 고려말의 충신인 성사제 선생의 충절을 기리기 위해 세운 것인데 낮은 담장이 둘러진 비각 안에 자리하고 있다 성사제는 공양왕 때 보문각 직제학의 벼슬을 지내었으며 이성계가 조선을 건국하자 이를 한탄하며 끝까지 벼슬에 나아가지 않았다 특히 두문동 72현의 한 사람으로 유명한데 원래 두문동은 경기도 광덕산 서쪽의 골짜기를 이르는 지역이나 고려말 72명의 신하들이 조선 건국에 반대하여 벼슬을 거부하고 숨어지내던 곳으로 더 유명하다 비는 낮은 사각받침돌 위로 비몸을 세우고 지붕돌을 얹은 모습으로 후손들이 그의 충절에 보답하기 위해 세워놓은 것이라 한다 ※ 2003년 9월 18일 경상남도 문화유산자료 고려충신 성씨비에서 고려충신 성사제 신도비로 명칭변경됨 소재지상세: 경남 창녕군 대지면 석리 729-5번지', 'score': 0.5436513538440385}, {'text_segment': '국가유산명_국문: 서울 여운형 묘소 국가유산명_한자: 서울 呂運亨 墓所 국가유산종목: 국가등록문화유산 시도명: 서울 시군구명: 강북구 시대: 1947년 내용: 여운형선생은 일제강점기 중국 상해의 대한민국 임시정부 국내에서 조선중앙일보와 조선건국 동맹 등을 결성하여 항일독립운동과 자주독립국가 건설을 위해 노력한 독립운동가이자 언론인으로 활동한 독립운동의 공적을 인정받아 대한민국장을 수여받은 인물로 이 곳은 선생의 애국정신을 기릴 수 있는 역사적·교육적 가치가 큰 곳이다 소재지상세: 서울특별시 강북구 우이동 106-1', 'score': 0.53528864876993}]",대조영
금동미륵보살반가사유상은 어느 시대의 불교 예술을 대표하나요?,"[{'text_segment': '국가유산명_국문: 화관무 국가유산명_한자: NaN 국가유산종목: 이북5도 무형유산 시도명: 황해도 시군구명: 전역 시대: NaN 내용: 꽃은 오래전부터 종교의식에서 널리 쓰여왔으며 불교의 연꽃이나 도교에서 꽃은 생명의 창조와 재생의 의미로 여기졌으며 무속의례에서도 만신이 화관을 쓰고 신의 위엄을 나타낸다 화관무에서 쓰는 화관(花冠)은 꽃으로 장식된 모자로 이와같은 모자는 통일신라시대 때부터 궁중에서 사용되었으며 고려시대에는 귀족과 양반계급의 부녀자들이 예복과 함께 꽃관을 썼다 그 후 조선 영·정조때에 지나친 사치를 막기위해 화관이나 족두리를 쓰게 하였으나 그 장식은 갖은 보석을 장식하여 매우 화려하였다고 전해지며 오늘날의 화관무는 전문적인 무용가에 의해 행위예술로 승화되어졌다 황해도(민천식류) 화관무는 정중동(靜中動)과 동중정(動中)靜) 속에서 이루어지는 억제와 절제의 규제 속에서 기교와 재간을 극대화하고 가벼움과 무거움 섬세함과 우람함 그리고 정교함과 장중함을 표출하며 도드리와 삼현장단(허튼 타령장단)으로 연주되는 서도 시나위곡에 의해서 추어지고 있으며 해서 지방의 독특한 한삼뿌림 등의 춤사위를 구사함으로써 해서 지방의 춤 맛을 그대로 간직하고 있다 소재지상세: 황해도', 'score': 0.6128738259000573}, {'text_segment': '국가유산명_국문: 김백봉 부채춤 국가유산명_한자: NaN 국가유산종목: 이북5도 무형유산 시도명: 평안남도 시군구명: 전역 시대: NaN 내용: &lt;김백봉 부채춤&gt;은 평안남도의 역사와 문화를 기반으로 한국 전통춤의 근 현대 과정 속에서 성장하고 꽃피운 우리나라의 대표적인 춤이다 & lt;김백봉 부채춤&gt;의 형태적 특징은 중후함 유연함 탄력성을 들 수 있으며 부드러운 곡선과 음양의 조화로 이루어지는 다양한 춤사위 그리고 한국적 정서가 깊게 묻어나는 부채춤만의 독특한 예술미학적 기법 등이 그 춤의 철학으로 삼고 있다 굿거리와 자진모리장단으로 이루어진 반주음악은 흥겹고 경쾌한 리듬이 약동적인 춤사위로 창출되며 八字형과 之字형으로 태극선과 포물선상의 곡선을 만들어가는 부채사위의 기본적 구조는 자연의 이치를 근본으로 삼아 묘사된다 소재지상세: 평안남도', 'score': 0.6084777246784435}, {'text_segment': '국가유산명_국문: 군산 구 조선운송주식회사 사택 국가유산명_한자: NaN 국가유산종목: 국가등록문화유산 시도명: 전북 시군구명: 군산시 시대: 미상 내용: 개인 주택으로 지어진 건축물이지만 이후 유통업 관련 회사에 매입되어 활용되면서 우리나라 물류 유통업의 대표 기업과 관련된 역사를 갖고 있는 중규모의 주택 건축물로서 세부적인 표현 기법이 잘 남아있다 소재지상세: 전라북도 군산시 구영신창길 73 (금동)', 'score': 0.5906902724014922}, {'text_segment': '국가유산명_국문: 황해도 배뱅이굿 국가유산명_한자: NaN 국가유산종목: 이북5도 무형유산 시도명: 황해도 시군구명: 전역 시대: NaN 내용: 문창규 - 양소운으로 전승된 황해도 배벵이굿으로 배뱅이굿 전편(前篇)이 상세하게 구성되어 있고 육자배기토리 산염불 등 풍부한 서도소리를 포함하여 고유성과 예술성을 갖추고 있다 소재지상세: 황해도', 'score': 0.5866825389498764}, {'text_segment': '국가유산명_국문: 서도선소리산타령‘놀량사거리’ 국가유산명_한자: NaN 국가유산종목: 이북5도 무형유산 시도명: 황해도 시군구명: 전역 시대: NaN 내용: 선소리산타량은『선소리』『산타령』『놀량』등 여러가지 이름 으로 불려 왔으며 서울‧경기를 중심으로 전승된 경기선소리산타령과 황해도를 중심으로 발달된 서도선소리산타령으로 나뉘며 17C 무렵에 원형이 성립된 것으로 보이는 황해도지역의 대표적인 향토문화이다 특히 놀량은 노래와 발림 춤으로 구성된 판에서 연행되는 마당소리 한바탕으로 고도의 음악성과 대중예술성을 지녔으며 두 옥타브의 넓은 음역을 가지고 있고 소리가 박진감이 넘치고 씩씩한 멋을 풍기며 흥을 돋구는 남성적인 음악이다 소재지상세: 황해도', 'score': 0.5824023751159142}]",삼국시대
화랑도는 어떤 집단이었나요?,"[{'text_segment': '국가유산명_국문: 상서장 국가유산명_한자: 上書莊 국가유산종목: 시도기념물 시도명: 경북 시군구명: 경주시 시대: NaN 내용: 최치원이 임금에게 글을 올리던 장소이다 최치원은 통일신라 후기의 학자로 12세 되던 경문왕 8년(868)에 당나라로 유학하여 18세에 과거급제 한 후 벼슬길에 올랐다 헌강왕 11년(885)에 귀국하여 진성여왕에게 시무10조(時務十條)를 올리는 등 어지러운 국정을 바로잡기 위해 노력하였으며 노년에는 가야산 지리산 등 명산에 은둔하며 지내다가 가야산 해인사에서 생을 마쳤다 뛰어난 문장가이기도 한 그는 많은 저서와 비문을 남겼는데 특히 난랑비서문(鸞郞碑序文)은 신라화랑도를 설명해 주는 귀중한 자료가 되고 있다 이곳에는 영정각 상서장 추모문 등이 건립되어 있고 조선 고종 때 건립된 비가 남아 있다 지금은 최치원의 초상화를 모셔놓고 제사를 지내고 있다 소재지상세: 경북 경주시 서라벌대로 105-12 외 임야 11필 (인왕동)', 'score': 0.7529768943786621}, {'text_segment': '국가유산명_국문: 금곡사지원광법사부도탑 국가유산명_한자: 金谷寺址圓光法師浮屠塔 국가유산종목: 문화유산자료 시도명: 경북 시군구명: 경주시 시대: NaN 내용: 부도는 승려의 무덤을 상징하여 그 유골이나 사리를 모셔둔다 금곡사터에 자리하고 있는 이 부도는 신라 진평왕 때의 승려인 원광법사의 사리를 모시고 있다 원광법사(∼630)는 화랑도의 생활신조인 세속오계를 제정한 인물로 불교사상 뿐만 아니라 문장에도 능하여『걸사표』를 지어 중국 수나라에 보내기도 하였다 진평왕 52년(630) 황룡사에서 돌아가시어 명활산에서 장사를 지낸 후 이곳에 그의 사리탑을 세웠다 부도는 부서진 채 일부만 남아있던 것을 최근에 새로이 복원한 것으로 3층 석탑의 형식을 하고 있다 널다란 바닥돌 위로 높직한 1층 기단(基壇)을 두고 3층의 탑신(塔身)을 올려 놓았는데 그 중 바닥돌과 탑신의 1층 몸돌 및 3층 지붕돌만이 원래의 것이다 탑신의 1층 몸돌은 네 면마다 문모양의 무늬를 두고 그 안을 살짝 파내어 불상을 도드라지게 새겨 두었다 지붕돌은 밑면에 4단씩의 받침을 두었으며 윗면에는 느린 경사가 흐른다 꼭대기에는 머리장식을 받치던 네모난 받침돌만 남아있다 신라가 통일하기 이전에 세운 것으로 일반 석탑의 형식을 하고 있는 독특한 모습의 부도이다 소재지상세: 경북 경주시 안강읍 두류리 9-1번지', 'score': 0.7128722217353074}, {'text_segment': '국가유산명_국문: 구 영주역 5호 관사 국가유산명_한자: NaN 국가유산종목: 국가등록문화유산 시도명: 경북 시군구명: 영주시 시대: NaN 내용: 일제강점기 당시 영주역 관사로 건립된 2호 연립주택으로 목조 일식관사주택의 전형을 보여주는 건축물 중 하나로 내부공간구성 외관형태 구조 및 재료의 보존상태도 양호하다 1942년 중앙선이 개통되고 영주역이 중간역으로서 역할한 것이 영주시가 근대도시로 발전할 수 있는 계기가 되었으며 철도집단관사로 조성된 ‘관사골’이 지니고 있는 도시생활사적 보존과 활용 가치가 있다 소재지상세: 경상북도 영주시 두서길 57 (영주동)', 'score': 0.6745196579362217}, {'text_segment': '국가유산명_국문: 구 영주역 7호 관사 국가유산명_한자: NaN 국가유산종목: 국가등록문화유산 시도명: 경북 시군구명: 영주시 시대: 근현대 내용: 구 영주역 5호 관사와 함께 일제강점기 당시 영주역 관사로 건립된 2호 연립주택으로 목조 일식관사주택의 전형을 보여주는 건축물 중 하나로 내부공간구성 외관형태 구조 및 재료의 보존상태도 양호하다 1942년 중앙선이 개통되고 영주역이 중간역으로서 역할한 것이 영주시가 근대도시로 발전할 수 있는 계기가 되었으며 철도집단관사로 조성된 ‘관사골’이 지니고 있는 도시생활사적 보존과 활용 가치가 있다 소재지상세: 경상북도 영주시 두서길 63 (영주동)', 'score': 0.6696315824395083}, {'text_segment': '국가유산명_국문: 춘천만천리백로및왜가리번식지 국가유산명_한자: 春川萬泉里白鷺및왜가리繁殖地 국가유산종목: 시도자연유산 시도명: 강원 시군구명: 춘천시 시대: NaN 내용: 백로는 열대에서 온대에 이르는 전 세계에 널리 분포하며 우리나라에서는 백두산 지역을 제외한 전 지역에서 번식한다 하천·호수·간석지 등에서 볼 수 있으며 이른봄부터 늦가을까지 우리나라에서 번식하는데 주로 소나무·은행나무에서 집단번식 한다 왜가리는 우리나라의 백로과 새 중에서 가장 큰 새로 우리나라의 전 지역에 걸쳐 번식하는 여름새이다 번식은 대개 집단을 이루어 백로와 함께 하지만 왜가리만의 번식지도 드물지 않다 춘천 만천리 백로 및 왜가리 번식지는 동면 만천리 ‘박씨 묘’라 불리는 박봉재 묘역 주변의 울창한 소나무숲에 위치한다 1910년대 부터 적은 수의 백로와 왜가리들이 날아들기 시작하여 1960년대 이후 춘천 주변에 의암호 춘천호 소양호 등의 인공호수가 생겨나면서 그 수가 급격히 늘어나고 있다 매년 3월 중순부터 간간히 날아들기 시작하여 5월 중순경이면 약 2500여 마리가 큰 무리를 이루어 푸른 숲에 흰 눈이 내린듯한 장관을 연출한다 백로와 왜가리는 이곳에서 가을까지 지내며 새끼를 키운 뒤 10월이 되면 다시 남쪽으로 이동한다 춘천 만천리의 백로 및 왜가리 번식지는 환경오염으로 인해 그 수가 줄어들어 희귀종이 된 백로와 왜가리가 번식하는 곳으로 기념물로 지정하여 보호하고 있다 소재지상세: 강원 춘천시 동면 만천리 416-1번지', 'score': 0.6668944951589448}]",신라의 청년 무사 집단
고려 태조 왕건이 근거지로 삼았던 지역은 어디인가요?,"[{'text_segment': '국가유산명_국문: 율리사 국가유산명_한자: 栗里祠 국가유산종목: 문화유산자료 시도명: 충남 시군구명: 서천군 시대: NaN 내용: 고려시대의 장군 신숭겸을 중심으로 평산 신씨 7인의 위패를 모신 사당으로 원래는 문중사당으로 세덕사라 불리웠다 신숭겸(？∼927)은 몸집이 크고 무예가 뛰어났으며 왕건을 도와 고려를 건국하는데 큰 공을 세웠다 고려 태조 10년(927) 대구 공산전투에서 후백제 견훤에게 포위당해 태조 왕건이 위급해지자 대신 왕건의 옷을 입고 싸워 전사한 인물이기도 하다 처음에는 조선 철종 1년(1850)에 세덕사를 지어 모셨고 흥선대원군의 서원철폐령으로 철거되었다가 1918년에는 율리사로 바꿔 다시 지었다 율리사는 앞면 3칸·옆면 1칸 건물이며 지붕은 옆면에서 볼 때 사람 인(人)자 모양을 한 맞배지붕이다 안에는 신숭겸 등 7인의 위패와 신숭겸 영정을 모시고 있다 그 외에 내삼문 강당 율리세덕사유허비 등이 남아 있다 소재지상세: 충남 서천군 비인면 율리 193번지', 'score': 0.8467296063899994}, {'text_segment': '국가유산명_국문: 삼중대광사도광리군 목상 국가유산명_한자: 三重大匡司徒廣理君 木像 국가유산종목: 문화유산자료 시도명: 경남 시군구명: 밀양시 시대: NaN 내용: 고려 태조 왕건을 도와 후백제를 평정하는데 공을 세운 밀양손씨의 입향조이자 중시조인 손긍훈(孫兢薰)의 목상이다 손긍훈은 고려 건국공신으로 태조 왕건을 도와 후백제 견훤의 아들인 신검을 황산전투에서 사조잡은 공로로 좌명공신에 선정되고 광리군에 봉해졌으며 그가 죽은 후에 삼중대광사도에 추증되었다 1894년 갑오경정 이후 관향이 폐지되자 후손들이 춘복재의 현충사로 이봉하여 모셨으며 현재는 밀양시립박물관에 보관 중이다 목상은 붉은 관복을 입고 오른손에 긴 칼을 들고서 의자에 앉은 무인의 모습을 나무로 깎아 만들었는데 매서운 눈과 큰 키로 보아 힘찬 호령을 하는 듯한 표정을 하고 있다 이 상(像)은 원래 소상(塑像)이었다고 하나 목상으로 바뀐 시기는 구체적으로 알 수 없다 소재지상세: 경상남도 밀양시 밀양대공원로 100 (교동 밀양시립박물관독립운동기념관)', 'score': 0.7769848078385091}, {'text_segment': '국가유산명_국문: 나주완사천 국가유산명_한자: 羅州浣紗泉 국가유산종목: 시도기념물 시도명: 전남 시군구명: 나주시 시대: NaN 내용: 나주시청 앞쪽의 300여m 국도변에 있는 샘물이다 고려 태조 왕건과 장화왕후 오씨부인이 인연을 맺은 장소로 이 샘을 빨래샘 즉 ‘완사천(浣紗泉)’이라 부르고 있다 전하는 말에 의하면 왕건이 고려를 건국하기 전 나주에 10년간 머무르게 되었는데 어느날 진 위쪽 산 아래에 다섯가지 색의 상서로운 구름이 있어 가보니 샘에서 아리따운 여인이 빨래를 하고 있었다 왕건이 물 한그릇을 청하자 여인이 버들잎을 띄워 주었는데 급히 물을 마시지 않게 하기 위함이었다 한다 왕건은 여인의 총명함과 미모에 끌려 그녀를 아내로 맞이하였는데 그 분이 장화왕후 오씨부인이고 그 분의 몸에서 태어난 아들 무(武)가 제 2대 왕 혜종이 되었다 1986년에 새로 정비하였고 그 뒤 현재의 모습으로 남아있다 소재지상세: 전남 나주시 송월동 1096-7번지', 'score': 0.7762144806889921}, {'text_segment': '국가유산명_국문: 독암서당 국가유산명_한자: 獨岩書堂 국가유산종목: 문화유산자료 시도명: 대구 시군구명: 동구 시대: NaN 내용: 이 지역에 사는 경주 최씨 문중에서 세운 서당으로 조선 고종 2년(1865)에 세웠다 원래는 현재의 위치가 아니었으나 1973년 도로공사로 인해 지금 있는 자리로 옮겼다 서당의 이름을 독암이라 한 것은 서당 서쪽에 고려 태조 왕건이 공산싸움에서 견훤에게 패하자 혼자 피신해 앉아 있었다는 독좌암이 있어 거기에서 따온 것이라 한다 건물은 옆면에서 볼 때 사람 인(人)자 모양인 맞배지붕이다 문중에서 세웠으나 문중 자손들은 물론 인근 지역의 자제들까지 교육하여 이곳에서 유능한 학자를 많이 배출하였다 소재지상세: 대구 동구 팔공로68길 36 (봉무동)', 'score': 0.7429185001889903}, {'text_segment': '국가유산명_국문: 밀양 경덕단 국가유산명_한자: 密陽 景德壇 국가유산종목: 문화유산자료 시도명: 경남 시군구명: 밀양시 시대: NaN 내용: 경덕단은 신라 제55대 왕이었던 경명왕의 팔대군중 장자로서 왕통을 불사하고 밀성군에 책봉된 밀성대군 박언침과 신라말 태조 왕건을 도와 고려를 건국하는데 크게 공훈을 세운 삼중대광삼한벽공도대장군 박욱 그리고 고려 개국공신 요동독포사 박란 등 삼세의 묘소가 세대가 요원하여 무전함으로 후손 시독 박해철이 1927년에 후손들의 종의를 모아 건립한 단비이다 소재지상세: 경남 밀양시 무안면 무안리 854번지', 'score': 0.7336052512782874}]",송악산
부여에 남아 있는 대표적인 탑은 무엇인가요?,"[{'text_segment': '국가유산명_국문: 동사리석탑 국가유산명_한자: 東寺里石塔 국가유산종목: 문화유산자료 시도명: 충남 시군구명: 부여군 시대: NaN 내용: 국립부여박물관에 자리하고 있는 탑으로 탑이 있었던 원래의 터에는 비석을 세워 그 자리를 밝혀두었다 형태는 전체의 무게를 지탱해주는 기단(基壇)을 2층으로 마련하고 그 위로 5층에 이르는 탑신(塔身)을 쌓아올렸다 아래층 기단의 네 면에는 면마다 3개씩의 안상(眼象)을 얕게 새겨 장식하였다 위층 기단은 윗면에 연꽃무늬를 두르고 네 모퉁이마다 돌출된 꽃조각을 두었다 탑신의 몸돌은 모서리마다 기둥모양을 조각하였는데 2층 몸돌부터는 심하게 높이가 줄어들어 1층의 부피와 큰 차이를 보이고 있다 지붕돌은 낙수면이 아래로 내려오면서 곡선을 이루고 있고 처마는 네 귀퉁이에서 부드럽게 위로 들려 있으며 밑면에 3단씩의 받침을 새겨놓았다 꼭대기에 놓인 머리장식은 훗날 새로 만들어 복원해 놓은 것이다 위로 올라갈수록 탑신의 몸돌 높이가 심하게 낮아지고 있어 전체적으로 길쭉하고 가느다란 인상을 준다 고려시대에 세운 탑으로 당시에 유행하던 석탑양식을 고스란히 간직하고 있다 소재지상세: 충청남도 부여군 금성로 5 (부여읍 국립부여박물관)', 'score': 0.7826848512960503}, {'text_segment': '국가유산명_국문: 부여 구 홍산저포조합 본점 국가유산명_한자: 扶餘 舊 鴻山紵布組合 本店 국가유산종목: 국가등록문화유산 시도명: 충남 시군구명: 부여군 시대: 일제강점기 내용: 1920년대 일제강점기에 건립하였으며 당시 저포(모시)의 집산지였던 홍산을 대표하는 2층 벽돌조 건물이다 외부마감 및 내부공간의 변형이 있었으나 내부 목조계단 2층 목조마루 및 지붕 목조트러스 등 원형이 비교적 잘 남아있어 일제강점기 사무소 건물의 형식을 볼 수 있다 홍산지역의 근대기 역사를 보여주는 건물로 가치가 있다 소재지상세: 충남 부여군 홍산면 동헌로 25 (남촌리)', 'score': 0.7671563800455681}, {'text_segment': '국가유산명_국문: 보성 도촌리 분청사기 요지 국가유산명_한자: 寶城 道村里 粉靑沙器 窯址 국가유산종목: 시도기념물 시도명: 전남 시군구명: 보성군 시대: NaN 내용: 보성 도촌리 분청사기 요지는 역사성과 학술성 예술성 공간성 등을 고루 갖추고 있는데 무엇보다 전라남도를 대표하는 기법인 덤벙 분장 기법을 유감없이 표현하고 있는 분청사기를 생산한 요지이다 발굴조사와 지표조사 결과 유적이 양호하게 남아 있고 출토 유물 역시 보성 덤벙 분청사기의 성격을 알 수 있는 도촌리 학동 분청사기 1호 요지와 도촌리 가장 분청사기 2호 요지를 지정관리중임 소재지상세: 전라남도 보성군 득량면 도촌리 66-1', 'score': 0.7567125841282971}, {'text_segment': '국가유산명_국문: 인제성당 국가유산명_한자: NaN 국가유산종목: 국가등록문화유산 시도명: 강원 시군구명: 인제군 시대: 미상 내용: 인제성당은 한국전쟁 당시 포격으로 상부구조가 파괴되어 기존에 남아 있던 건물의 콘크리트 기초를 그대로 이용하여 건축하였다 특히 본당과 사제관을 하나의 건축물로 축조한 방법은 동시대 기타 성당건축에서 볼 수 없는 독특한 형태로 인제성당만의 중요한 건축적 특징으로서 큰 의미를 부여할 수 있다 소재지상세: 강원도 인제군 인제로225번길 12 (인제읍 인제성당)', 'score': 0.7077373725355541}, {'text_segment': '국가유산명_국문: 칠곡 왜관성당 국가유산명_한자: NaN 국가유산종목: 국가등록문화유산 시도명: 경북 시군구명: 칠곡군 시대: 1960년대 내용: 독일인 신부 ‘알빈 슈미트(1904～1978)’가 설계한 성당으로 당시 대부분의 성당건축이 소위 양식주의 형태로 건립된 것과 달리 내·외부 공간을 보다 자유롭게 구성한 것 등은 건축사적으로 중요하다고 할 수 있으며 성당 건물과 함께 알빈 슈미트 신부가 직접 그린 설계도면이 지금도 남아 있다는 점에서 큰 의미를 부여할 수 있다 소재지상세: 경상북도 칠곡군 관문로 25 (왜관읍)', 'score': 0.7048235530030206}]",정림사지 5층 석탑
대왕암에 관련된 신라 문무왕의 전설은 무엇인가요?,"[{'text_segment': '국가유산명_국문: 경주 문무대왕릉 국가유산명_한자: 慶州 文武大王陵 국가유산종목: 사적 시도명: 경북 시군구명: 경주시 시대: 신라시대 내용: 신라 30대 문무왕(재위 661∼681)의 무덤이다 동해안에서 200m 떨어진 바다에 있는 수중릉으로 신라인들의 창의적인 생각을 엿볼 수 있는 곳이다 문무왕은 아버지인 태종 무열왕의 업적을 이어받아 고구려를 멸망시키고 당의 침략을 막아 삼국통일을 이루었다 또한 병부 창부 등 중앙관청을 창설하였고 지방통치를 위한 5소경제도와 9서당 10정의 군사제도의 기틀을 마련하는 등 국가 체제 완성의 기초를 제공하였다 대왕암은 자연 바위를 이용하여 만든 것으로 그 안은 동서남북으로 인공수로를 만들었다 바닷물은 동쪽에서 들어와 서쪽으로 나가게 만들어 항상 잔잔하게 하였다 수면 아래에는 길이 37m 폭 206m의 남북으로 길게 놓인 넓적한 거북모양의 돌이 덮혀 있는데 이 안에 문무왕의 유골이 매장되어 있을 것이라 추측된다 『삼국사기』에 의하면 왕이 죽으면서 불교식 장례에 따라 화장하고 동해에 묻으면 용이 되어 동해로 침입하는 왜구를 막겠다는 유언을 남겼다고 한다 그의 아들 신문왕은 동해 근처에 감은사를 세워 법당아래 동해를 향한 배수로를 만들어 용이 된 문무왕이 왕래할 수 있도록 설계하였다\r\n  \r\n& lt;br/&gt;&lt;b&gt;※(문무대왕릉 → 경주 문무대왕릉)으로 명칭변경 되었습니다(20110728 고시)& lt;/b&gt;\r\n&lt;br/&gt;&lt;b&gt;※대왕암은 해수면 위로 동서 35m 남북 36m 높이 53m정도 노출되어 있습니다& lt;/b&gt; 소재지상세: 경북 경주시 양북면 봉길리 앞 해중(대왕암)', 'score': 0.7318663001060486}, {'text_segment': '국가유산명_국문: 경주 감은사지 국가유산명_한자: 慶州 感恩寺址 국가유산종목: 사적 시도명: 경북 시군구명: 경주시 시대: 통일신라 신문왕 내용: 감은사는 동해안에 있는 통일신라시대의 사찰로 지금은 3층석탑 2기와 금당 및 강당 등 건물터만 남아있다 신라 문무왕은 삼국을 통일한 후 부처의 힘을 빌어 왜구의 침입을 막고자 이곳에 절을 세웠다 절이 다 지어지기 전에 왕이 죽자 그 뜻을 이어받아 아들인 신문왕이 682년에 완성하였다 문무왕은 “내가 죽으면 바다의 용이 되어 나라를 지키고자 하니 화장하여 동해에 장사지낼 것”을 유언하였는데 그 뜻을 받들어 장사한 곳이 절 부근의 대왕암이며 그 은혜에 감사한다는 뜻으로 절 이름을 감은사(感恩寺)라 하였다고 전한다 발굴조사를 통하여 강당·금당·중문이 일직선상에 배치되어 있고 금당 앞에는 동·서쪽에 두 탑을 대칭적으로 세웠음을 밝혔다 이 건물들은 모두 회랑으로 둘러져 있는데 이러한 배치는 통일신라의 전형적인 것이라 할 수 있다 금당의 지하에는 배수시설이 있는데 전설에 의하면 죽은 문무왕이 바다용이 되어 이 시설을 통해 왕래하였다고 전해진다 금당 앞의 탑 2기는 우리나라의 석탑 가운데 가장 큰 것으로 석탑의 모범이 되고 있다 감은사는 황룡사 사천왕사와 함께 나라를 보호하는 호국사찰로 알려져 있으며 언제 절이 무너졌는지는 밝혀지지 않고 있다 소재지상세: 경상북도 경주시 문무대왕면 용당리 55-1', 'score': 0.695731034830505}, {'text_segment': '국가유산명_국문: 경주 이견대 국가유산명_한자: 慶州 利見臺 국가유산종목: 사적 시도명: 경북 시군구명: 경주시 시대: 통일신라 신문왕 내용: 삼국통일을 이룬 신라 제30대 문무왕의 수중릉인 대왕암이 가장 잘 보이는 곳에 위치한 건물이다 죽어서도 용이 되어 나라를 지키겠다는 문무왕의 호국정신을 받들어 31대 왕인 신문왕이 681년에 세웠다 신문왕은 해변에 감은사라는 절을 짓고 용이 된 아버지가 절에 들어와서 돌아다닐 수 있도록 법당 밑에 동해를 향하여 구멍을 하나 뚫어 두었다 그 뒤에 용이 나타난 곳을 이견대라고 하였다는 기록이 있다 또 이견대에서 신문왕이 용으로부터 세상을 구하고 평화롭게 할 수 있는 옥대와 만파식적이라는 피리를 하나 받았다고도 한다 이견대라는 이름은 신문왕이 바다에 나타난 용을 보고 나라에 크게 이익이 있었다는 뜻을 포함한 말인데 『주역』의 ‘비룡재천 이견대인(飛龍在天 利見大人)’이란 문구에서 따온 것이다 발굴조사 때 건물이 있던 자리가 발견됨으로써 신라의 건축양식을 추정하여 오늘날 새롭게 다시 지었다 <br/><b>※(이견대 → 경주 이견대)으로 명칭변경 되었습니다(20110728 고시) </b> 소재지상세: 경북 경주시 감포읍 대본리 661번지', 'score': 0.615694531217978}, {'text_segment': '국가유산명_국문: 연주대 국가유산명_한자: 戀主臺 국가유산종목: 시도자연유산 시도명: 경기 시군구명: 과천시 시대: NaN 내용: ‘연주대’는 관악산 정상에서 남쪽으로 조금 떨어진 곳에 크고 작은 바위가 우뚝 솟아 절벽을 이룬 봉우리에 축대를 쌓아 평평한 집터를 만든 곳이다 이름의 한자를 보면 ‘연(戀)’은 그리워 한다는 뜻이고 ‘주(主)’는 주군(主君) 즉 임금을 뜻하여 ‘임금을 그리워하는 곳’으로 풀이된다 연주대는 신라의 의상대사가 677년에 지은 작은 암자로 원래 ‘의상대’라 불렀다고 전한다 지금의 연주대라는 이름은 조선 시대에 붙인 것이다 이름과 관련된 전설로 가장 널리 알려진 것은 조선이 세워지고 수도가 개성에서 한양(지금의 서울)로 옮겨지면서 고려를 그리워한 사람들이 여기에 올라 옛 왕조와 충신들을 그리워했다는 이야기가 있다 또 다른 전설로는 조선이 세워지고 한양이 수도로 정해질 때 무학 대사(無學大師)의 권유로 태조 이성계가 직접 관악산 연주대에 올라 경치를 둘러보고 조선과 한양의 복을 빌기 위해 원각(圓覺) · 연주(戀主) 두 절을 지었고 이때부터 ‘연주대’라 불렸다는 이야기도 있다 연주대와 관련된 설화 중에는 세종의 형인 양녕 대군과 효령 대군의 이야기도 있다 태종이 셋째 왕자 충녕 대군(훗날 세종)을 세자로 정하려 하자 두 형은 궁을 나와 여러 곳을 유람하였는데 양녕 대군이 이곳에 올라 경치를 바라보며 시를 지었고 효령 대군은 스님이 되어 이곳에서 오랫동안 머물렀다는 이야기다 소재지상세: 경기 과천시 중앙동 산12-4번지', 'score': 0.6046899987848073}, {'text_segment': '국가유산명_국문: 인용사지 국가유산명_한자: 仁容寺址 국가유산종목: 문화유산자료 시도명: 경북 시군구명: 경주시 시대: NaN 내용: 반월성을 배경으로 남산을 바라보는 곳에 있는 절터이다 인용사는 신라의 장군이며 외교가였던 김인문이 중국 당나라 감옥에 갖혀 있을 때 그의 안녕을 빌기 위해 신라 사람들이 세운 절이라고 한다 김인문은 신라 제29대 태종무열왕의 둘째 아들로 당나라에서 22년간 생활하면서 많은 벼슬을 했다 무열왕 7년(660)에는 당나라 장수 소정방과 함께 백제를 멸망시켰고 문무왕 8년(668)에는 고구려를 통합하여 신라가 삼국을 통일하는데 크게 공헌하였다 현재 절터에 남아있는 석물들로 당시에 쌍탑식 가람배치였음을 짐작할 수 있는데 이는 통일신라시대의 전형적인 모습이라 할 수 있다 또한 신라시대에 승려나 왕이 아닌 개인을 위해 일반인들이 세운 절로서는 처음이라는데 그 의의가 크다 소재지상세: 경북 경주시 인왕동 344-6번지 외', 'score': 0.5618538768723665}]",문무왕이 해신이 되어 나라를 지킨다는 전설
세계 최대 규모의 고인돌 밀집 지역은 어디인가요?,"[{'text_segment': '국가유산명_국문: 완도고금도지석묘군 국가유산명_한자: 완도고금도지석묘군 국가유산종목: 시도기념물 시도명: 전남 시군구명: 완도군 시대: 청동기 시대 내용: - 지정현황  : 전라남도 기념물 제231호(2005년 1월 27일 지정)\r\n- 명     칭 : 완도 고금도 지석묘군 \r\n- 소 재 지 : 완도군 고금면 가교리 산 34-1 일원\r\n- 내    용 : 지석묘(고인돌)는 청동기를 대표하는 무덤 유적이다 고금도 지석묘군은 도서지방의 최대 밀집지이다 고금도 일대 지젓묘에서 마제석검과 칼돌·대패날 등이 수습된 것으로 보아 내륙 지역과의 활발한 문화교류가 있었음을 알 수 있다 고금도 지석묘군은 청동기시대 도서지역의 매장문화를 이해하는데 중요한 자료로 학술적 가치가 크다 소재지상세: 전라남도 완도군 고금면 가교리 산 34-1 청용리 산17 덕암리 산78', 'score': 0.8255576491355896}, {'text_segment': '국가유산명_국문: 영광성산리지석묘군 국가유산명_한자: 靈光城山里支石墓群 국가유산종목: 시도기념물 시도명: 전남 시군구명: 영광군 시대: NaN 내용: 지석묘는 청동기시대의 대표적인 무덤으로 고인돌이라고도 부르며 주로 경제력이 있거나 정치권력을 가진 지배층의 무덤으로 알려져 있다 우리나라의 고인돌은 4개의 받침돌을 세워 돌방을 만들고 그 위에 거대하고 평평한 덮개돌을 올려 놓은 탁자식과 땅속에 돌방을 만들고 작은 받침돌을 세운 뒤 그 위에 덮개돌을 올린 바둑판식으로 구분된다 전라남도 영광군 홍농읍 성산리에는 바둑판식 고인돌 45기가 밀집해서 분포하고 있다 낮은 구릉에 45기가 4열을 이루고 있는데 이곳 주민들은 장기바우라고 부르기도 한다 바둑판식 고인돌은 받침돌이 있는 것과 없는 것으로 나누기도 하는데 여기의 45기 중에서 받침돌을 고이고 있는 것은 17기이고 나머지는 땅에 밀착되어 있거나 묻혀 있다 고인돌의 규모는 2m 미만의 것이 12기 2m∼3m 사이의 것이 24기 3m 이상의 것이 5기이다 규모가 가장 큰 고인돌은 무리의 가운데 위치하고 있어서 중심역할을 하고 있는 것으로 보이는데 5개의 받침돌이 덮개돌 주위를 돌아가며 받치고 있다 이러한 형식은 고창과 영광 함평 장성 등 전라남도 서북부 지역에서만 보이는 특징이다 소재지상세: 전남 영광군 홍농읍 성산리 산103-2번지', 'score': 0.818715373490496}, {'text_segment': '국가유산명_국문: 고흥도천리지석묘군 국가유산명_한자: 高興道川里支石墓群 국가유산종목: 문화유산자료 시도명: 전남 시군구명: 고흥군 시대: 선사시대 내용: 지석묘는 청동기시대의 대표적인 무덤으로 고인돌이라도 부르며 주로 경제력이 있거나 정치권력을 가진 지배층의 무덤으로 알려져 있다 우리나라 고인돌은 4개의 받침돌을 세워 돌방을 만들고 그 위에 거대하고 평평한 덮개돌을 올려 놓은 탁자식과 땅속에 돌방을 만들고 작은 받침돌을 세운 뒤 그 위에 덮개돌을 올린 바둑판식으로 구분된다 전라남도 고흥군 과역면 도척리 월악산 줄기자락의 나즈막한 구릉에 길을 사이에 두고 남북으로 고인돌이 밀집해 있다 북쪽에는 13기 중 현재 8기가 남아 있는데 이중 큰 것은 길이 28m 너비 235m이다 남쪽에는 37기의 고인돌이 무질서하게 배치되어 있으며 훼손된 것도 있다 전체적으로 능선을 따라 4열을 이루고 규모가 큰 것들이 열의 가운데에 있다 규모는 3m 이상의 것이 2기 2∼3m의 소형이 17기 나머지는 그 이하의 것들이다 이곳의 고인돌은 보존상태가 양호하고 주변에서 토기조각 등이 발견되고 있다 소재지상세: 전남 고흥군 과역면 도천리 산21번지 외', 'score': 0.811986851127708}, {'text_segment': '국가유산명_국문: 칠성당지석묘군 국가유산명_한자: 七星堂支石墓群 국가유산종목: 문화유산자료 시도명: 대전 시군구명: 유성구 시대: 청동기 내용: 지석묘는 청동기시대의 대표적인 무덤으로 고인돌이라고도 부르며 주로 경제력이 있거나 정치권력을 가진 지배층의 무덤으로 알려져 있다 우리나라의 고인돌은 4개의 받침돌을 세워 돌방을 만들고 그 위에 거대하고 평평한 덮개돌을 올려 놓은 탁자식과 땅속에 돌방을 만들고 작은 받침돌을 세운 뒤 그 위에 덮개돌을 올린 바둑판식으로 구분된다 대전 유성구 교촌동의 마을 뒷산에 있는 남방식 고인돌로 모두 7기가 밀집되어 있다 이 고인돌은 작은 것은 길이 1m 큰 것은 약 7m로 다양하며 일부는 받침돌이 지상에 노출되어 있다 옛날에 아기를 낳지 못한 한 여인이 북두칠성 모양을 한 7개의 바위들을 발견하고 백일 동안 하루도 빠지지 않고 아들 낳기를 빌어 얼마 후에 아들을 낳아 소원을 성취했다는 내용의 전설이 전해지고 있다 이때부터 사람들은 바위들이 대단한 영험을 지니고 있다고 믿게 되었고 칠성바위를 대상으로 제사를 지내며 마을의 무사태평과 안녕을 기원했다고 한다 이 고인돌군은 반경 2∼3㎞ 안에 있는 원내동과 대정동 일원의 고인돌들과 함께 대전 지역의 청동기시대 무덤 양식 및 생활 양상을 이해하는데 중요한 자료가 된다 소재지상세: 대전 유성구 교촌동 산7-1번지', 'score': 0.7671075419446283}, {'text_segment': '국가유산명_국문: 광양 산남리 남정 지석묘군 국가유산명_한자: 光陽 山南里 南井支石墓群 국가유산종목: 시도기념물 시도명: 전남 시군구명: 광양시 시대: 청동기시대 내용: 광양 산남리 남정지석묘군은 광양시에서 가장 많은 지석묘가 밀집되어 있는 최대 군집지역으로 기반식과 개석식이 혼재하면서 대형과 소형 등 다양한 크기의 상석이 혼재된 양상을 보이고 있으며 대체적으로 원형을 잘 유지하고 있다 소재지상세: 전라남도 광양시 옥룡면 용곡리 산 11-1', 'score': 0.7419187215842964}]",고창 고인돌 유적지
첨성대는 어떤 목적으로 만들어졌나요?,"[{'text_segment': '국가유산명_국문: 서울 관상감 관천대 국가유산명_한자: 서울 觀象監 觀天臺 국가유산종목: 사적 시도명: 서울 시군구명: 종로구 시대: 조선시대 초기 내용: 조선시대 기상대나 천문대인 관상감이 있던 자리에 설치한 것으로 흔히 소간의대(小簡儀臺)나 ‘별을 관측하는 대’ 라는 뜻에서 첨성대(瞻星臺)라고 불렀다 세종 16년(1434)에 설치된 서운관의 관측대로서 서운관은 천문 지리 측후 물시계와 관련된 일을 관장하는 곳이었다 서운관은 조선 세조 12년(1466)에 관상감 고종 31년(1894)에 관상소 1907년에 측후소로 바뀌어 현대식 시설을 갖추기 시작할 때까지 업무를 수행했던 곳이다 관천대는 다듬은 돌을 높이 42m 가로 28m 세로 25m 크기로 만들었고그 위에 직사각형의 돌로 난간을 둘러 놓았다 그리고 지금은 없어졌지만 원래는 대 위로 올라가는 돌계단이 있었다 경주에 있는 신라의 첨성대 개성 만월대의 고려 첨성대 서울 창경궁 내의 관천대와 더불어 우리나라 천문 관측역사의 발전을 연구하는데 귀중한 자료이다 <br/><b>※(관상감관천대 → 서울 관상감 관천대)으로 명칭변경 되었습니다 (20110728 고시) </b> 소재지상세: 서울 종로구 원서동 206-2번지', 'score': 0.7433976829051971}, {'text_segment': '국가유산명_국문: 서울 관상감 관천대 국가유산명_한자: 서울 觀象監 觀天臺 국가유산종목: 보물 시도명: 서울 시군구명: 종로구 시대: 조선시대 초기 내용: 조선시대 기상대나 천문대인 관상감이 있던 자리에 설치한 것으로 흔히 소간의대(小簡儀臺)나 ‘별을 관측하는 대’ 라는 뜻에서 첨성대(瞻星臺)라고 불렀다 세종 16년(1434)에 설치된 서운관의 관측대로서 서운관은 천문 지리 측후 물시계와 관련된 일을 관장하는 곳이었다 서운관은 조선 세조 12년(1466)에 관상감 고종 31년(1894)에 관상소 1907년에 측후소로 바뀌어 현대식 시설을 갖추기 시작할 때까지 업무를 수행했던 곳이다 관천대는 다듬은 돌을 높이 42m 가로 28m 세로 25m 크기로 만들었고그 위에 직사각형의 돌로 난간을 둘러 놓았다 그리고 지금은 없어졌지만 원래는 대 위로 올라가는 돌계단이 있었다 경주에 있는 신라의 첨성대 개성 만월대의 고려 첨성대 서울 창경궁 내의 관천대와 더불어 우리나라 천문 관측역사의 발전을 연구하는데 귀중한 자료이다 <br/><b>※(관상감관천대 → 서울 관상감 관천대)으로 명칭변경 되었습니다 (20110728 고시) </b> 소재지상세: 서울 종로구 원서동 206번지', 'score': 0.7307137846946716}, {'text_segment': '국가유산명_국문: 경주 동부 사적지대 국가유산명_한자: 慶州 東部 史蹟地帶 국가유산종목: 사적 시도명: 경북 시군구명: 경주시 시대: 삼국시대 내용: 신라의 여러 사적이 모여있는 곳을 보존하기 위해 하나의 단위로 정한 것이다 동서는 안압지부터 교동까지 남북은 월성남의 남천에서 고분공원 앞 첨성로가 있는 곳까지가 동부사적지대에 해당한다 월성 동궁과 월지 첨성대 계림 등이 각각 하나의 사적으로 지정 되어있으나 이들 유적 사이사이에도 무수히 많은 지하유적과 유물이 계속 출토되고 있다 따라서 신라 도성의 중심지역을 보존하기 위해서 사적지를 연결하여 확대 지정한 것이다 동궁과 월지 경주 월성 첨성대 계림 내물왕릉 등 외에도 수십기에 달하는 신라 무덤이 완전한 상태로 보존되어 있다 소재지상세: 경북 경주시 황남동 104-1번지', 'score': 0.6576855771872663}, {'text_segment': '국가유산명_국문: 김제 종신리 한·일 절충식 가옥 국가유산명_한자: 金堤 宗新里 韓·日 折衷式 家屋 국가유산종목: 국가등록문화유산 시도명: 전북 시군구명: 김제시 시대: 1936년경 내용: 1936년 무렵 건립\r\n이 건물은 일제 강점기 당시 쌀 수탈을 목적으로 이 지역에 만들어졌던 일본인 농장에 소속된 주택으로 전해지고 있다 전형적인 일식 목구조 기법에 지붕부에서 한식 기법이 일부 사용된 절충적인 형태로 일식 가옥이 국내에 도입되어 지역적 영향을 받아 변화된 모습을 보여주고 있다 소재지상세: 전북 김제시 죽산면 종남길 233 (종신리)', 'score': 0.6441627420293673}, {'text_segment': '국가유산명_국문: 만구대탁굿 국가유산명_한자: NaN 국가유산종목: 이북5도 무형유산 시도명: 황해도 시군구명: 전역 시대: NaN 내용: 만구대택굿은 옹진 해주 연백 재령 안악 등을 중심으로 황해도 전 지역에서 널리 행해져 온 큰 굿이다 이 굿은 만물이 생성하는 봄이나 햇곡식을 거두는 가을에 신령님을 대접하기 위해 치러지는 무속적 의례로서 신령의 영험력을 얻어 만 인간들의 구설수를 막고 크게는 국가의 안전과 발전을 도모하게 된다 만구대택굿은 종교 신앙 목적의 감사제 형태로 발전된 것이며 역사적 유래는 적어도 고대시대까지 거슬러 올라간다 고대사회에서 하느님께 감사의 뜻으로 베풀어졌던 부여의 영고(迎鼓) 고구려의 동맹 예(濊)의 무천 진한의 소도 등의 제천의식에서 그 뿌리를 찾을 수가 있다 이러한 무속 의례들은 주로 파종이 끝난 5월이나 추수를 끝낸 시월 상달을 맞이하여 행해져 왔으며 음주가무를 동반하여 신들을 즐겁게 할 뿐만 아니라 영적인 존재의 힘을 얻어 백성들의 무사태평과 국태민안을 추구하고자 하였던 것이다 소재지상세: 황해도', 'score': 0.6275908095874407}]",천문 관측
고구려의 수도였던 성곽은 무엇인가요?,"[{'text_segment': '국가유산명_국문: 연천신답리고분 국가유산명_한자: 漣川薪畓里古墳 국가유산종목: 시도기념물 시도명: 경기 시군구명: 연천군 시대: NaN 내용: ‘신답리 고분’은 연천 강내리 고분과 함께 경기 북부에 위치한 대표적인 고구려 고분이다 봉분 형태는 원형으로 보고되었지만 방대형(方臺形)\xa0일 가능성도 있다 두 고분은 오래 전에 도굴되어 사람이 드나들 정도의 구멍이 수직으로 뚫려 있었으며 주변에 고분이 더 있었다고 전해지지만 도로 공사와 경지 정리로 이미 멸실되었다 고분은 지상에 축조된 봉토석실분으로 네모꼴의 무덤방 오른편(1호분)과 중앙(2호분)에 무덤방으로 들어가는 길(羨道)이 설치되어 있다 석실의 벽석과 바닥석은 주로 판석을 사용하였으며 틈새는 자갈과 작은 돌을 채워 다졌다 특히 1호분에는 회반죽을 전면에 발라 마무리하였다 무덤방 천장은 1호분의 경우 삼각고임 방식의 모죽임으로 무덤방을 덮었다 무덤방과 봉토에서 2개체분의 토기편과 인골편이 흩어진 채로 출토되었는데 병 모양의 고구려 토기가 포함되어 있다 이 고분은 고구려가 한강 이남을 지배했던 5~6세기경에 조성된 것으로 추정된다 고분이 조성된 한탄강을 따라 전곡리토성 은대리성 등 고구려 성곽이 분포하고 있어 고구려의 남진과 관련된 중요한 자료로 평가된다 소재지상세: 연천군 전곡읍 신답리 17-42 17-43', 'score': 0.7471995397048508}, {'text_segment': '국가유산명_국문: 파주 덕진산성 국가유산명_한자: 坡州 德津山城 국가유산종목: 사적 시도명: 경기 시군구명: 파주시 시대: NaN 내용: 파주 덕진산성은 고구려가 남진 과정에서 임진강 변 해발 85m 산의 능선에 축조한 성으로 주변 넓은 지역이 조망되는 전략적 요충지에 자리하고 있다 인근 호로고루 당포성 은대리성 등과 함께 임진강 북안에 설치된 중요한 고구려 방어시설로서 고구려의 역사와 문화를 이해하는 데 있어 핵심적인 유적이다 이후 통일신라 시대에 보축·개축되고 조선 시대에도 임진왜란 이후 광해군 대에 외성을 덧붙여 쌓아 사용해왔던 성으로 삼국 시대부터 통일신라 시대 조선 시대에 이르는 여러 시기의 축성기술의 변화과정을 알 수 있어 역사적·학술적 가치가 높다 지난 2012년부터 총 5차에 걸쳐 발굴조사를 한 결과 내성 전체 구간(600m)에 걸쳐 고구려 성벽이 구축되었음을 확인하였다 고구려 성곽의 축성법은 흙을 다져서 토축부(土築部)를 먼저 조성한 후 앞면에는 석축을 쌓았는데 석축부를 쌓을 때는 할석(쪼갠 돌)이나 가공석 사이사이에 점토를 채워가면서 쌓는 방식을 특징으로 한다 파주 덕진산성은 7세기 말경 신라가 점령하여 기존 고구려 성곽을 견고한 석축성으로 새롭게 구축하였고 9세기에는 대대적인 수개축(修改築 보완 또는 고쳐쌓음)이 이루어졌다 7세기대에는 고구려 성벽의 토축부를 안쪽으로 사용하여 편마암 계통의 성돌을 장방형으로 가공 후 성벽을 조성하였고 9세기대에는 화강암을 가공한 성돌을 사용하여 덧붙여 쌓았다 조선 시대에는 17세기 광해군 대에 강기슭까지 외성을 덧붙여 쌓았는데 통일신라 성벽의 성돌과 함께 대형의 성돌을 사용하여 성벽으로 구축하고 성의 안쪽을 흙으로 조성하였다 소재지상세: 경기도 파주시 군내면 정자리 13', 'score': 0.7232207859899682}, {'text_segment': '국가유산명_국문: 고구려 평양성 석편 국가유산명_한자: 高句麗 平壤城 石片 국가유산종목: 보물 시도명: 서울 시군구명: 서대문구 시대: 고구려 평원왕 내용: 고구려 평양성 석편(高句麗 平壤城 石片)은 고구려의 평양성을 쌓을 당시 비교적 평평한 자연석 위에 글자를 새긴 것이다 평양성은 고구려의 도성으로 외성(外城) 중성(中城) 내성(內城) 북성(北城) 등 4성으로 나누어져 있다 성의 길이는 전체 15㎞로 성곽주변은 강으로 둘러싸여 평양시의 중심부를 이루고 주로 내성벽은 돌로 외성벽은 흙으로 축성되어 있다 성의 내부에는 당시 고구려의 도시구획터가 아직도 남아있다 이 성곽에서 현재까지 글자가 새겨진 4개의 성석(城石)이 발견되었는데 그 가운데 이화여자대학교 박물관에 소장되어 있는 이 성석편은 두 번째로 발견된 것이다 성석에 새겨진 글자 수는 모두 7행 27자로 그 내용은 ‘기유년 5월 21일 이곳으로부터 아래쪽 동쪽을 향하여 12리 구간을 물성소형 배 ■백두(物省小兄 俳 ■百頭)가 구축한다’라고 풀이되어지고 있다 이 성석의 현재 상태는 두 번째 행의 깨어져 나간 부분과 함께 전체 9조각으로 균열되어 있어 석고로 고정시켜 놓은 상태이다 소재지상세: 서울 서대문구 이화여대길 52 이화여자대학교박물관 (신촌동)', 'score': 0.7055853605270386}, {'text_segment': '국가유산명_국문: 평북농요 국가유산명_한자: NaN 국가유산종목: 이북5도 무형유산 시도명: 평안북도 시군구명: 전역 시대: NaN 내용: 평북에서 농사를 지으면서 부르던 소리로 고구려의 투박하면서도 씩씩한 기상과 화합정신 서로 돕는\r\n두레 정신을 계승하고 있다 소재지상세: 평안북도', 'score': 0.703443784514564}, {'text_segment': '국가유산명_국문: 발해태조건국지·명림답부전 국가유산명_한자: 渤海太祖建國誌·明臨答夫傳 국가유산종목: 국가등록문화유산 시도명: 서울 시군구명: 서대문구 시대: NaN 내용: 『발해태조건국지』는 1925년 대한민국임시정부의 대통령을 맡기도 한 박은식(朴殷植 1859~1925)이 1911년에 서간도 환인현(桓仁縣) 홍도천에 있던 윤세복(尹世復)의 집에서 저술한 저작의 하나이다 그의 자는 성칠(聖七) 호는 백암(白庵) 겸곡(謙谷) 태백광노(太白狂奴) 무치생(無恥生)이고 이명(異名)은 인식(仁植) 기정(箕貞) 등이다 내용은 목차(서론 발해 이전의 고구려 말운 태조의 가계와 인격 고구려 유민의 생기 영웅의 은둔 활동시기 천문령의 대승첩 태조의 건국 발해의 강역 발해의 종교와 풍속 발해의 문학 태조의 외교 태조의 후손 결론)에서 보듯이 고구려 멸망 이후 대조영이 그 유민을 이끌고 발해를 건국한 과정과 영토 문물 종교 풍속 문학 외교 후손 등을 다루고 있다 합철된 『명림답부전』은 서론 끝의 “大皇祖降世四千三百六十八年(1911)九月日著者 識”와 같이 『발해태조건국지』보다 한 달 앞선 1911년 9월에 완성되었다 박은식이 상무적인 고구려의 많은 인물 중에서도 대표적인 애국충신으로 명림답부(67~179)를 선정하여 조국독립을 위하여 혈투하는 모습을 통하여 한국민의 애국심을 함양시키고자 저술한 전기이다 명림답부는 고구려 7대 차대왕을 제거하고 차대왕의 아우 백고를 신대왕으로 모신 인물이다 그는 고구려 최초의 국상이었고 뛰어난 지략으로 한나라 대군을 물리친 명장이기도 했다 박은식이 1911년 한국역사를 만주 중심으로 이해하면서 저술한 「발해태조건국지」와 「명림답부전」의 합철본인 「발해태조건국지‧명림답부전」은 일제강점기 민족주의 사가들의 고구려‧발해 인식을 가장 명료하게 보여주는 대표적 저술로 한국근대사학사와 한국독립운동사 분야에서 중요한 문헌이다 소재지상세: 서울특별시 서대문구 연세로 50 (신촌동 연세대학교) 박물관', 'score': 0.6932615145344847}]",평양성
대동여지도를 만든 사람은 누구인가요?,"[{'text_segment': '국가유산명_국문: 채색필사본 대동여지도 국가유산명_한자: 彩色筆寫本 大東輿地圖 국가유산종목: 국가등록문화유산 시도명: 서울 시군구명: 마포구 시대: 19c말~20c초 추정 내용: 한국연구원 소장본 &lt;대동여지도&gt;는 신유본 &lt;대동여지도&gt;를 모사한 필사본이나 &lt;대동여지도&gt; 원본에 없는 우산도가 표시되어 있다 우산도 뿐만 아니라 북방 및 변방의 지리 정보(지명 주기 등)가 적지 않게 추가되어 있으며 당시 지식인의 영토 인식과 고민이 반영되어 있다 소재지상세: 서울특별시 마포구', 'score': 0.8675896842250695}, {'text_segment': '국가유산명_국문: 동여도(2008) 국가유산명_한자: 東輿圖(2008) 국가유산종목: 보물 시도명: 서울 시군구명: 관악구 시대: 19세기 내용: 19세기 중엽에 김정호가 제작한 것으로 추정되는 조선 전도(全圖)로 필사본이다 『대동여지도』와 유사하게 23층의 절첩식(絶帖式)으로 제작되었다 또 전체적인 한반도의 윤곽 산계(山界)와 수계(水界) 도로망 등 대부분의 내용이『대동여지도』와 일치하며 범례에 해당하는 「지도표(地圖標)」도『대동여지도』와 흡사하다 『동여도』는 필사본으로 목판본보다 세밀한 기록이 가능했기 때문에『대동여지도』에 비해 약 7천여 개의 지명이 더 수록되어 있다 특히『대동여지도』에서는 누락되어 있는 방(坊)과 면(面)의 지명이 상세히 수록되어 있다 지도 내용을 보면 각 첩마다 도로를 표시한 적색 실선의 두께가 다르고 도로를 표시한 적색과 산줄기를 표시한 녹색의 색감들도 첩별로 다르게 나타나는데 이는『동여도』의 필사과정에 여러 사람이 함께 참여했을 가능성을 보여준다 또 산계를 그린 회화적 솜씨나 글씨의 수준을 볼 때 관에서 지도 제작에 관여했을 가능성도 높다 소재지상세: 서울 관악구 관악로 1103동 서울대학교 규장각한국학연구원 (신림동서울대학교)', 'score': 0.7632662653923035}, {'text_segment': '국가유산명_국문: 대동여지도 국가유산명_한자: 大東輿地圖 국가유산종목: 시도유형문화유산 시도명: 서울 시군구명: 중구 시대: 조선 고종 원년(1864) 내용: 김정호가 남긴 3대 전국지도인 『청구도』·『동여도』·『대동여지도』 중의 하나이다 김정호는 『청구도』를 4차에 걸쳐 수정 보완하였고 『동여도』를 2차에 걸쳐 제작하였으며 『대동여지도』도 필사본과 목판본이 있는데 목판본은 신유본(1861)과 갑자본(1864)의 두 종류가 있다 신유본은 비교적 많이 남아 있는데 갑자본은 알려진 것이 소수이다 『대동여지도』는 각 층의 도엽(圖葉)을 연폭(連幅)으로 동에서 서로 길게 잇고 이것을 병풍식으로 접어 모두 22층으로 하는 분첩 절첩(分帖折疊)의 방법으로 제책하여 한 질이 되게 하였다 이때 책의 크기는 가로 20cm 세로 30cm로서 당시 서지류(書誌類)의 크기와 비슷하게 만들어 마치 한권의 책처럼 편리하게 되었다 이로써 『대동여지도』는 개개 층별로 동에서 서로 남북으로 22층을 계속 인접하면 가로 4m 세로 7m의 거대한 우리나라 전도(全圖)가 된다 소재지상세: 서울특별시 중구', 'score': 0.7607809987533676}, {'text_segment': '국가유산명_국문: 대동여지도 국가유산명_한자: 大東輿地圖 국가유산종목: 시도유형문화유산 시도명: 부산 시군구명: 금정구 시대: 1861년(철종12) 내용: ○ 대동여지도는 철종 12년(1861)에 고산자 김정호(古山子 金正浩)가 만든 우리나라 전국 지도로 최고의 선본이다 총 22첩으로 되어 있으며 병풍처럼 접고 펼 수 있는 분첩절첩식(分疊折帖式) 형태로 되어 있어 모두를 아래 위로 맞추면 전국지도가 된다 제1첩에는 지도유설 경도 및 각 도별 人․物 수 지도표 경도오부지도 등이 수록되어 있고 제2첩부터 제21첩까지가 전국지도이다 ○ 대동여지도는 초간된 신유본(辛酉本)과 재간된 갑자본(甲子本)의 2종류가 전하는데 부산대학교 도서관 소장 대동여지도는 181년(철종 12)에 간행된 신유본에 속한다 전체의 내용은 완벽하나 제1첩의 지도유설 2면과 수선전도(首善全圖)에 해당되는 도성도 1면은 필사되어 있다 필사된 부분에서 오류가 발견되지만 목판의 인쇄상태와 채색 솜씨 그리고 보존상태 등이 양호하며 필사된 3면을 제외하고는 현재 보물로 지정되어 있는 3점과 꼭 같다 ○ 지도가 기밀 사항이라 다수를 인간(印刊)할 수 없었던 당시의 사정으로 보아 대체로 5~6부 정도 인출되었다고 볼 때 부산대학교 도서관 소장 대동여지도는 고산자 김정호가 직접 인간한 모본이라는 점에서 문화유산적 가치를 가진다 소재지상세: 부산광역시 금정구 부산대학로63번길 2 (장전동 부산대학교) (부산대학교 도서관)', 'score': 0.7214070594211888}, {'text_segment': '국가유산명_국문: 대동여지도 국가유산명_한자: 大東輿地圖 국가유산종목: 시도유형문화유산 시도명: 경남 시군구명: 거창군 시대: 1864 내용: 대동여지도는 조선후기 지리학자인 고산자 김정호가 순조 34년(1834)에 자신이 만든 <청구도>를 27년 후에 증보 수정한 대축척 지도로 분첩절첩식지도첩이다 형태를 보면 남북을 120리 간격으로 22층으로 구분하고 동서를 80리 간격으로 끊어 19판으로 구분했음 동서방향은 구획된 판을 접어서 연결시켜 1첩으로 만들어 쉽게 볼 수 있도록 했음 남북으로 동서의 방향을 연결시킨 각 첩을 펼쳐서 순서대로 이어대면 연속된 남북을 볼 수 있게 했음 지도의 제 1층에는 지도의 제목과 발간연도 및 발간자를 명시하고 본도와는 별도로 서울의 도성도와 경조오부도를 상세하게 그렸음 축척을 보면 지도의 제 1층 첫머리에 그려져 있는 지도 방안에 매방십리라고 되어 있어서 간접적으로 축척이 표시되어 있음 지도의 좌표에 해당하는 이 방안은 지도를 동서로 접은 1면을 남북 12방안 동서 8방안으로 구분하고 있고 남북이 120리 동서는 80리로 되어 있음 그리고 1면의 실제 길이는 남북이 약 30cm 동서가 약 20cm임 그러므로 동서 20cm가 80리(32km)에 해당되는 축척이므로 대동여지도의 축척은 약 1/160000이 됨 지도의 내용을 보면 일반 지도에서는 지형표시에서 개개의 산지나 평지를 있는 그대로 나타내는 것이 보통이나 대동여지도에서는 개개의 산보다 산줄기를 표시하는 데 역점을 두었으며 물줄기도 체계적으로 정리하였음 거리는 붉은 선으로 처리하였는데 거의 직선으로 표시하고 십리마다 표시를 하여 어느 지점간이라도 방표의 수를 헤아려봄으로써 거리를 알 수 있게 하였음 한편 14개 항목의 지도표를 만들어 가능한 부호로 처리한 점도 이 지도의 특징 중의 하나임 대동여지도는 1861년에 처음으로 만들어 김정호가 목판으로 인쇄하였으며 그 후 고종 원년(1864)에 수정본이 재간되었음 박물관의 소장본은 1864년도 재간본으로 박물관 2층 중앙에 전시되어 있음 소재지상세: 경남 거창군 거창읍 수남로 2181 (김천리)', 'score': 0.705719673477538}]",김정호
신라의 삼국통일은 어떤 나라들을 멸망시켰나요?,"[{'text_segment': '국가유산명_국문: 김유신장군유허지 국가유산명_한자: 金庾信將軍遺墟址 국가유산종목: 시도기념물 시도명: 충북 시군구명: 진천군 시대: NaN 내용: 신라가 삼국통일을 이루는데 중심적인 역할을 한 김유신(595∼673) 장군이 태어난 곳이다 김유신은 금관가야의 마지막 왕인 구해왕의 증손으로 아버지 서현과 어머니 만명부인 사이에서 태어났다 신라 무열왕 7년(660) 상대등이 되어 신라군을 이끌고 당나라 군대와 함께 계백 장군이 거느린 백제군을 황산벌에서 무찔러 백제를 멸망시켰다 문무왕 8년(668) 나·당연합군이 고구려를 공략할 때도 신라군의 총사령관이 되어 고구려를 멸망시켰고 이어서 삼국의 영토에 야심을 드러낸 당나라 군대도 물리침으로써 삼국통일의 위업을 달성하였다 이곳에는 앞면 3칸·옆면 2칸의 재실 유허비와 최남선이 쓴 비문이 있다 뒤로는 장군의 탯줄을 묻은 태령산이 있고 주위에는 여보정 치마대들이 있다 해제사유: 사적 제414호 김유신탄생지및태실 로 승격지정됨에 따라 해제됨 소재지상세: 충북 진천군 진천읍 김유신길 170-4 (상계리)', 'score': 0.8158468902111053}, {'text_segment': '국가유산명_국문: 인용사지 국가유산명_한자: 仁容寺址 국가유산종목: 문화유산자료 시도명: 경북 시군구명: 경주시 시대: NaN 내용: 반월성을 배경으로 남산을 바라보는 곳에 있는 절터이다 인용사는 신라의 장군이며 외교가였던 김인문이 중국 당나라 감옥에 갖혀 있을 때 그의 안녕을 빌기 위해 신라 사람들이 세운 절이라고 한다 김인문은 신라 제29대 태종무열왕의 둘째 아들로 당나라에서 22년간 생활하면서 많은 벼슬을 했다 무열왕 7년(660)에는 당나라 장수 소정방과 함께 백제를 멸망시켰고 문무왕 8년(668)에는 고구려를 통합하여 신라가 삼국을 통일하는데 크게 공헌하였다 현재 절터에 남아있는 석물들로 당시에 쌍탑식 가람배치였음을 짐작할 수 있는데 이는 통일신라시대의 전형적인 모습이라 할 수 있다 또한 신라시대에 승려나 왕이 아닌 개인을 위해 일반인들이 세운 절로서는 처음이라는데 그 의의가 크다 소재지상세: 경북 경주시 인왕동 344-6번지 외', 'score': 0.7683000989819417}, {'text_segment': '국가유산명_국문: 진천 길상사 국가유산명_한자: 鎭川 吉祥祠 국가유산종목: 시도기념물 시도명: 충북 시군구명: 진천군 시대: NaN 내용: 삼국통일의 주역이였던 김유신(595∼673) 장군의 영정을 모시고 있는 사당이다 김유신은 15세 때 화랑이 되었고 무열왕 7년(660) 상대등이 되었다 그 뒤 중국 당나라와 연합하여 백제를 멸망시키고 나당연합군의 대총관이 되어 고구려를 정벌하고 삼국통일(676)의 위업을 달성하였다 신라와 고려 때에는 장군이 태어난 태령산 아래 장군의 사당에서 봄과 가을로 제사를 지냈다 그러나 조선에 들어와서 관리가 소홀하다가 임진왜란 병자호란을 겪으면서 폐허가 된 것을 철종 2년(1851) 백곡면에 ‘죽계사’를 세워 장군의 영정을 모셨다 고종 1년(1864)에는 흥선대원군의 서원 철폐령으로 헐렸는데 1926년 후손 김만희의 노력으로 지금 있는 자리에 길상사를 다시 세웠고 1975년 정비하였다 현재 이곳에는 장우성이 그린 그의 초상화와 흥무전 흥무대왕신성비 등이 있다 소재지상세: 충북 진천군 진천읍 문진로 1411-38 (벽암리)', 'score': 0.7050065646592321}, {'text_segment': '국가유산명_국문: 김유신태실및돌담 국가유산명_한자: 金庾信胎室및돌담 국가유산종목: 시도기념물 시도명: 충북 시군구명: 진천군 시대: NaN 내용: 태실은 왕이나 왕실 자손의 태를 모셔두는 돌로 만든 방으로 이곳은 신라의 삼국통일에 중심적 역할을 한 김유신 장군의 태를 묻은 곳이다 김유신(595∼673)은 김수로 왕의 13세 손으로 진평왕 31년(609) 15세에 화랑이 되고 낭비성 싸움에 공을 세워 압량주 군주가 되었다 선덕여왕 때 상장군 무열왕 7년(660)에 상대등이 되어 당군과 연합하여 백제를 멸망시킨 후 나당연합군의 대총관이 되었다 그 후 문무왕 8년(668) 고구려를 정벌하고 태대각간이 되었으며 한강이북의 고구려 땅을 다시 찾아 삼국통일의 대업을 완수하였다 태실은 해발 4618m의 산 정상에 마련되어 있다 지름 9m 높이 1m의 둥근 3단 석축을 이루고 있으며 그 주위로 산성처럼 드리운 길이 180m의 돌담이 에워싸여 있다 현존하는 우리나라 태실 중 가장 오래된 형식에 속하는 중요한 유적으로 구체적인 제작연대는 알 수 없다 해제사유: 사적 제414호 김유신탄생지및태실 로 승격지정됨에 따라 해제됨 소재지상세: 충북 진천군 진천읍 문봉리 산20번지', 'score': 0.6879305698399334}, {'text_segment': ""국가유산명_국문: 경주 김유신묘 국가유산명_한자: 慶州 金庾信墓 국가유산종목: 사적 시도명: 경북 시군구명: 경주시 시대: 통일신라 문무왕13년(674) 내용: 경주 송화산 동쪽 구릉 위에 자리잡고 있는 신라 장군 김유신의 무덤이다 김유신(595∼673)은 삼국통일에 중심 역할을 한 사람으로 김춘추(후에 태종무열왕)와 혈연관계를 맺으며 정치적 발판을 마련하였고 여러 전투와 내란에서 큰 공을 세웠다 660년에 귀족회의의 우두머리인 상대등이 되어 백제를 멸망시켰으며 668년에는 신라군의 총사령관인 대총관(大摠管)이 되어 고구려를 멸망시키고 당의 침략을 막아 신라 삼국통일의 일등공신이 되었다 무덤은 지름이 30m에 달하는 커다란 규모이며 봉분은 둥근 모양이다 봉분 아래에는 둘레돌을 배치하고 그 주위에는 돌난간을 둘렀는데 둘레돌은 조각이 없는 것과 12지신상을 조각한 것을 교대로 배치하였다 12지신상은 평복을 입고 무기를 들고 있는 모습으로 몸은 사람의 형체이고 머리는 동물 모양이다 조각의 깊이는 얕지만 대단히 세련된 솜씨를 보여주고 있는데 이처럼 무덤 주위의 둘레돌에 12지신상을 조각하는 것은 통일신라 이후에 보이는 무덤양식으로 성덕왕릉으로부터 시작된 것으로 보고 있다 『삼국유사』에 의하면 김유신이 죽자 흥덕왕(興德王)은 그를 흥무대왕(興武大王)으로 받들고 왕릉의 예를 갖춰 무덤을 장식한 것으로 보인다 또 『삼국사기』에는 김유신이 죽자 문무왕이 예를 갖추어 장례를 치르고 그의 공덕을 기리는 비를 세웠다고 전한다 그러나 현재 그 비는 전하지 않고 조선시대에 경주부윤이 세운 '신라태대각간 김유신묘'의 비만 남아있다 <br/><b>※(김유신묘 → 경주 김유신묘)로 명칭변경 되었습니다(20110728 고시) </b> 소재지상세: 경북 경주시 충효동 산7-1번지 림"", 'score': 0.6875807649765568}]",백제와 고구려
안압지는 어느 시대에 축조된 연못인가요?,"[{'text_segment': '국가유산명_국문: 경주 동궁과 월지 국가유산명_한자: 慶州 東宮과 月池 국가유산종목: 사적 시도명: 경북 시군구명: 경주시 시대: 통일신라시대 내용: 안압지 서쪽에 위치한 신라 왕궁의 별궁터이다 다른 부속건물들과 함께 왕자가 거처하는 동궁으로 사용되면서 나라의 경사가 있을 때나 귀한 손님을 맞을 때 이곳에서 연회를 베풀었다고 한다 신라 경순왕이 견훤의 침입을 받은 뒤 931년에 왕건을 초청하여 위급한 상황을 호소하며 잔치를 베풀었던 곳이기도 하다 신라는 삼국을 통일한 후 문무왕 14년(674)에 큰 연못을 파고 못 가운데에 3개의 섬과 못의 북·동쪽으로 12봉우리의 산을 만들었으며 여기에 아름다운 꽃과 나무를 심고 진귀한 새와 짐승을 길렀다고 전해진다 『삼국사기』에는 임해전에 대한 기록만 나오고 안압지에 대해서는 아무런 언급이 없는데 조선시대 『동국여지승람』에서 “안압지의 서에는 임해전이 있다”라고 기록되어 있어 현재의 자리를 안압지로 추정하고 있다 일제시대에 철도가 지나가는 등 많은 훼손을 입었던 임해전 터의 못 주변에는 회랑지를 비롯해서 크고 작은 건물터 26곳이 확인되었다 그 중 1980년에 임해전으로 추정되는 곳을 포함하여 서쪽 못가의 신라 건물터로 보이는 5개 건물터 중 3곳과 안압지를 복원하여 오늘에 이르고 있다 이곳에서는 많은 유물들이 출토되었는데 그 중 보상화무늬가 새겨진 벽돌에는 ‘조로 2년(調露 二年 680)’이라는 글자가 새겨져 있어 임해전이 문무왕 때 만들어진 것임을 뒷받침해주고 있다 대접이나 접시도 많이 나왔는데 이것은 신라무덤에서 출토되는 것과는 달리 실제 생활에 사용되었던 것으로 보인다 임해전은 별궁에 속해 있던 건물이지만 그 비중이 매우 컸던 것으로 보이며 안압지는 신라 원지(苑池)를 대표하는 유적이다 소재지상세: 경북 경주시 인왕동 517 번지 일대', 'score': 0.7176315486431122}, {'text_segment': '국가유산명_국문: 밀양 위양못 국가유산명_한자: 密陽 位良못 국가유산종목: 문화유산자료 시도명: 경남 시군구명: 밀양시 시대: NaN 내용: 경남 밀양에 있는 위량못은 통일신라와 고려 이래로 농사를 짓기 위해 이용되었던 작은 연못이다 연못 주변에는 화악산·운주암·퇴로못이 마련되어 있어 인위적으로 만든 것으로 보인다 정확한 기록이 없어 연대는 알 수 없으나 통일신라시대에서 고려시대사이에 축조된 것으로 여겨진다 소재지상세: 경남 밀양시 부북면 위양리 293번지  294', 'score': 0.7133076604980175}, {'text_segment': '국가유산명_국문: 수원고읍성 국가유산명_한자: 水原古邑城 국가유산종목: 시도기념물 시도명: 경기 시군구명: 화성시 시대: NaN 내용: 고려 시대에 축조된 읍성이다 정조가 사도세자의 능을 이곳으로 옮기기 전까지 고려 시대부터 조선 초기까지의 수원 지역 행정 중심지였다 읍성은 지방의 부(府) 군(郡) 현(縣) 등 행정관서가 설치된 고을에 축조되어 유사시에 외적을 대비하는 한편 행정적 기능을 함께 하는 성을 말한다 『세종실록』 「지리지」에 의하면 둘레는 최대 1320m이고 성 안에는 두 개의 우물이 있었다고 한다 또한 읍성 내부에 위치한 수원부 관아 규모는 모두 1635칸 이상으로 넓지 않은 지역에 각종 건물이 밀집하여 건립되었고 관아 건물 주변에 연못지 5개소가 있었던 것으로 보인다 하지만 1789년에 양주 배봉산에 있던 사도세자의 능을 이곳으로 옮기면서 수원부 읍치는 현재의 수원시 팔달산 아래로 옮겨가게 되었고 이에 따라 수원부 관아의 중심 건물들과 민가 등은 대부분 철거되었다 1999년에 고읍성 성벽을 일부 발굴하였다 그 결과 북쪽 성벽은 할석을 일부 이용하면서 판축법으로 축조하였고 서쪽 성벽은 고토양층 위에 토석혼축기법으로 축조한 사실이 밝혀졌다 또한 관아터로 추정되는 지점에서는 고토양층에서 조선시대 후기층까지 5개의 문화층이 형성되어 있음을 확인하였는데 이 가운데 조선 시대 건물지 3기 등을 조사하고 그 아래 문화층에서 고려 시대의 규모가 큰 건물 기초 시설을 확인하였다 조사 과정에서 통일 신라 시대~조선 시대 후기에 이르는 토기와 자기 그리고 기와가 출토되었는데 기와는 17~18세기의 것들이 많아 고읍성 폐기 시기와 관련이 있는 것으로 보고 있다 소재지상세: 경기도 화성시 기안동 460-120', 'score': 0.6233661208634027}, {'text_segment': '국가유산명_국문: 남해금오산성 국가유산명_한자: 南海金鰲山城 국가유산종목: 시도기념물 시도명: 경남 시군구명: 남해군 시대: 고려말∼조선초(추정) 내용: 이 산성은 남해군 창선면 당항리 소재 금오산(해발 261m)의 정상을 둘러싸고 있는 테뫼식의 석축성이다 산성으로 오르기까지의 경사가 매우 급해 접근이 용이하지 않으며 성에서는 창선의 동쪽 해안과 삼천포 일대가 훤히 내려다보인다 체성은 비교적 얄팍한 할석을 무질서하게 쌓아 축조한 것으로 여장도 부분적으로 남아 있다 성벽에서는 치가 확인되는 곳이 있으며 2개의 문지가 있는 것으로 판단된다 이 가운데 서문지는 폭 4m 가량으로 비교적 뚜렷하게 확인되나 남문지는 조금 애매하다 골짜기에 해당되는 남문지 내부에는 우물 혹은 연못으로 추정되는 시설이 있으며 배수로를 따라 성 밖으로 물이 배출되고 있다 그 외에 성의 내부에서 건물지 등은 확인이 곤란하다 다만 진주 전송대산성에서도 확인된 바 있는 초소와 같은 시설이 성벽의 안쪽에 축조되어 있어 주목된다 삼천포 각산산성의 축조수법과 매우 유사한 것으로 보이며 그 축조시기를 고려 말까지 올려볼 수도 있을 것으로 판단된다 소재지상세: 경남 남해군 창선면 당항리 산102번지 외', 'score': 0.6205114993829395}, {'text_segment': '국가유산명_국문: 영주 일우정 국가유산명_한자: 榮州 逸愚亭 국가유산종목: 문화유산자료 시도명: 경북 시군구명: 영주시 시대: NaN 내용: 일우정은 1868년에 건립한 정자로 우엄(愚广) 전규병(全奎炳1840~1905)이 1866년에 연못을 파고 그 옆에 있는 바위에 ""일우대(逸愚臺)""를 새기고 1868년에 정자를 짓고 계당(溪堂) 류주목(柳疇睦)에게 청하여 ""일우정""이라 이름 지었다는 문헌 기록이 남아 있다 정자와 연못 금석문과 편액 등 현존하는 유적을 통하여 조선시대 말기에 선비가 꾸민 유적을 연구하는데 필요한 문헌자료가 함께 보존되어 있으며 구조양식은 두드러지지 않으나 특수 목적으로 꾸며진 공간구성과 집터의 상징의미(金龜沒泥)를 살려 관념적 형태로 특색 있게 조성한 연못과 계류 등의 전통 조경이 주목된다 소재지상세: 경상북도 영주시 이산로938번길 25 (이산면)', 'score': 0.6026389949736354}]",통일신라 시기
광개토대왕비는 누구의 업적을 기리기 위해 세워졌나요?,"[{'text_segment': '국가유산명_국문: 권태사신도비 국가유산명_한자: 權太師神道碑 국가유산종목: 문화유산자료 시도명: 경북 시군구명: 안동시 시대: NaN 내용: 신도비란 왕이나 고관 등의 평생업적을 기리어 그의 묘 남동쪽에 세워두는 것으로 이 비는 안동 권씨의 시조(始祖)인 태사 권행(權幸)을 기리고 있다 비는 받침돌 위로 비몸을 세우고 머릿돌을 올린 모습으로 조선 현종 2년(1621) 권행의 24세손인 군수 권성원이 세웠다 비문은 이후 우의정을 지내기도 한 허목선생의 글씨로 새겼다 1971년에 비각을 세워 비를 보호하고 있다 소재지상세: 경북 안동시 서후면 권태사길 87 (성곡리)', 'score': 0.7132092443493777}, {'text_segment': '국가유산명_국문: 산청 권도 신도비 국가유산명_한자: 山淸 權濤 神道碑 국가유산종목: 문화유산자료 시도명: 경남 시군구명: 산청군 시대: 1816년(순조 16년) 내용: 신도비(神道碑)는 왕이나 공신 고관 또는 이름난 학자의 생애와 업적을 기록하여 무덤 남동쪽 길가에 세운 비석이다 산청 권도 신도비는 1816년에 조선 중기 문신인 동계 권도의 업적을 기리기 위해 세웠으며 비석의 글은 조선 후기 영‧정조 시대 정승을 지낸 채제공이 지었다 신도비는 높이 약 33m로 담장이 둘러진 비각 안에 보관되어 있으며 비석은 보존상태가 매우 좋고 비석에 새겨진 글자 또한 선명하게 남아있다 비의 주인인 권도와 글을 쓴 채제공은 당시 학문적·정치적으로 뛰어난 인물들로 권도 신도비는 유학사적으로 큰 의미를 가지고 있는 비석이다 소재지상세: 경상남도 산청군 신등가회로85번길 8-10 (신등면)', 'score': 0.7016415039430866}, {'text_segment': '국가유산명_국문: 조순 장군비 국가유산명_한자: 趙純 將軍碑 국가유산종목: 문화유산자료 시도명: 경남 시군구명: 함안군 시대: NaN 내용: 함안천 동쪽 언덕 위에 자리하고 있는 비로 조순  장군의 지조를 기리고 있다 조순은 요동을 정벌할 때 좌중군을 맡아 출정하였으며 위화도에 이르러 이성계가 회군하려 하자 이를 적극 반대하며 벼슬을 버리고 고향으로 돌아가 나오지 않았다 이성계가 왕위에 오른 후 그를 여러번 불렀으나 끝내 나아가지 않았고 그가 죽은 후 왕이 그의 집 앞에 비를 세우도록 하여 누구든 이 비를 지나갈 때에는 말에서 내릴 것을 명하였다 비는 납작한 받침돌 위로 비몸을 세운 모습으로 비의 윗변을 둥글게 다듬었다 훗날 집 앞에 부서져 있던 것을 이곳으로 옮겨 보존하고 있다 소재지상세: 경남 함안군 가야읍 검암리 586-1번지', 'score': 0.6921365486342171}, {'text_segment': '국가유산명_국문: 김임신도비 국가유산명_한자: 金임神道碑 국가유산종목: 문화유산자료 시도명: 충남 시군구명: 논산시 시대: NaN 내용: 신도비란 조선시대에 왕이나 고관 등의 평생업적을 비석에 새겨 그의 묘 남동쪽에 세워두던 것으로 이 비는 판서공 김임 선생의 행적을 기리고 있다 거북받침돌 위로 비몸을 세우고 머릿돌을 올린 모습을 하고 있으며 거북의 등에는 무늬가 조각되어 있다 비문은 앞면에 김임의 인품에 대해 적어놓았고 뒷면에는 독특하게도 고령 김씨의 족보를 새겨놓아 눈길을 끌고 있다 소재지상세: 충남 논산시 노성면 호암리 산5번지', 'score': 0.6656157317996471}, {'text_segment': '국가유산명_국문: 함양 양희 신도비 국가유산명_한자: NaN 국가유산종목: 문화유산자료 시도명: 경남 시군구명: 함양군 시대: NaN 내용: 신도비는 임금이나 고관 등의 평생업적을 기록하여 그의 묘 남동쪽에 세우는 비로서 구졸암 신도비는 조선시대 학자인 양희선생을 기리는 비로 양씨문중에서 비각을 세워 관리하고 있으며 비각 뒤쪽으로는 대고대가 있는데 구졸선생의 유적지이다 구졸암 양희 선생은 1515년 함양군 수동면 우명리 효리마을에서 태어났으며 일로당 양관 선생의 손자이다 1540년 사마시에 장원급제 명종 원년(1546) 문과에 급제하여 파주목사 사간 의주목사 승지를 거쳐 1568년(선조)에 춘추관 편수관을 겸직하여 “명종실록”의 편찬에 참여하였고 명나라 사신으로 다녀오는 길에 1580년 중국 옥하관에서 운명 하셨다 구졸선생은 청백리 집안의 후예로서 가풍을 잘 이어 부모에게 효도하고 나라에는 충신이며 학식과 덕망을 갖춘 청빈한 학자로서 후대 사람들이 천령(함양)삼걸이라 불렀다 특히 구졸선생은 스스로 아홉가지나 옹졸한 사람이라 채찍질 하는 겸손함을 보였으며 항상 자신의 학문이 모자란다는 생각으로 평생을 공부하려는 선생의 숭고한 정신을 기리고 후손들에게 교훈으로 삼고자 이조판서와 대제학을 지낸 이덕수가 비문을 지어 본 신도비를 1858년에 건립하였다 소재지상세: 경상남도 함양군 지곡면 도촌리 214', 'score': 0.6621973920377929}]",광개토대왕
무령왕릉에 묻힌 왕은 누구인가요?,"[{'text_segment': '국가유산명_국문: 공주 무령왕릉과 왕릉원 국가유산명_한자: 公州 武寧王陵과 王陵園 국가유산종목: 사적 시도명: 충남 시군구명: 공주시 시대: 백제시대 중기 내용: 공주시 금성동에 있는 웅진 백제시대 왕들의 무덤이 모여있는 곳이다 무령왕릉을 포함한 이 일대의 고분들은 모두 7기가 전해지는데 송산을 주산으로 뻗은 구릉 중턱의 남쪽 경사면에 위치한다 계곡을 사이에 두고 서쪽에는 무령왕릉과 5 ·6호분이 있고 동북쪽에는 1∼4호분이 있다 1∼6호분은 일제시대에 조사되어 고분의 구조와 형식이 밝혀졌고 무령왕릉은 1971년 5 ·6호분의 보수공사 때 발견되었다 고분들은 모두가 표고 약120m 정도되는 송산(宋山)을 북쪽의 주산(主山)으로 한 중턱 남쪽경사면에 자리하고 있는데  1∼5호분은 모두 굴식 돌방무덤(횡혈식 석실분)으로 무덤 입구에서 시신이 안치되어 있는 널방(현실)에 이르는 널길이 널방 동쪽벽에 붙어 있는 것이 특징이다 1∼4호분은 바닥에 냇자갈을 깔아 널받침(관대)을 만들었는데 5호분은 벽돌을 이용하였다 이처럼 같은 양식의 무덤이면서 구조와 규모에 있어서 약간의 차이가 나는 것은 시기 차이가 반영된 것으로 보인다 5호분은 원형으로 남아 있으나 1∼4호분은 조사되기 전에 이미 도굴되었다 이외에 벽돌무덤(전축분)으로 송산리벽화고분이라고도 불리는 6호분과 무령왕릉이 있다 6호분은 활모양 천장으로 된 이중 널길과 긴 네모형의 널방으로 되어 있는데 오수전(五銖錢)이 새겨진 벽돌로 정연하게 쌓았다 널방 벽에는 7개의 등자리와 사신도 · 일월도 등의 벽화가 그려져 있다 무령왕릉도 6호분과 같이 연꽃무늬 벽돌로 가로쌓기와 세로쌓기를 반복하여 벽을 쌓았다 벽에는 5개의 등자리가 있고 무덤주인을 알 수 있게 해주는 지석 등 많은 유물이 출토되었다 6호분과 무령왕릉은 현재 남아있는 백제의 벽돌무덤으로 모두 터널형 널방 앞에 짧은 터널형 널길을 가지고 있으며 긴 배수로도 갖추고 있다 이러한 형식의 벽돌무덤은 중국의 영향을 받은 것이며 벽화는 고구려의 영향을 받은 것으로 보인다 특히 무령왕릉의 경우 확실한 연대를 알 수 있어 백제사회의 사회 ·문화상을 연구하는데 절대자료로 평가된다 소재지상세: 충남 공주시 금성동 산5-1번지', 'score': 0.7101956431834721}, {'text_segment': '국가유산명_국문: 무령왕비 금제 관식 국가유산명_한자: 武寧王妃 金製 冠飾 국가유산종목: 국보 시도명: 서울 시군구명: 용산구 시대: 백제시대 내용: 공주시 무령왕릉에서 왕의 관식과 함께 출토된 왕비의 금제 관(冠)장식으로 모양과 크기가 같은 한 쌍으로 되어 있다 높이 226㎝ 너비는 134㎝로 1971년 무령왕릉이 발견·조사되었을 때 왕비의 널(관) 안쪽 머리 부근에서 포개진 상태로 발견되었다 금판에 무늬를 뚫어서 장식하고 밑에 줄기를 달았다 투조(透彫)로 표현된 문양은 좌우대칭을 이루도록 정돈되어 정연한 느낌을 준다 문양은 중심부의 연꽃받침 위에 놓인 병을 중심으로 그 주위에 덩굴무늬가 있고 병 위에는 활짝 핀 꽃 한송이가 있으며 중간부터 위쪽의 가장자리에는 불꽃무늬가 솟아 있는 모습으로 표현하였다 무령왕릉 안에서 같이 발견된 왕의 관(冠) 장식보다 규모가 조금 작고 구슬 등의 장식이 달려있지 않아 간결한 인상을 준다 무령왕릉은 백제 25대 무령왕(재위 501∼522)과 왕비의 무덤으로 벽돌을 이용해 만든 벽돌무덤(전축분)이며 많은 유물이 발견되었다 이들은 6세기 전반 백제문화의 수준과 묘제 사장 등의 일면을 알려주는 자료로 평가되고 있으며 이 가운데 지석(誌石)은 삼국시대 고분 중 최초로 무덤에 묻힌 주인과 만든 시기를 밝혀주는 자료가 되고있다 소재지상세: 서울특별시 용산구 서빙고로 137 (용산동6가 국립중앙박물관)', 'score': 0.6391506642103195}, {'text_segment': '국가유산명_국문: 조순 장군비 국가유산명_한자: 趙純 將軍碑 국가유산종목: 문화유산자료 시도명: 경남 시군구명: 함안군 시대: NaN 내용: 함안천 동쪽 언덕 위에 자리하고 있는 비로 조순  장군의 지조를 기리고 있다 조순은 요동을 정벌할 때 좌중군을 맡아 출정하였으며 위화도에 이르러 이성계가 회군하려 하자 이를 적극 반대하며 벼슬을 버리고 고향으로 돌아가 나오지 않았다 이성계가 왕위에 오른 후 그를 여러번 불렀으나 끝내 나아가지 않았고 그가 죽은 후 왕이 그의 집 앞에 비를 세우도록 하여 누구든 이 비를 지나갈 때에는 말에서 내릴 것을 명하였다 비는 납작한 받침돌 위로 비몸을 세운 모습으로 비의 윗변을 둥글게 다듬었다 훗날 집 앞에 부서져 있던 것을 이곳으로 옮겨 보존하고 있다 소재지상세: 경남 함안군 가야읍 검암리 586-1번지', 'score': 0.6285882752299544}, {'text_segment': '국가유산명_국문: 무령왕릉 지석 국가유산명_한자: 武寧王陵 誌石 국가유산종목: 국보 시도명: 충남 시군구명: 공주시 시대: 백제시대 내용: 이 지석은 백제 25대 왕인 무령왕과 왕비의 지석으로 2매이다 이 2매의 지석은 왕과 왕비의 장례를 지낼 때 땅의 신에게 묘소로 쓸 땅을 사들인다는 문서를 작성하여 그것을 돌에 새겨넣은 매지권으로 1971년 무령왕릉이 발견될 때 함께 출토되었다 왕의 지석은 가로 415㎝ 세로 35㎝이며 표면에 5∼6㎝의 선을 만들고 그 안에 6행에 걸쳐 새겼다 왕의 기록은『삼국사기』의 기록과 일치하고 있다 뒷면에는 주위에 네모나게 구획선을 긋고 그 선을 따라 12방위를 표시하였는데 무슨 이유인지는 알 수 없으나 서쪽 부분은 표시하지 않았다 다른 하나는 왕비의 지석인데 가로 415㎝ 세로 35㎝이며 25∼28㎝ 폭으로 선을 긋고 4행에 걸쳐 새겼다 선을 그은 부분은 13행이지만 나머지 부분은 공백으로 그대로 남겨 두었다 뒷면에는 매지문(買地文:땅을 샀다는 문서)을 새겼다 원래 매지권은 무령왕을 장사지낼 때 만들어진 것인데 그 후 왕비를 합장하였을 때 이 매지권의 뒷면을 이용하여 왕비에 관한 묘지문을 새겼던 것이다 이 지석은 삼국시대의 능에서 발견된 유일한 매지권으로서 무덤의 주인공을 알 수 있게 한 것으로 여기에는 당시 백제인들의 매장풍습이 담겨져 있어 매우 귀중한 자료로 평가되고 있다 또한 무령왕릉에서 발견된 다른 유물들과 함께 6세기 초 백제와 중국 남조와의 문화적 교류를 보여주는 것으로서 백제사 연구에 귀중한 자료가 된다 소재지상세: 충남 공주시 관광단지길 34 국립공주박물관 (웅진동)', 'score': 0.6241179807459527}, {'text_segment': '국가유산명_국문: 무령왕 금제 관식 국가유산명_한자: 武寧王 金製 冠飾 국가유산종목: 국보 시도명: 충남 시군구명: 공주시 시대: 백제시대 내용: 공주시 무령왕릉에서 출토된 백제의 금으로 만든 왕관(王冠) 꾸미개(장식) 한쌍이다 높이는 각각 307㎝ 292㎝이고 너비는 각각 14㎝ 136㎝이다 1971년 무령왕릉이 발견·조사되었을 때 왕의 널(관) 안쪽 머리 부근에서 포개진 상태로 발견되었다 금판을 뚫어서 덩굴 무늬를 장식했으며 밑으로는 줄기가 있는데 아래위로 2~3개의 작은 구멍이 있어 무엇인가에 부착할 수 있도록 해 놓았다 좌우로 벌어진 줄기 중간에는 꽃 무늬를 배치하였으며 줄기가 길게 연장되면서 마치 불꽃이 타오르는 듯한 모양새를 보여준다 두 가닥은 아래로 향하게 하여 변화를 주고 있다 앞면에는 전체에 걸쳐 구슬모양 꾸미개를 금실로 꼬아서 달았다 무령왕릉은 백제 25대 무령왕(재위 501∼522)과 왕비의 무덤으로 벽돌을 이용해서 만든 벽돌무덤(전축분)이다 출토된 유물들은 6세기 전반 백제 문화의 수준과 묘제사장 등의 일면을 알려주는 중요한 자료로 평가되고 있으며 그 중 지석(誌石)은 삼국시대 고분 가운데 최초로 무덤에 묻힌 주인과 만든 시기를 확실히 밝혀주는 자료가 되고있다 소재지상세: 충남 공주시 관광단지길 34 국립공주박물관 (웅진동)', 'score': 0.5750836129713117}]",무령왕
고려의 임시 수도로 사용된 강화도의 유적지는 무엇인가요?,"[{'text_segment': '국가유산명_국문: 대한민국임시의정원인 국가유산명_한자: NaN 국가유산종목: 국가등록문화유산 시도명: 서울 시군구명: 영등포구 시대: 일제강점기 내용: 1919년 4월 11일 중국 상해에서 설립되어 대한민국 임시정부의 입법부 기능을 수행한 대한민국 임시의정원에서 사용되었던 관인으로서 1925년의 ‘임시의정원 잠행조례안 통과 고함’ 1943년의 ‘원비 결산서 제출에 관한 건’ 등 임시의정원의 문건에서 사용된 것이 확인되었다 이 관인은  임시의정원 의장을 네 차례 역임한 홍진(洪震 1877∼1946)이 1945년 해방 후 그 해 12월 1일 환국할 때 국내로 가지고 왔고 홍진이 별세한 이후 유족들이 보관하다가 2019년 국회도서관에 기증하였다 해당 관인은 현재까지 공개된 유일한 임시의정원의 관인으로서 매우 귀중한 국가유산적 가치를 지니고 있다 소재지상세: 서울특별시 영등포구 의사당대로 1 (여의도동 국회도서관)', 'score': 0.8191740583459356}, {'text_segment': '국가유산명_국문: 강화 고려궁지 국가유산명_한자: 江華 高麗宮址 국가유산종목: 사적 시도명: 인천 시군구명: 강화군 시대: 고려시대 내용: 고려가 몽골군의 침략에 대항하기 위해 고종 19년(1232)에 강화도로 수도를 옮기고 1234년에 세운 궁궐과 관아건물이다 정궁 이외에도 행궁·이궁·가궐을 비롯하여 많은 궁궐이 있었다 정문은 승평문이었고 양쪽에 삼층루의 문이 두 개가 있었으며 동쪽에 광화문이 있었다 39년동안 사용되었고 1270년 강화조약이 맺어져 다시 수도를 옮기면서 허물어졌다 조선시대에도 전쟁이 일어나면 강화도를 피난지로 정했다 조선 인조 9년에 옛 고려 궁터에 행궁을 지었으나 병자호란 때 청군에게 함락되었다 그후 다시 강화유수부의 건물을 지었으나 병인양요 때 프랑스군에 의해 거의 불타 없어져 지금은 동헌과 이방청만이 남아있다 이 곳은 끊임없는 외세의 침략에 저항한 우리 민족의 자주정신과 국난 극복의 역사적 교훈을 안겨주는 곳이다 소재지상세: 인천 강화군 강화읍 북문길 42 (관청리)', 'score': 0.7508361041545868}, {'text_segment': '국가유산명_국문: 대한민국임시정부 성립 축하문과 선언서 국가유산명_한자: NaN 국가유산종목: 국가등록문화유산 시도명: 서울 시군구명: 동작구 시대: 1919년 내용: 「대한민국임시정부 성립 축하문과 선언서」는 1919년 3·1 만세운동(이하 ‘3·1운동’) 이후 상해에서 수립된 대한민국임시정부가 같은 해 9월 국내의 ‘한성정부’ 연해주의 ‘대한국민의회’와 통합되어 ‘대한민국임시정부’로 출범하자 이를 기념하고 제2차 독립시위운동을 촉구하고자 대한민족대표 30인의 이름으로 10월 31일 발행된 활판 인쇄 전단지이다 당시 다이쇼일왕의 천장절인 10월 31일에 맞춰 해당 문서들을 발표함으로써 3·1운동과 같은 전국적 시위운동을 다시 한번 전개하여 일제에 저항하고자 했으며 그 결과 국내 곳곳에서 대규모 만세시위가 일어나는 등 초기 임시정부 독립운동의 역사를 보여주고 있다 그 동안 문헌을 통해서만 그 존재가 알려져 있었으나 1967년 김양선(1907~1970) 교수가 숭실대학교에 기증하면서 유일한 실물 전단 형식의 문건이 알려졌다 이 문서들은 3·1운동 이후 대한민국임시정부의 수립과 당시의 독립운동 전개 양상을 보여주는 중요한 자료라는 점에서 국가등록문화유산으로 보존할 만한 충분한 가치가 있다 소재지상세: 서울특별시 동작구 상도로 369 (상도동 숭실대학교) 한국기독교박물관', 'score': 0.7486343966094715}, {'text_segment': '국가유산명_국문: 구 철원 제2금융조합 건물 터 국가유산명_한자: 舊 鐵原 第二金融組合 建物 터 국가유산종목: 국가등록문화유산 시도명: 강원 시군구명: 철원군 시대: 1936이전 내용: 한국전쟁 시 폐허가 된 유적지로 일제강점기 당시 사용된 콘크리트 블록이 남아 있는 등 건축 재료사적으로 귀중한 유적지임 소재지상세: 강원 철원군 철원읍 외촌리 595-10번지 외 1필지', 'score': 0.7330701518408618}, {'text_segment': '국가유산명_국문: 도산 안창호 일기 국가유산명_한자: NaN 국가유산종목: 국가등록문화유산 시도명: 충남 시군구명: 천안시 시대: 1920~1921년 내용: 도산 안창호(島山 安昌浩 1878∼1938)가 1919년 3·1운동 이후 중국 상해로 건너가 상해임시정부 내무총장 겸 국무총리 대리 등으로 역임하던 시기의 활동을 기록한 일기다 시기적으로는 1920년 1월 14일부터 8월 20일까지 1921년 2월 3일부터 3월 2일까지 약 8개월 분량으로 당시 임시정부에서 사용하던 것과 같은 용지에 썼으며 3책으로 되어있다 이 일기는 임시정부에서 활동한 인물이 기록한 당시의 일기 중에서 공개된 것으로는 유일하며 안창호가 직접 쓰지는 않은 것으로 보이나 임시정부 초창기의 활동과 조직운영 및 참여인사들의 면모 등을 연구하는데 매우 중요한 사료로 평가받고 있다 이번에 등록된 일기는 안창호의 유족들이 보관하고 있다가 1985년 독립기념관에 기증하였다 정부에서는 안창호의 공훈을 기리기 위하여 1962년 건국훈장 대한민국장을 추서하였다 소재지상세: 충청남도 천안시 동남구 독립기념관로 1 (목천읍 독립기념관)', 'score': 0.7293638174350526}]",고려 궁터
대동강은 고구려에서 어떤 용도로 사용되었나요?,"[{'text_segment': '국가유산명_국문: 기성도병 국가유산명_한자: 箕城圖屛 국가유산종목: 시도유형문화유산 시도명: 서울 시군구명: 종로구 시대: 19세기후반 내용: 8첩 병풍에 평양성(平壤城)과 대동강(大洞江)의 전경 및 평양감사(平壤監司)의 대동강(大洞江)에서의 선유(船遊)광경을 가로로 길게 담은 성읍풍속도(城邑風俗圖)이다 제 1첩은 평양성 밖 제 2-5첩은 내성(內城) 제 6첩은 중성(中城) 제 7-8첩은 외성(外城)의 모습이 그려져 있다 각종 지형과 시설물 공해(公廨관청)등에는 묵서(墨書)로 해당 명칭을 표기하였는데 매우 상세한 편이다 평양성의 우측에서 비스듬하게 내려다본 시점이 일관되어 평행 사선 방향으로 늘어선 건물들의 모습과 지세의 원근(遠近)및 고저(高低)도 자연스럽다 산수는 황토색과 녹색으로 선염(渲染)하고 부드럽고 두툼한 청색의 필선으로 산의 주름을 따라 마치 음영을 나타내듯이 질감을 나타낸 청록산수이며 윤곽선 부근은 점묘(點描)와 짧은 피마준(披麻皴)으로 처리하였다 건물 표현에서는 전축(塼築)의 성곽이 보이고 용마루 등 지붕 윤곽은 흰색으로 그려져 있다 분홍색 꽃나무는 계절 감각을 나타낸다 화면 우측 대동강에는 ≪평양감사환영도(平壤監司歡迎圖)≫의 <대동강선유(大洞江船遊)> 장면을 연상시키는 평양감사(平壤監司)의 뱃놀이 광경이 화려하게 펼쳐져 있다 ‘평양전도(平壤全圖)’ ‘기성전도(箕城全圖)’등의 이름으로 전하는 평양 전경을 그린 8첩 병풍은 여러 점 있다 대개 시점과 화면 구성이 이 그림과 유사한데 하나의 형식이 재차 이모(移摸)되면서 이러한 전형이 성립된 것으로 보인다 다만 하단에 평양감사의 행렬이 있는 경우와 없는 경우의 두 가지가 있다 행렬이 있는 경우는 감사행렬이 대동강 이남의 육지로 길게 그려져 강을 건너기 전의 모습을 그린 것이 대부분인데 서울역사박물관에 소장된 이 그림에는 대동강에서 뱃놀이하는 장면이 그려진 점이 특이하다 이 그림은 기존의 도성도(都城圖)와 달리 평양 도성도(都城圖)와 평양감사 선유도(船遊圖)가 결합된 드문 유물로 조선 말기 성읍 풍속도(城邑 風俗圖)의 우수성과 변화상을 보여 주는 자료로서 가치가 있고 평양성 전경을 그린 같은 종류의 그림 가운데 보존상태도 좋다 소재지상세: 서울특별시 종로구 새문안로 55 (신문로2가 서울역사박물관)', 'score': 0.7760639190673828}, {'text_segment': '국가유산명_국문: 평북농요 국가유산명_한자: NaN 국가유산종목: 이북5도 무형유산 시도명: 평안북도 시군구명: 전역 시대: NaN 내용: 평북에서 농사를 지으면서 부르던 소리로 고구려의 투박하면서도 씩씩한 기상과 화합정신 서로 돕는\r\n두레 정신을 계승하고 있다 소재지상세: 평안북도', 'score': 0.7384175968431592}, {'text_segment': '국가유산명_국문: 영덕 구 영해의용소방대 국가유산명_한자: NaN 국가유산종목: 국가등록문화유산 시도명: 경북 시군구명: 영덕군 시대: NaN 내용: 과거 영해의용소방대로 사용하였던 건물로 시대의 변화에 따라 다양한 용도로 사용되어왔고 또한 당시의 모습이 비교적 잘 남아있는 등 지역의 역사적 흔적을 증명하는 소중한 문화유산으로서 국가유산적 가치가 있는 것으로 평가되었다 소재지상세: 경상북도 영덕군 예주2길 11-8 (영해면)', 'score': 0.7378767095797159}, {'text_segment': '국가유산명_국문: 소반장 국가유산명_한자: 小盤匠 국가유산종목: 국가무형유산 시도명: 기타 시군구명:  시대: NaN 내용: 소반(小盤)이란 음식을 담은 그릇을 올려 놓는 작은 상으로 한국의 식생활에서 부터 제사의례에 이르기까지 여러 용도로 쓰이는 부엌가구이다 소반을 만드는 기술 또는 그 장인(匠人)을 소반장이라 한다 고구려 각저총·무용총 등의 고분벽화에는 여러 유형의 소반이 나타나고 있으며 『삼국사기(三國史記)』 『별사 (別賜)』 『경국대전 (經國大典)』등의 기록에 의하면 국가에 소속된 상을 만드는 기관이 분업화되어 생산을 담당하였던 것을 알 수 있다 조선시대에는 유교이념의 영향으로 겸상보다는 독상이 주로 사용되었고 제례·혼례 등 크고 작은 많은 행사들로 인하여 여러 용도의 상이 필요하게 되어 자연히 소반제작이 발달하게 되었다 소반의 종류는 산지·형태·용도에 따라 약 60여종으로 분류된다 크게 해주반 나주반 통영반 충주반 강원반 등으로 구분되는데 해주반은 조각 위주의 소반 나주반은 중대(中帶) 위주의 소반 통영반은 운각(雲脚) 위주의 소반이다 또한 다리모양에 있어서도 경상도는 죽절형(竹節形 : 대나무마디 모양) 전라도는 호족형(虎足形 : 호랑이발 모양) 강원특별자치도·경기도는 구족형(狗足形 : 개발 모양)이 주로 나타난다 소재지상세: 기타', 'score': 0.7272682406484998}, {'text_segment': '국가유산명_국문: 발해태조건국지·명림답부전 국가유산명_한자: 渤海太祖建國誌·明臨答夫傳 국가유산종목: 국가등록문화유산 시도명: 서울 시군구명: 서대문구 시대: NaN 내용: 『발해태조건국지』는 1925년 대한민국임시정부의 대통령을 맡기도 한 박은식(朴殷植 1859~1925)이 1911년에 서간도 환인현(桓仁縣) 홍도천에 있던 윤세복(尹世復)의 집에서 저술한 저작의 하나이다 그의 자는 성칠(聖七) 호는 백암(白庵) 겸곡(謙谷) 태백광노(太白狂奴) 무치생(無恥生)이고 이명(異名)은 인식(仁植) 기정(箕貞) 등이다 내용은 목차(서론 발해 이전의 고구려 말운 태조의 가계와 인격 고구려 유민의 생기 영웅의 은둔 활동시기 천문령의 대승첩 태조의 건국 발해의 강역 발해의 종교와 풍속 발해의 문학 태조의 외교 태조의 후손 결론)에서 보듯이 고구려 멸망 이후 대조영이 그 유민을 이끌고 발해를 건국한 과정과 영토 문물 종교 풍속 문학 외교 후손 등을 다루고 있다 합철된 『명림답부전』은 서론 끝의 “大皇祖降世四千三百六十八年(1911)九月日著者 識”와 같이 『발해태조건국지』보다 한 달 앞선 1911년 9월에 완성되었다 박은식이 상무적인 고구려의 많은 인물 중에서도 대표적인 애국충신으로 명림답부(67~179)를 선정하여 조국독립을 위하여 혈투하는 모습을 통하여 한국민의 애국심을 함양시키고자 저술한 전기이다 명림답부는 고구려 7대 차대왕을 제거하고 차대왕의 아우 백고를 신대왕으로 모신 인물이다 그는 고구려 최초의 국상이었고 뛰어난 지략으로 한나라 대군을 물리친 명장이기도 했다 박은식이 1911년 한국역사를 만주 중심으로 이해하면서 저술한 「발해태조건국지」와 「명림답부전」의 합철본인 「발해태조건국지‧명림답부전」은 일제강점기 민족주의 사가들의 고구려‧발해 인식을 가장 명료하게 보여주는 대표적 저술로 한국근대사학사와 한국독립운동사 분야에서 중요한 문헌이다 소재지상세: 서울특별시 서대문구 연세로 50 (신촌동 연세대학교) 박물관', 'score': 0.7205556652164797}]",중요한 물자 운송로
낙화암은 어떤 역사적 사건과 관련된 절벽인가요?,"[{'text_segment': '국가유산명_국문: 여수 거문도 근대역사문화공간 국가유산명_한자: NaN 국가유산종목: 국가등록문화유산 시도명: 전남 시군구명: 여수시 시대: 대한제국시기~ 내용: ｢여수 거문도 근대역사문화공간｣은 1885년 영국군의 거문도 점령 사건 이후 각 시기별 항만시설 군사시설 수산업관련 시설 등 역사적 흔적이 남아 있으며 각 시기를 대표하는 다양한 근대문화유산들이 곳곳에 분포하고 있어 근대역사문화공간인 면적 단위 문화유산으로서 등록할 가치가 있다 소재지상세: NaN', 'score': 0.8258641270255063}, {'text_segment': '국가유산명_국문: 낙화암 국가유산명_한자: 落花岩 국가유산종목: 문화유산자료 시도명: 충남 시군구명: 부여군 시대: NaN 내용: 충남 부여 백마강변의 부소산 서쪽 낭떠러지 바위를 가리켜 낙화암이라 부른다 낙화암은 백제 의자왕(재위 641∼660) 때 신라와 당나라 연합군이 일시에 수륙양면으로 쳐들어와 왕성(王城)에 육박하자 궁녀들이 굴욕을 면하지 못할 것을 알고 이곳에 와서 치마를 뒤집어쓰고 깊은 물에 몸을 던진 곳이라 한다 『삼국유사』 『백제고기』에 의하면 이곳의 원래 이름은 타사암이었다고 하는데 뒷날에 와서 궁녀들을 꽃에 비유하여 낙화암이라고 고쳐 불렀다 낙화암 꼭대기에는 백화정이란 정자가 있는데 궁녀들의 원혼을 추모하기 위해서 1929년에 세운 것이다 소재지상세: 충청남도 부여군 부여읍 쌍북리 678-2', 'score': 0.7871185541152954}, {'text_segment': '국가유산명_국문: 제주 4·3 수악주둔소 국가유산명_한자: 濟州 四·三 水嶽駐屯所 국가유산종목: 국가등록문화유산 시도명: 제주 시군구명: 서귀포시 시대: 대한민국 내용: 해방 이후 정부수립 및 한국전쟁 당시 정치적 사회적 혼란기 속에서 한국 현대사의 주요 사건이었던 제주 4․3사건의 역사성과 지역성을 지닌 대표적 유적으로 무장대 토벌을 위해 당시 만들어졌던 많은 주둔소 중에서 규모가 크고 건축적인 면에서 형식‧구조도 독특하며 보존상태도 양호하다 제주 4․3사건의 흔적이 대부분 사라지고 현존 유적도 극소수인 상태에서 제주 4․3사건을 재조명하고 그것으로부터 교훈을 얻기 위한 역사적 현장유구로서 상징적 의미가 있다 소재지상세: 제주특별자치도 서귀포시', 'score': 0.743553167366538}, {'text_segment': '국가유산명_국문: 고흥 소록도 4·6 사건 진정서 및 성명서 국가유산명_한자: NaN 국가유산종목: 국가등록문화유산 시도명: 전남 시군구명: 고흥군 시대: 1953년 ~1954년 내용: ‘고흥 소록도 4·6 사건 진정서 및 성명서’는 소록도 갱생원의 부정과 인권 유린에 맞서 한센인들이 자유와 인권의 목소리를 낸 &#39;김상태 원장 해임 운동(1953년)&#39; 및 &#39;소록도 4·6 사건(1954년)&#39;과 관련된 유물이다 1950년대 초반 소록도에서는 김상태 원장의 취임 이후 일제강점기의 제도와 관행들이 다시 부활되고 엄격한 경계선을 통해 환자에 대한 차별과 통제가 강화되었는데 소록도의 한센인들은 문제점과 비위사실이 적시된 진정서와 그에 별첨된 물품통계표를 작성하였고 진정서와 신문의 공개장이 별다른 반향이 없자 성명서를 발표하여 항거하였다 해당 유물은 4·6 사건의 경과와 내역을 알려주고 있으며 자유와 인권을 외친 한센병 환자들의 목소리를 보여주는 직접적인 유물로서 중요한 가치를 지니고 있다 소재지상세: 전라남도 고흥군 소록해안길 82 (도양읍 국립소록도병원 한센병박물관)', 'score': 0.7430386943973352}, {'text_segment': '국가유산명_국문: 홍재일기 국가유산명_한자: 鴻齋日記 국가유산종목: 국가등록문화유산 시도명: 전북 시군구명: 정읍시 시대: 조선시대 내용: 「홍재일기」는 전북 부안군 유생 기행현(奇幸鉉)이 23세(1866년)부터 68세(1911년)까지 약 45년간 작성한 일기로 총 7책(1099쪽 약425552자)이며 1책의 제목은 ‘도해재일기(道海齋日記)’ 2책부터 7책까지의 제목은 ‘홍재일기(鴻齋日記)’라고 되어 있다 홍재일기는 기행현의 후손이 보관하고 있으며 일기 내용은 동학농민혁명기 백산대회 일자를 1894년 음력 3월 26일로 특정하였고 1866년부터 1894년 동학농민혁명이 발발하기 전까지의 약 30년간의 물가변동 가뭄 세금 관련 내용 등이 기록되어 있으며 19세기 후반부터 20세기 초까지 부안을 중심으로 당시 지역사회의 변화상과 역사적 사건을 새롭게 조명하고 있다는 점에서 중요한 사료로 평가된다 소재지상세: 전북특별자치도 정읍시', 'score': 0.730719778980512}]",백제의 멸망 당시 궁녀들이 몸을 던진 절벽
거북선을 사용하여 일본군을 물리친 장군은 누구인가요?,"[{'text_segment': '국가유산명_국문: 이충무공선소유적 국가유산명_한자: 李忠武公船所遺蹟 국가유산종목: 시도기념물 시도명: 전남 시군구명: NaN 시대: NaN 내용: 이곳은 충무공(忠武公) 이순신(李舜臣) 장군이 조선기술(造船技術)을 가진 나대용(羅大用) 장군과 함께 임진왜란(壬辰倭亂) 때  해전에서 왜선을 격파하는 데 사용한 거북선을 만들던 장소이다 이곳에는 현재 자연적이 ㄴ지세를 이용하여  거북선을 대피시켰던 굴강(屈江)과 거북선을 매어 두었던  계선주(繫船柱) 일반인의 통행금지구역을 표시했던 벅수(석인(石人) 돌장승) 6기(동벅수 2기 서벅수 2기 굴강변벅수  2기) 그리고 수군들이 칼을 갈았다는 세검정지(洗劍亭址)의 초석이 남아 있다 소재지상세: 전남 여수시 시전동 708번지', 'score': 0.8285263478755951}, {'text_segment': '국가유산명_국문: 군자정 국가유산명_한자: 君子亭 국가유산종목: 시도유형문화유산 시도명: 경북 시군구명: 영주시 시대: NaN 내용: 영남 사림의 대표적 인물인 이황 선생의 제자로서 학문적인 책을 많이 남긴 이덕홍(1541∼1596) 선생이 공부 하던 정자이다 선생은 10여 세에 이황의 제자로 들어가 오로지 학문에만 열중하였다 임진왜란 당시 바다에는 거북선을 육지에는 거북선 모양의 수레를 사용할 것을 주장하기도 하였다 임진왜란 후에는 백성을 구제하는데 온 힘을 기울였으며 많은 책을 남겼다 군자정은 조선 선조 3년(1570)에 지은 것으로 앞면 3칸·옆면 2칸 규모이며 지붕은 여덟 팔(八)자 모양으로 가장 화려한 팔작지붕이다 정자의 앞쪽에는 군자당이란 연못이 있고 서쪽에는 이덕홍의 학문과 덕행을 추모하기 위해 현종 6년(1665)에 지은 오계서원이 있다 군자정은 조선시대 사림의 전형적인 정자이다 소재지상세: 경북 영주시 평은면 천본리 55-1번지', 'score': 0.7584608651267934}, {'text_segment': '국가유산명_국문: 조순 장군비 국가유산명_한자: 趙純 將軍碑 국가유산종목: 문화유산자료 시도명: 경남 시군구명: 함안군 시대: NaN 내용: 함안천 동쪽 언덕 위에 자리하고 있는 비로 조순  장군의 지조를 기리고 있다 조순은 요동을 정벌할 때 좌중군을 맡아 출정하였으며 위화도에 이르러 이성계가 회군하려 하자 이를 적극 반대하며 벼슬을 버리고 고향으로 돌아가 나오지 않았다 이성계가 왕위에 오른 후 그를 여러번 불렀으나 끝내 나아가지 않았고 그가 죽은 후 왕이 그의 집 앞에 비를 세우도록 하여 누구든 이 비를 지나갈 때에는 말에서 내릴 것을 명하였다 비는 납작한 받침돌 위로 비몸을 세운 모습으로 비의 윗변을 둥글게 다듬었다 훗날 집 앞에 부서져 있던 것을 이곳으로 옮겨 보존하고 있다 소재지상세: 경남 함안군 가야읍 검암리 586-1번지', 'score': 0.7278467949111542}, {'text_segment': '국가유산명_국문: 김좌진장군비 국가유산명_한자: 金佐鎭將軍碑 국가유산종목: 문화유산자료 시도명: 충남 시군구명: 홍성군 시대: 1949 내용: 독립운동에 일생을 바친 김좌진 장군의 업적을 기념하기 위해 세운 비이다 김좌진(1889∼1930) 장군은 홍성에서 태어나 15세에 집안의 노비를 풀어주고 그들에게 농사지어 먹고 살만한 논밭을 골고루 나누어 주었다 1905년 서울로 올라와 육군무관학교에 들어갔으며 1907년 고향에 돌아와 호명학교를 세우고 90여칸의 자기집을 학교건물로 쓰게 했다 광복단에 들어가 항일투쟁을 하다 1918년 만주로 건너가 31 독립선언에 전주곡이 되는 무오독립선언서에 39명의 민족지도자의 한사람으로 서명하였다 그 후 북로군정서의 총사령관으로서 독립군 양성에 주력하였고 청산리에서 일본군을 대파하는 등 항일독립운동에 큰 공을 세웠다 1930년 공산주의자 박상실의 흉탄에 맞아 자택 근처에서 순국하였다 1949년 대한청년단 홍성군단의 성금으로 이 비를 세웠다 소재지상세: 충청남도 홍성군', 'score': 0.722518479777801}, {'text_segment': '국가유산명_국문: 나대용생가및묘소 국가유산명_한자: 羅大用生家및墓所 국가유산종목: 시도기념물 시도명: 전남 시군구명: 나주시 시대: NaN 내용: 조선 선조 때의 유명한 장군인 체암(遞菴) 나대용(1556∼1612)의 생가와 묘소가 있는 곳이다 선조 16년(1583) 무과에 합격한 후 군함 연구에 관심을 갖고 10여년간 거북선을 연구 제작 실험하였다 임진왜란이 일어나기 1년 전인 선조 24년(1591) 이순신 장군을 찾아가 거북선 제작을 협의하고 3척을 처음 진수하였다 임진왜란이 일어나자 옥포해전 명량해전 노량해전 등에서 커다란 공을 세웠으며 임진왜란 후에는 새로운 전함인 창선과 쾌속정인 해추선을 발명하였다 1611년 경기수군을 관할하는 교동수사에 임명되었으나 전쟁 때 입은 상처가 도져서 부임하지 못하고 1612년 생을 마감하였다 『충무전서』『난중일기』『조선왕조실록』등에 그에 대한 기록이 전해진다 전라남도 나주시 문평면 오룡리에 위치한 그의 생가는 남향집으로 앞면 4칸·옆면 1칸의 초가집이며 묘소는 생가가 있는 마을에서 약 3㎞ 떨어진 산기슭에 위치하고 있다 소재지상세: 전남 나주시 문평면 오륜길 28-5 (오룡리)', 'score': 0.7212943115537591}]",이순신 장군
황산벌 전투에서 신라군과 싸운 백제의 장군은 누구인가요?,"[{'text_segment': '국가유산명_국문: 계백장군유적전승지 국가유산명_한자: 階伯將軍遺蹟傳承地 국가유산종목: 시도기념물 시도명: 충남 시군구명: 논산시 시대: NaN 내용: 성충(成忠) 흥수(興首)와 더불어 백제의 3충신으로 꼽히는 백제 말기의 명장 계백 장군의 무덤으로 추정되는 곳이다 계백 장군은 의자왕 20년(660)에 나·당 연합군이 백제의 요충지인 탄현과 백강으로 진격해오자 5천여명의 결사대를 이끌고 황산벌에서 신라 김유신의 5만 대군에 맞서 싸웠다 전장에 나가기 전에는 가족들이 적의 노비가 되는 부끄러움을 면하기 위해 스스로 부인과 자식을 죽이고 떠났다고 한다 죽음을 각오한 결사대의 용맹스러운 활약으로 4번의 싸움에서 이겼으나 수적인 열세로 말미암아 마침내 장렬한 최후를 맞았다 이곳을 계백 장군의 무덤으로 간주하는 이유는 옛 문헌에서 계백의 목이 잘렸다고 전하는 ‘수락산’과 계백의 시신을 급히 거두어 가매장했다는 ‘가장곡’이 바로 이곳이라는 점과 계백 장군의 위패를 모신 충곡서원이 바로 뒷편에 있다는 점이다 또한 무덤지역의 동남쪽이 백제와 신라의 마지막 격전지였던 황산벌이라는 점도 있다 원래 무덤 일원은 돌덧널(석곽)이 노출된 채 방치되어 있었는데 1970년대 후반에 보수공사를 거쳐 현재의 모습을 갖추었다 소재지상세: 충남 논산시 부적면 신풍리 산4번지 외 27필', 'score': 0.8392510712146759}, {'text_segment': '국가유산명_국문: 김유신장군유허지 국가유산명_한자: 金庾信將軍遺墟址 국가유산종목: 시도기념물 시도명: 충북 시군구명: 진천군 시대: NaN 내용: 신라가 삼국통일을 이루는데 중심적인 역할을 한 김유신(595∼673) 장군이 태어난 곳이다 김유신은 금관가야의 마지막 왕인 구해왕의 증손으로 아버지 서현과 어머니 만명부인 사이에서 태어났다 신라 무열왕 7년(660) 상대등이 되어 신라군을 이끌고 당나라 군대와 함께 계백 장군이 거느린 백제군을 황산벌에서 무찔러 백제를 멸망시켰다 문무왕 8년(668) 나·당연합군이 고구려를 공략할 때도 신라군의 총사령관이 되어 고구려를 멸망시켰고 이어서 삼국의 영토에 야심을 드러낸 당나라 군대도 물리침으로써 삼국통일의 위업을 달성하였다 이곳에는 앞면 3칸·옆면 2칸의 재실 유허비와 최남선이 쓴 비문이 있다 뒤로는 장군의 탯줄을 묻은 태령산이 있고 주위에는 여보정 치마대들이 있다 해제사유: 사적 제414호 김유신탄생지및태실 로 승격지정됨에 따라 해제됨 소재지상세: 충북 진천군 진천읍 김유신길 170-4 (상계리)', 'score': 0.7615065745908605}, {'text_segment': '국가유산명_국문: 개태사지 국가유산명_한자: 開泰寺址 국가유산종목: 시도기념물 시도명: 충남 시군구명: 논산시 시대: NaN 내용: 개태사는 고려 태조 왕건이 후백제 세력을 완전히 물리친 후 태조 23년(940)에 지은 절이다 당시 절 안에는 태조의 초상화가 있어서 나라에 전쟁의 기미가 있으면 그 앞에 기원문을 올려 나라가 태평하기를 빌었다고 한다 그 후 이 절은 고려 후기에 이르러 왜구의 빈번한 약탈에 의해 차츰 기울어진 것으로 보인다 현재의 위치는 세종 10년(1428)에 옮겨진 것으로 개태사 안에는 개태사지삼존불상(보물 제219호)이 있고 이외에도 석탑과 쇠솥이 있다 전성기에 장국을 끓였다고 전해지는 이 쇠솥은 지름 3m 높이 1m 둘레 94m에 이를 정도여서 수백명의 승려가 기거했다는 전설을 사실로 뒷받침하고 있다 건물 자리와 주춧돌 석조 불상의 대좌 죽대들이 남아 있으며 이곳에서 출토된 청동제 반자는 국립부여박물관에 소장되어 있다 이 절터에 있었던 석조불좌상 1구는 상방산의 한 암자에 안치되어 있다 개태사터 일대는 삼국시대 후기 신라군이 당과 동맹을 맺고 백제를 공략할 때 통과한 진격로로 백제의 계백 장군이 5천 결사대를 이끌고 근처 황산벌에서 신라와 최후의 전투를 벌였던 장소로 유명하다 그후에도 군사·교통의 요충지로 주목을 받았던 곳이다 또한 주변에는 사찰을 지키기 위해 만든 약 6㎞에 달하는 토성이 있다 소재지상세: 충남 논산시 연산면 천호리 29-1번지 3필', 'score': 0.7560320920753645}, {'text_segment': '국가유산명_국문: 논산표정리고분군 국가유산명_한자: 論山表井里古墳群 국가유산종목: 시도기념물 시도명: 충남 시군구명: 논산시 시대: NaN 내용: 신라와 백제의 황산벌 전투가 있었다는 충청남도 논산시 표정리 뒷산 기슭에 분포하는 수천 기의 백제무덤들이다 광복후 도굴에 의해 대부분이 파괴된 상태로 4차례 발굴조사를 통하여 굴식돌방무덤(횡혈식석실묘) 20기 앞트기식돌방무덤(횡구식돌방무덤) 18기 독무덤(옹관묘) 1기가 발견되었다 토기들은 굽다리접시(고배) 병형토기 굽다리단지(유대호) 그릇받침(기대) 세발토기(삼족토기)를 비롯하여 많은 종류와 양이 출토되어 계통·성격·분포·연구에 좋은 자료가 된다 병형토기의 경우 이곳에서 4점이 나왔는데 한반도에서는 나주대안리고분(사적)에서 1점만이 출토된 희귀한 형태이다 굽다리단지의 경우 낙동강 유역의 것과 같은 형태로 문화 교류 상황을 보여주고 있다 백제의 전형인 세발토기는 가장 많이 출토되는 토기로 모두 뚜껑을 가지고 있다 토기의 변천과 신라·가야 토기와의 비교를 통해 대체로 5∼6세기초에 형성된 무덤들로 추정된다 표정리 무덤들은 신라와 가야의 토기들이 출토되어 당시 이 지역의 문화교류내지 영향을 살펴볼 수 있는 좋은 자료로 평가된다 소재지상세: 충남 논산시 연산면 표정리 산58-2번지 외 2필', 'score': 0.7227875886422752}, {'text_segment': '국가유산명_국문: 6·25 전쟁 군사 기록물(공군 전투비행단) 국가유산명_한자: NaN 국가유산종목: 국가등록문화유산 시도명: 충북 시군구명: 청주시 시대: 1953년 등 내용: ‘6·25전쟁 군사 기록물(공군 전투비행단)’은 전쟁 당시 공군 제10전투비행단(당시 강릉기지)과 관련된 유물인 제10전투비행단 종합보고서·비행기록수첩 및 출격 표시 작전지도·10비 군사일지·조종사 출격일지·김영환 장군 명패로 총 6건 8점의 유물이다 ① 제10전투비행단 종합보고서는 비행단의 작전·정보·교육·기상 등 작전 요소를 망라하여 도면과 문서로 정리한 유물로 국군과 북한군의 상황을 알 수 있는 자료다 ② 비행기록 수첩·출격 표시 작전지도는 참전 조종사(임상섭)가 1952년부터 1953년까지 작전을 수행한 지역을 수첩에 기록하고 지도에 표시한 유물로 당시 연습·출격기록을 알 수 있는 자료다 ③ 10비 군사일지는 1951년부터 1955년까지 2권으로 구성되어 있으며 부대의 주요 활동을 일자순으로 기록한 것으로 당시 비행단의 활동상황을 살펴볼 수 있다 ④ 조종사 출격일지는 참전 조종사(이배선)가 1952년부터 1953년까지의 출격일시·목표지점·임무·작전지도․마음가짐 등을 일자별로 상세히 기록한 것으로 전투조종사의 활약을 살펴볼 수 있다 ⑤ 김영환 장군 명패는 초대 제10전투비행전대장 시기(19518~1110)에 조종사 일동이 제작한 것이다 김영환 장군은 비행전대장 재직 당시 무장공비가 잠입한 해인사 폭격명령을 거부해 문화유산을 지켜낸 공적으로도 알려져 있다 해당 유물들은 6·25전쟁 시 공군의 작전수행 상황을 알 수 있는 자료로서 희귀하며 역사·사료적 가치를 지닌다 소재지상세: 충청북도 청주시 상당구 남일면 쌍수리 335-1 공군박물관', 'score': 0.715716461813821}]",계백
장군총은 어느 나라의 대표적인 무덤 양식인가요?,"[{'text_segment': '국가유산명_국문: 서울 석촌동 고분군 국가유산명_한자: 서울 石村洞 古墳群 국가유산종목: 사적 시도명: 서울 시군구명: 송파구 시대: 백제시대 초기 내용: 석촌동 무덤들은 백제 초기에 만들어진 무덤으로서 일제시대 때 처음 조사되었다 1호 2호 무덤은 주민들이 농사짓는 땅으로 이용해서 내부구조와 유물은 정확히 알 수 없었으며 3호 무덤은 기원전·후부터 나타나는 고구려 무덤 형식인 기단식돌무지무덤(기단식적석총)이다 무덤은 높은 지형을 평평하게 하고 밑 테두리에는 매우 크고 긴 돌을 두르고 자연석으로 층단을 이루면서 쌓아올려 3단으로 되었는데 옛 고구려 지역인 만주 통구에 있는 장군총보다 큰 것임이 밝혀졌다 5호 무덤은 조사가 완전하게 되지 않아 구조와 유물에 대해서는 확실히 알 수 없으며 무덤 주변에는 무덤을 두르고 있는 돌을 2단으로 쌓았다 내부구조에 대해서 확실히 알 수는 없고 이 지역 지배계층의 무덤으로서 주변에 만들어진 무덤의 주인보다는 낮은 계층의 사람들 같고 독무덤(옹관묘)이나 작은 돌방무덤(석실묘)에 묻힌 사람들 보다는 조금 높은 신분계층의 사람들의 무덤으로 볼 수 있다 이 무덤들은 가락동·방이동 무덤과 함께 초기 백제의 문화와 역사를 알려주는 중요한 자료이다 ※&#39;석촌동백제초기적석총&#39;은 &#39;서울 석촌동 고분군&#39;으로 명칭변경 되었습니다 (20110728 고시)  소재지상세: 서울 송파구 석촌동 61-6번지', 'score': 0.6826071888208389}, {'text_segment': '국가유산명_국문: 서울 보화각 국가유산명_한자: NaN 국가유산종목: 국가등록문화유산 시도명: 서울 시군구명: 성북구 시대: 일제강점기 내용: ‘서울 보화각’은 간송 전형필선생(1906〜1962)이 우리나라 전통미술품 등 유물 보존 및 활용을 위해 1938년 건립한 사립미술관으로 건축가 박길룡(1898〜1943)이 설계한 모더니즘 양식의 건축물이다 일제강점기 사회적으로 어려운 여건 속에서 우리나라를 대표하는 다수의 문화유산이 멸실 위기 속에서 보전 될 수 있도록 중요한 역할을 하였던 장소로서 역사적 의미가 크다 소재지상세: 서울특별시 성북구 성북로 102-11 (성북동 간송미술관)', 'score': 0.674780119101824}, {'text_segment': '국가유산명_국문: 주암댐지석묘군 국가유산명_한자: 住岩댐支石墓群 국가유산종목: 문화유산자료 시도명: 전남 시군구명: 순천시 시대: NaN 내용: 지석묘는 청동기시대의 대표적인 무덤으로 고인돌이라고도 부르며 주로 경제력이 있거나 정치권력을 가진 지배층의 무덤으로 알려져 있다 우리나라의 고인돌은 4개의 받침돌을 세워 돌방을 만들고 그 위에 거대하고 평평한 덮개돌을 올려 놓은 탁자식과 땅속에 돌방을 만들고 작은 받침을 세운 뒤 그 위에 덮개돌을 올린 바둑판식으로 구분된다 전라남도 지방은 전국에서 고인돌이 가장 많이 분포하는 지역으로 지금까지 발견된 것만 해도 약 2만여 기가 넘는다 순천에 있는 이 고인돌군은 1986∼1987년 주암댐 수몰지구에서 발굴조사된 것 가운데 상태가 양호한 고인돌을 송광 고인돌 공원으로 이전하여 복원한 것이다 이들 고인돌 중 송광면 우산리 내우에서 옮겨온 50여 기의 고인돌이 가장 대표적이며 이곳에서는 비파형동검·간돌칼·돌화살촉·홈자귀 등 많은 유물이 출토되었다 이곳 공원에는 현재 약 140여 기의 고인돌이 전시되어 있으며 우리나라의 대표적인 고인돌 학습장으로 각광받고 있다 소재지상세: 전남 순천시 송광면 우산리 476번지 외', 'score': 0.6600474160402885}, {'text_segment': '국가유산명_국문: 칠성당지석묘군 국가유산명_한자: 七星堂支石墓群 국가유산종목: 문화유산자료 시도명: 대전 시군구명: 유성구 시대: 청동기 내용: 지석묘는 청동기시대의 대표적인 무덤으로 고인돌이라고도 부르며 주로 경제력이 있거나 정치권력을 가진 지배층의 무덤으로 알려져 있다 우리나라의 고인돌은 4개의 받침돌을 세워 돌방을 만들고 그 위에 거대하고 평평한 덮개돌을 올려 놓은 탁자식과 땅속에 돌방을 만들고 작은 받침돌을 세운 뒤 그 위에 덮개돌을 올린 바둑판식으로 구분된다 대전 유성구 교촌동의 마을 뒷산에 있는 남방식 고인돌로 모두 7기가 밀집되어 있다 이 고인돌은 작은 것은 길이 1m 큰 것은 약 7m로 다양하며 일부는 받침돌이 지상에 노출되어 있다 옛날에 아기를 낳지 못한 한 여인이 북두칠성 모양을 한 7개의 바위들을 발견하고 백일 동안 하루도 빠지지 않고 아들 낳기를 빌어 얼마 후에 아들을 낳아 소원을 성취했다는 내용의 전설이 전해지고 있다 이때부터 사람들은 바위들이 대단한 영험을 지니고 있다고 믿게 되었고 칠성바위를 대상으로 제사를 지내며 마을의 무사태평과 안녕을 기원했다고 한다 이 고인돌군은 반경 2∼3㎞ 안에 있는 원내동과 대정동 일원의 고인돌들과 함께 대전 지역의 청동기시대 무덤 양식 및 생활 양상을 이해하는데 중요한 자료가 된다 소재지상세: 대전 유성구 교촌동 산7-1번지', 'score': 0.6348836606557717}, {'text_segment': '국가유산명_국문: 고흥과역리민등지석묘군 국가유산명_한자: 高興過驛里珉燈支石墓群 국가유산종목: 시도기념물 시도명: 전남 시군구명: 고흥군 시대: 선사시대 내용: 지석묘는 청동기시대의 대표적인 무덤으로 고인돌이라고도 부르며 주로 경제력이 있거나 정치권력을 가진 지배층의 무덤으로 알려져 있다 우리나라의 고인돌은 4개의 받침돌을 세워 돌방을 만들고 그 위에 거대하고 평평한 덮개돌을 올려 놓은 탁자식과 땅 속에 돌방을 만들고 작은 받침돌을 세운 뒤 그 위에 덮개돌을 세운 바둑판식으로 구분된다 전라남도 고흥군 과역리에 있는 이 고인돌은 바둑판식으로 한 곳에 50여 기 이상이 무리지어 있다 가장 큰 덮개돌의 길이 4∼5m이고 너비는 25∼3m이며 작은 덮개돌의 길이는 06∼15m이다 돌화살촉 돌검 비파형동검 등의 무기류와 붉은 간토기 장식옥 등이 출토되었고 무덤 주위에서는 생활용구와 공구류 같은 석기와 토기조각들이 다수 발견되었다 우리나라에서 몇 안되는 대표적인 고인돌군으로 대형 고인돌을 중심으로 무리지어 있어 청동기시대 고인돌 사회를 연구하는데 귀중한 자료가 되고 있다 소재지상세: 전남 고흥군 과역면 과역리 산37번지', 'score': 0.6269078045863958}]",고구려
마을 신당은 어떤 용도로 사용된 장소인가요?,"[{'text_segment': '국가유산명_국문: 영덕 상의당 국가유산명_한자: 盈德 尙儀堂 국가유산종목: 문화유산자료 시도명: 경북 시군구명: 영덕군 시대: NaN 내용: 상의당은 승지(承旨) 상의당(尙儀堂) 백충언(白忠彦)을 기리기 위해 조선 숙종때 5세손 백선 백돈 형제에 의해 초건되었다고 전하며 그 뒤 후손 백중건 등이 1869년(고종6)에 중수하여 정자 형태로 사용하다가 후에 별당 등의 용도로 사용한 건물이라 한다 마루 상부 상량문의「丙寅3月」이라는 묵서(墨書)로 미루어 1866년에 세운 것으로 보인다 상의당의 서까래 장연부분은 경사가 거의 없고 귀마루곡은 수평에 가까운 평 물매 형태를 보이며 단연은 된 물매로서 박공부분은 고깔모자를 연상케 하는 특이한 형태를 나타내고 있는 점이 특징이다 소재지상세: 경상북도 영덕군 원구길 30-1 (영해면)', 'score': 0.8527670999649699}, {'text_segment': '국가유산명_국문: 남해당항리느티나무 국가유산명_한자: 南海唐項里느티나무 국가유산종목: 시도기념물 시도명: 경남 시군구명: 남해군 시대: 조선 내용: 느티나무는 우리나라를 비롯하여 일본 대만 중국 등의 따뜻한 지방에 분포하고 있다 가지가 사방으로 퍼져 자라서 둥근 형태로 보이며 꽃은 5월에 피고 열매는 원반모양으로 10월에 익는다 줄기가 굵고 수명이 길어서 쉼터역할을 하는 정자나무로 이용되거나 마을을 보호하고 지켜주는 당산나무로 보호를 받아왔다 마을 앞 들판 가운데에서 자라고 있는 당황리 느티나무의 나이는 500년 정도로 추정되며 높이 19m 둘레 6m이다 오랜 세월동안 이 마을의 모임장소와 휴식처로 사용되고 있으며 마을의 무사태평과 풍년을 기원하는 당산제를 지내고 있다 남해 당황리 느티나무는 희로애락의 숱한 세월을 지나 지금까지 버티고 서 있는 터줏대감같은 나무로 문화적 가치가 커서 기념물로 지정되었다 소재지상세: 경남 남해군 남면 당항리 1503-4번지 3필', 'score': 0.8129742741584778}, {'text_segment': '국가유산명_국문: 안동이로당 국가유산명_한자: NaN 국가유산종목: 문화유산자료 시도명: 경북 시군구명: 안동시 시대: NaN 내용: 안동 이로당은 조선중기 관료이자 학자인 호봉(壺峰) 이돈(李燉 1568-1624)이 벼슬을 버리고 고향으로 돌아와 후손들과 지역의 자제들을 교육하기 위하여 건립한 정사이다 마애 마을 오른편 가장 높은 곳에 남서향으로 위치하여 앞으로는 들이 펼쳐져 있고 그 너머에는 낙동강이 굽이돌아 흐르고 강 건너편 기슭에는 단애(赤壁三峰)가 병풍처럼 펼쳐져 절경을 이루고 있어 학문과 휴식을 위한 정사의 입지로서는 부족함이 없는 최적의 장소이다 건물은 정면4칸 측면 1칸반 규모의 홑처마 팔작지붕으로 좌우에 각 1칸씩의 온돌방을 두었으며 좌측 온돌방을 제외한 나머지 정면3칸은 전면에 툇마루가 들여져 있다 대청의 전면은 모두 개방하고 배면은 판머름 위에 두 짝 울거미 널문을 달았다 널문의 위틀에는 철원산이 박혀있는데 이 창호 철물은 오래된 건물에서만 볼 수 있는 고식으로 이로당의 역사를 대변해 주고 있다 대청 상부 가구는 5량가로 장통보 위에는 동자주가 삼분변작법으로 가구되어 꾸밈새의 안정감을 더해 주고 있다 또한 마애 마을의 표상인 적벽삼봉의 장관을 산수정(민속자료 제122호)과 함께 나누어 안대로 삼고서 지켜보고 있으며 오랜 세월동안 강학공간으로 마애 마을의 역사 문화 환경의 중요한 구성요소라 할 수 있다 소재지상세: 경상북도 안동시 마애길 85-13 (풍산읍 이로당)', 'score': 0.7995602765688223}, {'text_segment': '국가유산명_국문: 구 통영군청 국가유산명_한자: 舊 統營郡廳 국가유산종목: 국가등록문화유산 시도명: 경남 시군구명: 통영시 시대: 1943 내용: 1943년 건립\r\n이 건물은 통영군청으로 지어졌으며 1995년까지 사용되다가 충무시청과 통영시청이 통합된 후 통영시청 별관으로 2002년까지 사용되었다 현재는 ‘통영국제음악제 페스티벌하우스’라는 이름으로 다시 태어나 세계적인 음악가를 기리는 장소가 되었다 주 출입구가 있는 가운데 부분이 약 1m정도 돌출되어 전체적으로 좌우 대칭을 이루며 2층 위쪽에 국기봉을 꽂을 수 있는 게양대를 반원형 기둥 모양으로 구성하였다 건립 당시의 외관을 그대로 간직하고 있으며 ‘윤이상 거리’와 함께 통영 지역 문화·예술 활동의 전당으로 활용되고 있다\r\nㅇ 1943년 통영군청으로 지어져 통영시청 별관으로 사용되다가 2002년부터 윤이상 페스티벌하우스로 사용되고 있는 건물이다\r\nㅇ 연혁 \r\n- 1943년부터 통영군으로 사용\r\n- 1995년 1월 1일부터 충무시와 통영군이 통합되어 통영시가 설치되면서 신청사로 이전\r\n- 1995년부터 통영시청 별관으로 사용\r\n- 2002년부터 윤이상 페스티벌하우스로 용도변경하면서 전면 개보수 됨 소재지상세: 경남 통영시 중앙로 65 (도천동)', 'score': 0.744471682270113}, {'text_segment': '국가유산명_국문: 순천 향약재 국가유산명_한자: 順天 鄕約齋 국가유산종목: 문화유산자료 시도명: 전남 시군구명: 순천시 시대: NaN 내용: 마을 공동 규약인 중국의 ‘향약’과 우리나라에 전통 계모임이 결합된 형태인 마을 향약계에서 만든 재실이다 『향약절목』에 따르면 당시 각 면에는 재실을 마련하여 향약의 집회와 향음주례를 행하였다고 하는데 이 재실 또한 그러한 용도의 장소였다 철종 1년(1850)에 세운 이 건물은 一자형 평면을 갖춘 건물로 가운데에 대청마루를 두고 양 옆으로 방을 배치하였다 지붕은 옆면에서 볼 때 여덟 팔(八)자 모양을 한 팔작지붕이다 세운 이후 조선 후기까지 이용하다가 이 향약재를 제외한 나머지는 없어졌으나 이곳에서만은 선인들의 취지를 계승하고 지금까지 보존·관리해오고 있다 독립된 향약 건물로는 전남지방에 남아 있는 유일한 향약재로 그 의미가 크다 소재지상세: 전남 순천시 주암면 약촌안길 46 (한곡리)', 'score': 0.7255490354884997}]",전통적인 민간 신앙의 제사를 지내는 장소
단양적성비는 누구의 정복을 기념하기 위해 세워졌나요?,"[{'text_segment': '국가유산명_국문: 남해금산영응기적비대한중흥공덕축성비 국가유산명_한자: 南海錦山靈應紀蹟碑大韓中興頌德祝聖碑 국가유산종목: 문화유산자료 시도명: 경남 시군구명: 남해군 시대: NaN 내용: 삼불암 아래의 비각 안에 있는 2기의 비로 조선 왕조의 개창자인 태조 이성계와 관련된 유적지임을 기념하기 위해 의정부 찬정거 윤정구가 건립한 것이라 한다 왼쪽 비에는 ‘남해금산영응기적비(南海錦山靈鷹紀蹟碑)’ 오른쪽 비에는 ‘대한중흥공덕시성비(大韓中興公德視聖碑)’라 새겨 비의 이름을 밝히고 있다 광무 7년(1903)에 세웠다 소재지상세: 경남 남해군 상주면 보리암로 691 (상주리)', 'score': 0.820831393174541}, {'text_segment': '국가유산명_국문: 단양 우화교기사비 국가유산명_한자: 丹陽 羽化橋記事碑 국가유산종목: 시도유형문화유산 시도명: 충북 시군구명: 단양군 시대: NaN 내용: 조선 영조 29년(1753) 단양군수였던 이기중이 단양천에 돌다리를 만든 후 그 기념으로 세운 비이다 다리는 ‘우화교’라 이름지었는데 큰 홍수로 인해 파괴되고 현재는 이 비만 남아 있다 비는 네모진 받침 위에 길쭉한 직사각형의 비몸을 세웠다 비문에는 다리를 설치할 때 참여한 사람들과 목공 토공 석공의 이름을 새겨놓았다 다리를 놓은 그 이듬해인 영조 30년(1754)에 이 비를 세웠다 소재지상세: 충북 단양군 단성면 하방3길 24 (하방리)', 'score': 0.734722837805748}, {'text_segment': '국가유산명_국문: 성주해평동측백나무 국가유산명_한자: 星州海平洞측백나무 국가유산종목: 시도기념물 시도명: 경북 시군구명: 성주군 시대: NaN 내용: 측백나무는 중국 및 우리나라에 분포하고 있으며 우리나라에는 단양 달성 안동 영양 등지에서 자라고 있다 절벽 바위에 뿌리를 내리고 숲을 이루는 경우가 많으며 주변환경을 아름답게 하기 위해 주택과 마을 주변에 많이 심고 있다 (고사에 의해 해제됨)\r\n 해평동 측백나무의 나이는 320년 정도로 추정되며 높이는 약 25m이다 가지는 다섯 개로 갈라져 있는데 두 가지만이 정상적으로 자라고 있다 조선 인조(1623∼1649) 때 충청도 임천군수 여효증이 군민들이 기념으로 준 어린나무를 가져와 만연당 뜰에 심은 것이라 하는데 우리나라가 일본에게 국권을 빼앗겼던 1910년에는 사흘동안 울었다는 전설이 전해진다 해평동 측백나무는 나무의 형태가 기이하게 생긴 명목(名木)으로서 잘 보호되어 왔다\r\n(고사에 의해 해제)  소재지상세: 경북 성주군 벽진면 수촌3길 40 (수촌리)', 'score': 0.6453281097364798}, {'text_segment': '국가유산명_국문: 단양 원주이씨 효열각 국가유산명_한자: 丹陽 原州李氏 孝烈閣 국가유산종목: 문화유산자료 시도명: 충북 시군구명: 단양군 시대: 조선시대 내용: 효자문은 1828년 단양의 효자 이상문의 효행을 기려 정려를 내린 사실에 의거하여 나라에서 설립한 건축물이다 열녀문은 1884년 이민열(李民烈)의 처 전의이씨(全義李氏)에게 내려진 정려에 의거하여 나라에서 설립한 건물이다 건물 내부에는 \r\n- 효자학생원주이상문지려 (孝子學生原州李尙文之閭)\r\n- 효자증동몽교관조봉대부이상문지려(孝子贈童蒙敎官朝奉大夫李尙文之閭)\r\n- 열녀학생이민열지처전의이씨지생정려(烈女學生李民烈之妻全義李氏之生旌閭) 등 \r\n세 개의 편액이 게판되어 있다 단양 원주이씨 종중에서 관리하고 있는 효자문 및 열녀문은 이신우의 24세손 이상문(李尙文 1697-1767)과 27세손인 이민열의 처 전의이씨와 관련된 정려(旌閭)이다 이상문은 효행으로 이름이 알려졌으며 그와 관련된 기록은 순조실록 28년 무자(1828) 10월 9일조 1900년대에 편찬된 속수삼강록(續修三綱錄) 및 2005년에 편찬된 단양군지(丹陽郡志) 인물조 등을 통해 확인할 수 있다 소재지상세: 충청북도 단양군 매포읍 평동리 874 원주이씨 효열각 873-8', 'score': 0.6453053797033883}, {'text_segment': '국가유산명_국문: 안성 성 김대건 안드레아 신부 기념성당 국가유산명_한자: NaN 국가유산종목: 국가등록문화유산 시도명: 경기 시군구명: 안성시 시대: 1928년 내용: 한국 최초 천주교 사제인 김대건 신부와 직접적으로 관련 있는 성당 및 묘역들로 해당 대상들을 통해 한국 천주교의 발전 역사를 확인할 수 있다 기념성당 자체도 원형이 상당히 잘 유지되어 있고 성당 앞에 위치한 묘역들에 의해 성당의 상징성과 장소성이 더욱 드러난다 소재지상세: 경기도 안성시 양성면 미산리 산 108-1', 'score': 0.6252996568236516}]",신라 진흥왕
삼국 통일 과정에서 중요한 역할을 한 신라의 명장은 누구인가요?,"[{'text_segment': '국가유산명_국문: 김유신장군유허지 국가유산명_한자: 金庾信將軍遺墟址 국가유산종목: 시도기념물 시도명: 충북 시군구명: 진천군 시대: NaN 내용: 신라가 삼국통일을 이루는데 중심적인 역할을 한 김유신(595∼673) 장군이 태어난 곳이다 김유신은 금관가야의 마지막 왕인 구해왕의 증손으로 아버지 서현과 어머니 만명부인 사이에서 태어났다 신라 무열왕 7년(660) 상대등이 되어 신라군을 이끌고 당나라 군대와 함께 계백 장군이 거느린 백제군을 황산벌에서 무찔러 백제를 멸망시켰다 문무왕 8년(668) 나·당연합군이 고구려를 공략할 때도 신라군의 총사령관이 되어 고구려를 멸망시켰고 이어서 삼국의 영토에 야심을 드러낸 당나라 군대도 물리침으로써 삼국통일의 위업을 달성하였다 이곳에는 앞면 3칸·옆면 2칸의 재실 유허비와 최남선이 쓴 비문이 있다 뒤로는 장군의 탯줄을 묻은 태령산이 있고 주위에는 여보정 치마대들이 있다 해제사유: 사적 제414호 김유신탄생지및태실 로 승격지정됨에 따라 해제됨 소재지상세: 충북 진천군 진천읍 김유신길 170-4 (상계리)', 'score': 0.8056440161694317}, {'text_segment': '국가유산명_국문: 연천 대전리 산성 국가유산명_한자: 漣川 大田里 山城 국가유산종목: 시도기념물 시도명: 경기 시군구명: 연천군 시대: 삼국시대 내용: 대전리산성은 나당전쟁의 최후 격전지인 &#39;매초성&#39;의 가장 유력한 후보지로 석축산성이다 한탄강에 인접한 성재산의 남서쪽 봉우리 정상부에 위치하여 주변의 교통로뿐만 아니라 한탄강과 전곡 일대의 넓은 평야가 한눈에 내려다보인다 또한 연천에서 한탄강을 건너 동두천-의정부-남양주-서울로 이어지는 남북방향의 교통로와 남동쪽의 포천으로 연결되는 고대 교통의 요지에 있다 성재산의 서쪽 지역에는 현무암의 침식으로 인한 단애가 형성되어 있어 자연적인 방어조건을 갖추고 있다 발굴조사를 통해 축조방식과 굽다리접시 바리 회청색경질토기편 인화문토기편 등 다량의 신라토기가 출토되어 6세기 중반~7세기 초에 축성된 신라산성으로 확인되었다 또한 통일신라 시기의 개보수 흔적과 한양도성에 빈번하게 출토되는 도기병이 확인되어 통일신라시대를 지나 조선시대에 이르기까지 사용되었을 것으로 추측된다 즉 대전리산성은 삼국시대에서 조선시대까지 오랫동안 관방유적으로서의 역할과 기능을 해온 것이다 소재지상세: 경기도 연천군', 'score': 0.7652078891844731}, {'text_segment': '국가유산명_국문: 파주 칠중성 국가유산명_한자: 坡州 七重城 국가유산종목: 사적 시도명: 경기 시군구명: 파주시 시대: NaN 내용: 칠중성은 해발 147m의 중성산 정상부와 그 남서쪽에 위치한 해발 142m의 봉우리를 연결하여 축조한 퇴뫼식산성으로 전체 둘레는 603m이고 남북 폭은 198m 동서 폭은 168m이다 전체 높이는 북동쪽이 가장 높고 서벽에 비해 동벽 부분이 현저히 낮은 형태를 보이고 있다 임진강 중류의 남쪽 연안에 위치하고 있어 관서지방과 한강유역을 연결하는 교통의 요지로 삼국시대에 많은 전투가 있었다 신라와 고구려의 전쟁이 이 성을 중심으로 시작되었고 신라의 삼국 통일 전쟁시 나당연합군에 의한 고구려 침공 때 중요한 역할을 수행했을 뿐만 아니라 통일 이후에는 신라와 당나라와의 전투에서 그 역할이 매우 컸던 산성이다 지표조사(20001027∼2001115) 결과 문지 3개소 건물지 5개소 우물지 2개소 등이 남아 있음이 확인되었으며 칠(七)자명의 평기와와 고구려 백제 신라시대의 유물이 다량으로 출토되는 등 우리나라 고대사의 많은 문제를 해결할 수 있는 역사적·학술적으로 중요한 유적이다 소재지상세: 경기 파주시 적성면 구읍리 산148번지 외', 'score': 0.7468838691711426}, {'text_segment': '국가유산명_국문: 곽지패총 국가유산명_한자: 郭支貝塚 국가유산종목: 시도기념물 시도명: 제주 시군구명: 제주시 시대: NaN 내용: 패총(貝塚)이란 수렵 어로 채집에 의하여 살아온 옛 사람들이 조개를 먹은 뒤 버린 조개껍데기와 생활쓰레기가 함께 쌓여 이루어진 유적으로 조개더미라고도 한다 곽지패총은 지표상에 흩어진 유물 분포 범위가 10000평 이상의 대규모 유적지로 철기시대부터 조선시대에까지 이르는 연속된 패총문화층을 보여주고 있다 밑바닥에서는 초기철기시대(BC 300∼0)에 해당하는 구멍무늬토기 문화층이 확인되고 있고 그 위층으로는 삼국시대의 항아리형 적갈색토기 문화층이 다음 층으로는 통일신라시대의 깊은 바리형토기 문화층과 연속해서 고려·조선시대의 각종 도자기·질그릇이 포함된 문화층이 확인되고 있다 이 패총의 중심시기는 제주의 탐라시대(삼국·통일신라)에 해당된다 곽지패총은 제주상고문화의 변천과정을 살피는데 중요한 자료를 제공하여 주는 유적으로 기념물로 지정하여 보전하고 있다 소재지상세: 제주 제주시 애월읍 곽지리 2043-1번지 외 5필지', 'score': 0.7395061355858767}, {'text_segment': '국가유산명_국문: 김유신태실및돌담 국가유산명_한자: 金庾信胎室및돌담 국가유산종목: 시도기념물 시도명: 충북 시군구명: 진천군 시대: NaN 내용: 태실은 왕이나 왕실 자손의 태를 모셔두는 돌로 만든 방으로 이곳은 신라의 삼국통일에 중심적 역할을 한 김유신 장군의 태를 묻은 곳이다 김유신(595∼673)은 김수로 왕의 13세 손으로 진평왕 31년(609) 15세에 화랑이 되고 낭비성 싸움에 공을 세워 압량주 군주가 되었다 선덕여왕 때 상장군 무열왕 7년(660)에 상대등이 되어 당군과 연합하여 백제를 멸망시킨 후 나당연합군의 대총관이 되었다 그 후 문무왕 8년(668) 고구려를 정벌하고 태대각간이 되었으며 한강이북의 고구려 땅을 다시 찾아 삼국통일의 대업을 완수하였다 태실은 해발 4618m의 산 정상에 마련되어 있다 지름 9m 높이 1m의 둥근 3단 석축을 이루고 있으며 그 주위로 산성처럼 드리운 길이 180m의 돌담이 에워싸여 있다 현존하는 우리나라 태실 중 가장 오래된 형식에 속하는 중요한 유적으로 구체적인 제작연대는 알 수 없다 해제사유: 사적 제414호 김유신탄생지및태실 로 승격지정됨에 따라 해제됨 소재지상세: 충북 진천군 진천읍 문봉리 산20번지', 'score': 0.7187037818500172}]",김유신
고구려의 영토를 확장시킨 왕은 누구인가요?,"[{'text_segment': '국가유산명_국문: 발해태조건국지·명림답부전 국가유산명_한자: 渤海太祖建國誌·明臨答夫傳 국가유산종목: 국가등록문화유산 시도명: 서울 시군구명: 서대문구 시대: NaN 내용: 『발해태조건국지』는 1925년 대한민국임시정부의 대통령을 맡기도 한 박은식(朴殷植 1859~1925)이 1911년에 서간도 환인현(桓仁縣) 홍도천에 있던 윤세복(尹世復)의 집에서 저술한 저작의 하나이다 그의 자는 성칠(聖七) 호는 백암(白庵) 겸곡(謙谷) 태백광노(太白狂奴) 무치생(無恥生)이고 이명(異名)은 인식(仁植) 기정(箕貞) 등이다 내용은 목차(서론 발해 이전의 고구려 말운 태조의 가계와 인격 고구려 유민의 생기 영웅의 은둔 활동시기 천문령의 대승첩 태조의 건국 발해의 강역 발해의 종교와 풍속 발해의 문학 태조의 외교 태조의 후손 결론)에서 보듯이 고구려 멸망 이후 대조영이 그 유민을 이끌고 발해를 건국한 과정과 영토 문물 종교 풍속 문학 외교 후손 등을 다루고 있다 합철된 『명림답부전』은 서론 끝의 “大皇祖降世四千三百六十八年(1911)九月日著者 識”와 같이 『발해태조건국지』보다 한 달 앞선 1911년 9월에 완성되었다 박은식이 상무적인 고구려의 많은 인물 중에서도 대표적인 애국충신으로 명림답부(67~179)를 선정하여 조국독립을 위하여 혈투하는 모습을 통하여 한국민의 애국심을 함양시키고자 저술한 전기이다 명림답부는 고구려 7대 차대왕을 제거하고 차대왕의 아우 백고를 신대왕으로 모신 인물이다 그는 고구려 최초의 국상이었고 뛰어난 지략으로 한나라 대군을 물리친 명장이기도 했다 박은식이 1911년 한국역사를 만주 중심으로 이해하면서 저술한 「발해태조건국지」와 「명림답부전」의 합철본인 「발해태조건국지‧명림답부전」은 일제강점기 민족주의 사가들의 고구려‧발해 인식을 가장 명료하게 보여주는 대표적 저술로 한국근대사학사와 한국독립운동사 분야에서 중요한 문헌이다 소재지상세: 서울특별시 서대문구 연세로 50 (신촌동 연세대학교) 박물관', 'score': 0.7174816545943901}, {'text_segment': '국가유산명_국문: 김유신장군유허지 국가유산명_한자: 金庾信將軍遺墟址 국가유산종목: 시도기념물 시도명: 충북 시군구명: 진천군 시대: NaN 내용: 신라가 삼국통일을 이루는데 중심적인 역할을 한 김유신(595∼673) 장군이 태어난 곳이다 김유신은 금관가야의 마지막 왕인 구해왕의 증손으로 아버지 서현과 어머니 만명부인 사이에서 태어났다 신라 무열왕 7년(660) 상대등이 되어 신라군을 이끌고 당나라 군대와 함께 계백 장군이 거느린 백제군을 황산벌에서 무찔러 백제를 멸망시켰다 문무왕 8년(668) 나·당연합군이 고구려를 공략할 때도 신라군의 총사령관이 되어 고구려를 멸망시켰고 이어서 삼국의 영토에 야심을 드러낸 당나라 군대도 물리침으로써 삼국통일의 위업을 달성하였다 이곳에는 앞면 3칸·옆면 2칸의 재실 유허비와 최남선이 쓴 비문이 있다 뒤로는 장군의 탯줄을 묻은 태령산이 있고 주위에는 여보정 치마대들이 있다 해제사유: 사적 제414호 김유신탄생지및태실 로 승격지정됨에 따라 해제됨 소재지상세: 충북 진천군 진천읍 김유신길 170-4 (상계리)', 'score': 0.6931041740089063}, {'text_segment': '국가유산명_국문: 충주 고구려비 국가유산명_한자: 忠州 高句麗碑 국가유산종목: 국보 시도명: 충북 시군구명: 충주시 시대: 고구려시대 내용: 국내에 유일하게 남아 있는 고구려 석비로 장수왕이 남한강 유역의 여러 성을 공략하여 개척한 후 세운 기념비로 추정된다 1979년 입석마을 입구에서 발견되었는데 오랜 세월이 흐른 탓에 발견 당시 비면이 심하게 마모되어 있었다 석비는 돌기둥 모양의 자연석을 이용하여 4면에 모두 글을 새겼는데 그 형태가 만주에 있는 광개토대왕비와 비슷하다 비문은 심하게 닳아 앞면과 왼쪽 측면 일부만 읽을 수 있는 상태로 내용 중 처음에 ‘고려대왕(高麗大王)’이라는 글자가 보이는데 여기에서 고려는 고구려를 뜻한다 ‘전부대사자(前部大使者)’·‘제위(諸位)’·‘사자(使者)’ 등 고구려 관직 이름과 광개토대왕 비문에서와 같이 ‘고모루성(古牟婁城)’등의 글자가 보이고 ‘모인삼백(募人三百)’·‘신라토내(新羅土內)’ 등 고구려가 신라를 불렀던 말들이 쓰여 있어 고구려비임을 확인하게 되었다 고구려 영토의 경계를 표시하는 비로 백제의 수도인 한성을 함락하고 한반도의 중부지역까지 장악하여 그 영토가 충주지역에까지 확장되었음을 말해준다 또한 역사적으로 고구려와 신라 백제 3국의 관계를 밝혀주는 귀중한 자료로서 우리나라에 남아있는 유일한 고구려비라는 점에서 커다란 역사적 가치를 지닌다 소재지상세: 충청북도 충주시 감노로 2319 (중앙탑면 충주고구려비전시관)', 'score': 0.6669803261756897}, {'text_segment': '국가유산명_국문: 단양 신라 적성비 국가유산명_한자: 丹陽 新羅 赤城碑 국가유산종목: 국보 시도명: 충북 시군구명: 단양군 시대: 신라 진흥왕 내용: 성재산 적성산성 내에 위치한 신라시대의 비로 신라가 고구려의 영토인 이 곳 적성을 점령한 후에 민심을 안정시키기 위해 세워놓은 것이다 비석은 1978년에 발견 당시 비스듬히 누운 상태로 땅속에 묻힌 채로  발견되어 비문이 잘 보존되어 있었다 비(碑)는 위가 넓고 두꺼우며 아래가 좁고 얇다 윗부분은 잘려나가고 없지만 양 측면이 거의 원형으로 남아있고 자연석을 이용한 듯 모양이 자유롭다 전체의 글자수는 440자 정도로 추정되는데 지금 남아있는 글자는 288자로 거의 판독할 수 있다 글씨는 각 행마다 가로줄과 세로줄을 잘 맞추고 있으며 예서(隸書)에서 해서(楷書)로 옮겨가는 과정의 율동적인 필법을 보여주고 있어 서예 연구에도 좋은 자료가 되고 있다 비문에는 신라의 영토 확장을 돕고 충성을 바친 적성인의 공훈을 표창함과 동시에 장차 신라에 충성을 다하는 사람에게도 똑같은 포상을 내리겠다는 내용이 담겨 있다 이를 통해 신라의 형벌 및 행정에 대한 법규인 율령제도 발달에 대한 새로운 사실을 알게 되었는데 노역체제 재산 분배에 관한 국법이 진흥왕 초반에 마련된 것과 적성 지방에 국한된 관습을 법으로 일반화하고 있는 사실 등이 그러하다 비문 첫머리에 언급된 고관 10인의 관등과『삼국사기』의 내용을 견주어 살펴볼 때 비의 건립은 진흥왕 6∼11년(545∼550) 사이였을 것으로 보인다 북방공략의 전략적 요충지인 적성지역에 이 비를 세웠다는 것은 새 영토에 대한 확인과 함께 새로 복속된 고구려인들을 흡수하려는 국가의 의지를 표현한 것이다 비록 순수비(巡狩碑:왕이 직접 순행하며 민정을 살핀 기념으로 세우는 비)는 아니지만 순수비의 정신을 담고 있는 척경비(拓境碑:영토 편입을 기념하여 세운 비)라는 점에서 큰 가치를 지닌다 소재지상세: 충북 단양군 단성면 하방리 산3-1번지', 'score': 0.6530723992762093}, {'text_segment': '국가유산명_국문: 평북농요 국가유산명_한자: NaN 국가유산종목: 이북5도 무형유산 시도명: 평안북도 시군구명: 전역 시대: NaN 내용: 평북에서 농사를 지으면서 부르던 소리로 고구려의 투박하면서도 씩씩한 기상과 화합정신 서로 돕는\r\n두레 정신을 계승하고 있다 소재지상세: 평안북도', 'score': 0.6391616015544686}]",광개토대왕
석가탑이 위치한 사찰은 어디인가요?,"[{'text_segment': '국가유산명_국문: 주륵사폐탑 국가유산명_한자: 朱勒寺廢塔 국가유산종목: 문화유산자료 시도명: 경북 시군구명: 구미시 시대: NaN 내용: 주륵사터에 무너져 있는 석탑으로 부재들이 많이 없어지고 땅 속에 묻혀있어 탑의 전체 규모는 알 수 없다 땅 위에 드러나 부재들을 통해 2층 기단(基壇) 위에 탑신(塔身)을 올렸을 것으로 추정된다 기단에는 기둥 모양의 조각이 보인다 지붕돌은 낙수면이 완만하고 네 귀퉁이가 살짝 치켜 올라갔으며 밑면에 5단의 받침을 두었다 현재 남아있는 부재의 크기로 보아 그 크기가 웅장하여 불국사 석가탑 못지 않은 대규모의 석탑이었을 것으로 생각된다 모든 양식으로 보아 통일신라시대 석탑의 전성기인 8∼9세기 경에 세운 것으로 추정된다 소재지상세: 경북 구미시 도개면 다곡리 산123번지', 'score': 0.679606048201923}, {'text_segment': '국가유산명_국문: 목포 정광정혜원 국가유산명_한자: 木浦 淨光定慧院 국가유산종목: 국가등록문화유산 시도명: 전남 시군구명: 목포시 시대: NaN 내용: ㅇ 정광정혜원 앞마당에 위치한 도현화상(道現和尙) 공덕비에 기록된 연혁은 1911년 일본인 승려 도현화상이 목포에 포교소 개설 1917년 흥선사로 개창 해방 후 만암 스님이 정광정혜원으로 개명하였다\r\n ㅇ 해방 이후 만암 스님은 정광정혜원에서 불교정화운동에 앞장섰으며 법정스님이 출가이전 대학생 신분으로 정광정혜원에서 불교정화운동 실무를 돕던 중 고은 문인이 출가 당시 일초 스님으로 방문하여 두 분이 최초의 인연을 가졌던 곳으로도 알려져있다\r\nㅇ 본래 일본 승려에 의해 일식사찰로 창건되어 건축형식도 불당(佛堂)과 요사채(寮舍채)가 연결되며 한 건물내에서 복합적으로 구성되는 일식사찰 건축형식을 기본형식으로 건축하였다\r\n ㅇ 불당과 요사채가 장방형 중정을 중심으로 아래쪽의 현관겸 복도와 위쪽의 복도에 의해 연결되며 한 건물내에서 예불공간과 생활공간이 복합적으로 구성되는 일식사찰의 독특한 평면 및 공간을 구성하고 있다 \r\n ㅇ 불당은 외부에서는 정면 중앙의 주출입구 및 코오하이(向拜) 내부공간에서는 안쪽에 장식적 불단이 있는 부쯔마(佛間)가 특징적 요소이다 소재지상세: 전라남도 목포시 노적봉길 26 (죽동)', 'score': 0.6421645704096076}, {'text_segment': '국가유산명_국문: 함양금대암전나무 국가유산명_한자: 咸陽金臺庵전나무 국가유산종목: 시도기념물 시도명: 경남 시군구명: 함양군 시대: NaN 내용: 전나무는 사시사철 잎이 푸른 상록침엽수로 추위에 대한 내한성이 강해 전국 어디에서나 자란다 잎은 길이 4㎝정도의 침모양이고 꽃은 4월 하순에 피며 열매는 원통형으로 위를 향하면서 10월초에 익는다 금대암의 전나무는 지리산을 바라보며 우리나라 산맥을 잇는 백두대간의 끝자락에 위치한 금대암 입구에 두 그루가 서있다 나무의 나이는 500여 년 정도로 추정되며 큰 나무의 높이가 40m 둘레가 292m로 우리나라 전나무 중에서는 가장 오래되었으며 가장 크다 탁영 김일손이 쓴 기행문의 내용으로 미루어 행호조사(行乎祖師:1403년)가 다시 세운 금대암에는 오래 된 소나무가 많이 있었으며 현재의 전나무 두 그루도 당시의 나무로 추측되어진다 소재지상세: 경남 함양군 마천면 가흥리 17-2번지', 'score': 0.6388187765155974}, {'text_segment': '국가유산명_국문: 정선 용탄리 석탑 국가유산명_한자: 旌善 龍灘里 石塔 국가유산종목: 문화유산자료 시도명: 강원 시군구명: 정선군 시대: 고려시대 내용: - 용탄리 석탑은 용탄1리 벽탄 마을 내 ‘벽절’이라 불렸던 사찰 안에 있었으나 홍수로 사찰이 유실되고 그 이후 1900년대 중반에 현재의 위치로 이전되었다 사찰의 규모 연혁 등은 기록이 발견되지 않아 사찰 조성 시기와 소실 시기를 알 수 없다 - 석탑은 높이 185㎝의 규모인데 콘크리트로 조성된 높은 지대 위에 기단을 놓고 상면에 탑신을 놓았다 현재는 2층까지 남아있으며 본래는 3층 석탑이었을 것으로 보인다 기단갑석 상면에 연화문이 조식되어 있고 1층 옥개석 아랫면의 연화문과 탑신에 조각된 여래좌상이 특징적이다 소재지상세: 강원도 정선군 정선읍 용탄리 687-7', 'score': 0.6364980711894428}, {'text_segment': '국가유산명_국문: 국사봉 사자암 목조아미타여래좌상 국가유산명_한자: 國師峰 獅子庵 木造阿彌陀如來坐像 국가유산종목: 시도유형문화유산 시도명: 서울 시군구명: 동작구 시대: 17세기 전반 내용: 국사봉 사자암은 관악산 줄기인 삼성산 국사봉 아래에 있는 사찰로 1396년(태조 5) 무학대사 자초(自超 1327-1405)가 창건한 것으로 알려져 있다 사자암이 있는 삼성산과 인근의 호암산(虎岩山)은 산이 호랑이 모양새라 풍수상 조선의 수도 한성에 좋지 않다고 여겨 그 기세를 막기 위해 무학대사가 사자 형상을 띤 국사봉 아래에 사자암(獅子菴)을 세웠다고 전해지는 사찰이다 이 사자암에 봉안되어 있는 &lt;국사봉 사자암 목조아미타여래좌상&gt;은 17세기 전반에 활약하였던 현진(玄眞 17세기 전-중반 활동) 혹은 그 계파의 작품이라고 추정된다 현진파 작품은 턱이 넓고 각진 넓적한 얼굴에 순박한 표정을 짓고 있으며 육계는 매우 커서 머리와 구별되지 않는다는 특징을 지닌 것으로 알려져 있다 특히 눈의 표현이 특징적인데 수평으로 조각된 눈이 가늘고 길며 눈두덩이 부분이 굴곡이 없이 편편하다 두터운 대의(大衣)의 옷 주름에는 몇 가지 특징을 찾아볼 수 있다 첫째 오른쪽 어깨와 가슴을 가린 가사 자락이 아래로 늘어져 배 중앙의 대의 안으로 넣은 모양 둘째 양쪽 목깃이 반전되었고 가슴의 승각기가 꽃 모양을 이뤘으며 위아래가 대칭을 이루고 있는 점 셋째 대의를 왼쪽 어깨에서 오른쪽 어깨를 걸쳐 오른팔 아래로 흘러내리듯 표현한 점 등은 현진파 조각의 중요한 특징 가운데 하나이다 그뿐만 아니라 어깨가 넓고 당당하며 얼굴은 약간 긴 직사각형이고 폭이 넓고 각진 턱을 갖고 있으며 왼쪽 어깨와 하반신의 옷 표현 양 귀는 폭이 좁고 길며 삼각와(三角窩)가 짧은 음각선으로 이루어져 있는 점 역시 현진 혹은 현진파가 제작한 것으로 추정해 볼 수 있다 현진의 작품은 1612년 함양 상련대 관음보살상과 1614년 구례 천은사 관음·세지보살상 1622년 서울 지장암의 목조비로자나불좌상 1622년 서울 칠보사 목조석가여래좌상 역시 1622년에 제작된 안동 선찰사 목조석가여래좌상 1626년 보은 법주사 삼신불상 등 많은 작품이 남아있다\r\n  & lt;국사봉 사자암 목조아미타여래좌상&gt;이 언제 어디서 조성되었으며 어디서 이곳 사자암으로 옮겨왔는지 그 내력을 알려주는 복장 발원문이나 관련 문헌 기록이 존재하지 않아 아쉬움이 있지만 17세기 전반 현진파의 조각적 특징을 잘 갖추고 있으며 보존상태 또한 양호하여 서울시 지정 문화유산으로 지정하여 보호 관리해야 할 필요가 있다 소재지상세: 서울특별시 동작구', 'score': 0.6242851751478351}]",경주 불국사
고려청자는 어떤 색으로 유명한 도자기인가요?,"[{'text_segment': '국가유산명_국문: 사기장(이은규) 국가유산명_한자: 砂器匠 국가유산종목: 시도무형유산 시도명: 전북 시군구명: 부안군 시대: NaN 내용: 1955년 태어난 이은규는 유근영․이은구 등에게 사사받았다 부안 유천리 가마터는 강진 사당리와 함께 고려시대 상감청자의 제작지로 유명한 곳으로서 이은규는 옛 고려청자의명성 재현과 새로운 작품의 제작을 위해 노력하고 있다 소재지상세: 전북특별자치도 부안군', 'score': 0.8139273226261139}, {'text_segment': '국가유산명_국문: 미타사 책거리 병풍 국가유산명_한자: 彌陀寺 冊거리 屛風 국가유산종목: 문화유산자료 시도명: 서울 시군구명: 성동구 시대: 19세기 말~20세기 초 내용: - 형태 : 미타사 정수암에 소장된 책거리로서 종이에 채색한 8폭 병풍이다 전체 크기는  925×332cm이며 각 폭은 평균 925×415cm 이다 화면의 크기는 각 폭 평균 605×37cm 이다 각 폭마다 붉은 색의 두꺼운 종이를 사면에 대었으며 남색 천을 대어 장황하였다 병풍 발을 포함하여 높이가 1m미만의 작은 병풍 실내용 단병이다 - 도상 : 서가가 생략된 책거리이다 고동기와 서책 그리고 꽃과 과일 등의 식물이 다수 포함되어 있다 포함된 도상은 도자기(화병 주전자 술잔 찻잔 접시) 고동기(향로 향통) 문방용품(벼루 연적) 서화(책갑 두루마리)  열매(복숭아 불수감 석류 배 고추) 꽃(매화 이화) 등이다 동물이나 사람 등의 생물과 시계나 안경 등의 기물은 없는 것이 특징이다 - 표현: 전체적으로 엷게 설채되어 있으며 짙은 푸른색과 엷은 붉은 색이 많이 쓰였다 龍文 雲文 ‘壽’‘福’ 문양 등이 도자기와 서갑에 적극적으로 시문되어 있다 전체적으로 일관되게 원근법이 적용된 것은 아니지만 서갑의 표현에서 입체감을 주려는 다양한 시도가 보인다 - 시기 : 19세기말~20세기 초에 제작된 서가가 생략된 책거리의 전형적인 양식을 보여준다 특히 책더미와 함께 화병에 가지가 꺾인 꽃과 열매가 반복적으로 등장한다는 점에서 기명절지도가 유행한 19세기말~20세기 초의 유행을 반영하고 있다 안휘준은 책거리 발전을 네 단계로 나눈 후 꽃이 등장하여 장식성이 강화된 시기를 마지막 단계로 보았다 회중시계 탁상시계 담배갑 골동기 등 이국적인 사치품을 포함한 책가도와는 계열이 다르며 동물이나 사람 문자가 들어간 민화 책거리와도 거리가 있다 (참고문헌 : 안휘준 『한국회화의 이해』(시공사 2000) pp 357-358)\r\n\r\n- 미술사적 가치: 기물의 입체감이나 원근감의 표현 문양의 정교함이나 채색의 밀도 등에서 궁중 책가도에는 미치지 못한다 그럼에도 불구하고 몇 가지 주목할 만한 변화가 눈에 띤다 예를 들어 뒤집어진 서갑이나 지그재그로 놓인 서책은 원근감을 표현하려는 참신한 시도이며 아랫부분에 흰색 바림이 된 도자기들은 입체감을 주려고 한 의도로 보인다 소재지상세: 서울특별시 성동구', 'score': 0.7666565860417089}, {'text_segment': '국가유산명_국문: 강진 고려청자 요지 국가유산명_한자: 康津 高麗靑瓷 窯址 국가유산종목: 사적 시도명: 전남 시군구명: 강진군 시대: 고려시대      10세기 내용: 고려시대 토기나 청자를 굽던 가마터로 강진 대구면 용운리·계율리·사당리·수동리 일대에 분포되어 있다 남쪽은 바다와 가까워 해로를 통한 수송이 발달했고 북으로는 크고 작은 산과 가까워 땔감이 풍부하였다 또한 도자기의 원료인 고령토와 규석이 산출되어 도자기를 만들기에 좋은 조건을 갖추고 있다 용운천 좌우에 집중적으로 가마터가 있는데 용운천 상류에 위치한 용운리에는 75곳의 가마터가 비교적 잘 남아 있다 이 중 몇 곳을 제외한 대부분의 가마터는 고려 전기에 성립된 곳으로 청자의 기원과 초기청자의 특징을 밝힐 수 있는 지역으로 중요하다 계율리는 현재 59곳의 가마터가 남아 있으며 고려 전기와 후기에 양식화된 상감청자 조각이 많이 발견되고 있다 용운천 하류의 비교적 넓은 들에 있는 사당리에는 43곳의 가마터가 있으나 하천의 침식과 개간·도굴들로 심하게 파손되어 있는 상태이다 최고 수준의 청자가 만들어지던 고려 중기와 후기의 가마터로 청자 절정기의 비색과 상감청자를 비롯한 고려청자의 여러 특징이 변화해 가는 과정을 보여주는 중요한 곳이다 수동리는 사당리 남쪽의 들판에 있는 마을로 6곳의 가마터가 있으며 대체로 고려 후기의 것이다 도자기의 형태와 기법이 다양한 모습을 보여주며 유약의 색과 모양도 매우 다채롭다 이와 같이 대구면 일대에는 고려 전 시대에 걸치는 가마터가 남아 있으며 각 시기의 특색을 잘 보여주고 있다 전북특별자치도 부안의 청자가마터와 함께 고려청자를 연구하는데 있어서 중심이 되는 가마터라 할 수 있다 <b>※(강진대구면도요지 → 강진 고려청자 요지)으로 명칭변경 되었습니다(20110728 고시) </b> 소재지상세: 전남 강진군 대구면 사당리 산4번지 외', 'score': 0.7105632098312249}, {'text_segment': '국가유산명_국문: 인천 선린동 공화춘 국가유산명_한자: 仁川 善隣洞 共和春 국가유산종목: 국가등록문화유산 시도명: 인천 시군구명: 중구 시대: 1905년 내용: 1908년 무렵 건립된 이 건물은 개항 이후 인천항을 통해 들어온 중국인이 지은 중국 요릿집이다 중국 산동 지방의 장인이 참여하여 지은 중정형(中庭型)의 중국식 건물로 현재 정면은 다양한 색깔의 타일로 마감하였고 내부는 다양한 문양과 붉은 색을 사용하여 화려하게 장식하였다 처음에는 무역상들에게 숙식을 제공하던 곳으로 이용되었다 그러다가 중화요리가 대중적인 인기를 얻으면서 음식점의 공간이 확대되어 대형 연회장을 갖춘 유명한 중국 요릿집으로 1980년대까지 그 명성을 날렸다 소재지상세: 인천광역시 중구 차이나타운로 56-14 (선린동 짜장면박물관)', 'score': 0.7063856267111861}, {'text_segment': '국가유산명_국문: 청자백자결자 도공의 기술 국가유산명_한자: NaN 국가유산종목: 이북5도 무형유산 시도명: 평안북도 시군구명: 전역 시대: NaN 내용: 「결정유 자기」는 약1천년전 중국의 송대에 처음으로 나타났다 장석 석회석 규석 광물 등을 포함한 유약을 도자기 삼면에 발라 섭씨 약 1천3백도의 고열을 가하면 결정으로 변해 꽃잎·조개껍질·산수화 모양으로 청백·녹·황색 등이 선명하게 나타난다 「결정유 자기」는 인위적으로 그린 무늬가 아니라 불의 힘으로 만든 것으로 그 자연스러움에서 신비감을 느낄 수 있다 소재지상세: NaN', 'score': 0.6800530847018238}]",비취색
팔만대장경이 보관된 사찰은 어디인가요?,"[{'text_segment': '국가유산명_국문: 해인사법보전비로자나불좌상 국가유산명_한자: 海印寺法寶殿毘盧舍那佛坐像 국가유산종목: 시도유형문화유산 시도명: 경남 시군구명: 합천군 시대: NaN 내용: 해인사는 신라 애장왕 때 순응과 이정이 세운 사찰로 의상의 화엄 10찰 중 하나이며 팔만대장경을 보관하고 있는 법보사찰(法寶寺刹)로서 유명하다 불상은 팔만대장경이 보관되어 있는 장경각 뒤편에 있는 법보전의 본존불로서 이마에는 반달 모양이 표현되었고 얼굴은 갸름한 편이다 귀는 어깨까지 길게 내려오고 목에는 3개의 주름인 삼도(三道)가 뚜렷하다 불상이 입고 있는 옷은 왼쪽 어깨에만 걸쳐 있고 주름은 평행 계단식으로 표현되었다 손은 왼손 검지를 오른손으로 감싸고 있는 모습으로 비로자나불이 취하는 일반적인 손모양이다 좌우에는 높이 47㎝의 문수보살과 보현보살이 아담한 크기로 배치되어 있는데 조선 초기 보살상의 특징을 잘 표현하고 있다 소재지상세: 경상남도 합천군 해인사길 122 (가야면 비로전)', 'score': 0.7150418311357498}, {'text_segment': '국가유산명_국문: 팔만대장경 국가유산명_한자: 八萬大藏經 국가유산종목: 시도유형문화유산 시도명: 강원 시군구명: 평창군 시대: 조선 고종 2년 (1865) 내용: 판수가 8만여 개에 달하고 8만 4천 번뇌에 해당하는 8만 4천 법문을 실었다고 하여 8만대장경이라고 부른다 월정사에 있는 팔만대장경은 해인사의 고려대장경 경판에서 직접 찍어온 것이다 조선 고종 2년(1865)에 찍어내어 월정사에서 보관하고 있다 크기는 가로 846㎝ 세로 24㎝이고 한지에 인쇄하였다 판의 끝에는 경전의 이름과 권수의 간행 차례가 기록되어 있다 천자문 순서대로 새겨 놓았는데 총 1511부 6802권 81137판으로 되어있다 고려 때는 물론이고 조선초에도 인쇄되었으나 전부 남아있는 것은 몇 개 전하여지지 않는다 이 대장경은 조선 고종 2년(1865)에 인쇄한 2부 가운데 하나이다 소재지상세: 강원특별자치도 평창군 오대산로 176 (진부면 월정사성보박물관) 동산리', 'score': 0.5963637872964089}, {'text_segment': '국가유산명_국문: 합천 해인사 대적광전 국가유산명_한자: 陜川 海印寺大寂光殿 국가유산종목: 시도유형문화유산 시도명: 경남 시군구명: 합천군 시대: NaN 내용: 팔만대장경이 보관되어 있는 해인사는 통일신라 애장왕 3년(802)에 지어졌다 중심 법당인 대적광전은 2층 건물로 비로전이라 불리다가 조선 성종 19년(1488)에 다시 지으면서 대적광전으로 이름을 바꾸었다 그 뒤 여러 차례의 화재가 있어 옛 모습을 찾아 볼 수 없고 지금의 건물은 순조 17년(1817)에 다시 지은 것을 1971년 대폭 수리한 것이다 앞면 5칸·옆면 4칸 규모로 지붕 옆면이 여덟 팔(八)자 모양인 팔작지붕집이다 내부에는 중앙의 비로자나불을 중심으로 좌우에 문수보살과 보현보살을 모시고 있다 소재지상세: 경상남도 합천군 해인사길 122 (가야면 비로전)', 'score': 0.5539672464787726}, {'text_segment': '국가유산명_국문: 오대산중대불량문 국가유산명_한자: 五臺山中臺佛糧文 국가유산종목: 문화유산자료 시도명: 강원 시군구명: 평창군 시대: 조선 순조 14년 추정 (1814) 내용: 이 책은 조선 후기 오대산 적멸보궁의 중창사실과 이를 재정적으로 후원한 일반 시주자 및 인근 사찰의 시주스님을 기록한 책으로 오대산 적멸보궁(중대)에서 보관용으로 기록한 것이다 각 장 8행(行)에 글자 수는 16∼25자로 불규칙하며 모두 20장으로 이루어져 있다 책에는 재물을 출연하여 시주하는 공덕을 찬양하는 내용의 발문 일반 대시주자의 이름과 소원문이 보이며 이어서 본사 비구를 비롯하여 인근의 사찰 및 경상도 은해사 스님들의 시주명이 차례로 기재되어 있으며 권말에는 이를 증명하는 각 사찰명이 지역별로 기재되어 있다 이 책이 만들어진 시기는 책 끝부분에 보이는 연대를 통해서 대략 19세기 초반으로 생각된다 조선 후기 오대산 적멸보궁의 중창사실과 이를 재정적으로 후원한 일반 시주자 및 인근 사찰의 이름을 알 수 있고 당시 사찰 연혁을 살필 수 있다 소재지상세: 강원특별자치도 평창군 오대산로 176 (진부면 월정사성보박물관)', 'score': 0.5477980954269197}, {'text_segment': '국가유산명_국문: 해인사봉황문 국가유산명_한자: 海印寺鳳凰門 국가유산종목: 문화유산자료 시도명: 경남 시군구명: 합천군 시대: NaN 내용: 해인사는 가야산 서남쪽 기슭에 있는 절이다 의상의 화엄 10찰 중 하나이고 팔만대장경판이 보관되어 있는 법보 사찰로 신라 애장왕 때 순응과 이정이 세웠다 해인사의 두번째 문이며 천왕문 금강문이라고 불리는 봉황문은 지은 시기를 알 수 없으나 여러 차례 고쳐 지은 기록이 있다 지금 있는 건물은 순조 21년(1821)에 고쳐 세운 것이다 앞면 3칸·옆면 2칸의 규모로 옆면 지붕선이 사람 인(人)자 모양인 맞배지붕이다 또한 지붕처마를 받치기 위한 공포가 새날개모양인 익공양식으로 내부에는 사천왕 탱화가 모셔져 있다 소재지상세: 경상남도 합천군 해인사길 122 (가야면 사찰)', 'score': 0.5341158264322694}]",해인사
봉정사에 있는 현존하는 가장 오래된 목조건축물은 무엇인가요?,"[{'text_segment': '국가유산명_국문: 대구 삼덕초등학교 구 관사 국가유산명_한자: 大邱 三德初等學校 舊 官舍 국가유산종목: 국가등록문화유산 시도명: 대구 시군구명: 중구 시대: NaN 내용: 삼덕초등학교 관사는 1939년 대구덕산공립심상소학교 교장 관사로 건축된 목조건축물로 외관을 비늘판 붙임으로 하는 등 일본식 주거건축의 특징을 잘 갖추고 있으며 근대 시기 대구지역에 건립된 교육관련 시설 가운데 현존하는 몇 안 되는 관사 건물로 가치가 있다 소재지상세: 대구광역시 중구 삼덕동3가 221-0', 'score': 0.8328525883875273}, {'text_segment': '국가유산명_국문: 진천 덕산양조장 국가유산명_한자: 鎭川 德山釀造場 국가유산종목: 국가등록문화유산 시도명: 충북 시군구명: 진천군 시대: 1930 내용: 이 건물은 양조장의 전형을 알 수 있는 단층의 합각 함석지붕 목조건축물로 지붕 목조트러스 가운데 목부재에 쓰여진 기록을 통해 1930년에 목수 성조운(成造運)이 건립하였음을 알 수 있다 양조장의 환기를 위해 높은 창을 두고 보온을 위해 벽체와 천장에 왕겨를 채웠으며 외부 마감은 목재 널판을 사용하는 등 목조 건축물로서 독특한 형식을 갖추고 있다 소재지상세: 충북 진천군 덕산면 초금로 712 외 1필지 (용몽리)', 'score': 0.7974785663434732}, {'text_segment': '국가유산명_국문: 서천 판교 근대상가주택 1 국가유산명_한자: NaN 국가유산종목: 국가등록문화유산 시도명: 충남 시군구명: 서천군 시대: NaN 내용: 1932년 당시로서는 드물게 2층으로 건축되어 독특한 외관과 공간구성을 가진 목조건물로 판교 장터의 중요한 진입부에 자리하며 현재까지 시가지에서 상징적 건물로서의 역할을 하고 있다 기본적인 건축형식은 원형 그대로 유지하고 있고 2층 목조 상가 건축물의 공간 구성과 특성을 보여주는 문화유산으로 등록할만한 가치가 있는 것으로 판단된다 소재지상세: 충청남도 서천군', 'score': 0.7831161001243925}, {'text_segment': '국가유산명_국문: 목포 해안로 붉은 벽돌창고 국가유산명_한자: NaN 국가유산종목: 국가등록문화유산 시도명: 전남 시군구명: 목포시 시대: 근대 내용: 일제강점기에 건축된 창고로 추정되며 당시 목포 부두와 가까운 지역에서 화물을 보관하기 위해 건축물로 당시 목포 부두와 근거리 지역에 많은 창고가 건축되었으나 근대기 목포 부두와 그와 연계된 창고 지역의 흔적 역사성 장소성을 보여주는 붉은 벽돌 창고로 건축원형의 보존상태가 양호한 현존 사례가 적은 창고이다 당시 창고로서는 특이하게 붉은 벽돌을 주재료로 건축되었으며 기본적 건축형식은 벽돌 조적조 벽체를 통 칸의 장방형 평면으로 구축하고 상부에 목조트러스와 박공지붕 형식의 구조를 보여주는 건축물이다 소재지상세: 전라남도 목포시 보광동3가 5-10', 'score': 0.7784306607700885}, {'text_segment': '국가유산명_국문: 광주 구 무등산 관광호텔 국가유산명_한자: NaN 국가유산종목: 국가등록문화유산 시도명: 광주 시군구명: 북구 시대: 대한민국 내용: 한국전쟁 이후 관광산업 육성을 위해 중앙정부에서 설악산 서귀포 무등산 등 국내 명승지에 건립한 관광호텔 중 유일하게 현존하는 건축물로 관광사적 의미가 크며 5·18 광주민주화운동 당시 임시 피난처로 사용되었던 측면에서 지역의 근대사적 가치가 있다 소재지상세: 광주광역시 북구 무등로 1567 (금곡동)', 'score': 0.762670074201757}]",극락전
무령왕릉에서 출토된 것은 무엇인가요?,"[{'text_segment': '국가유산명_국문: 무령왕 금제 관식 국가유산명_한자: 武寧王 金製 冠飾 국가유산종목: 국보 시도명: 충남 시군구명: 공주시 시대: 백제시대 내용: 공주시 무령왕릉에서 출토된 백제의 금으로 만든 왕관(王冠) 꾸미개(장식) 한쌍이다 높이는 각각 307㎝ 292㎝이고 너비는 각각 14㎝ 136㎝이다 1971년 무령왕릉이 발견·조사되었을 때 왕의 널(관) 안쪽 머리 부근에서 포개진 상태로 발견되었다 금판을 뚫어서 덩굴 무늬를 장식했으며 밑으로는 줄기가 있는데 아래위로 2~3개의 작은 구멍이 있어 무엇인가에 부착할 수 있도록 해 놓았다 좌우로 벌어진 줄기 중간에는 꽃 무늬를 배치하였으며 줄기가 길게 연장되면서 마치 불꽃이 타오르는 듯한 모양새를 보여준다 두 가닥은 아래로 향하게 하여 변화를 주고 있다 앞면에는 전체에 걸쳐 구슬모양 꾸미개를 금실로 꼬아서 달았다 무령왕릉은 백제 25대 무령왕(재위 501∼522)과 왕비의 무덤으로 벽돌을 이용해서 만든 벽돌무덤(전축분)이다 출토된 유물들은 6세기 전반 백제 문화의 수준과 묘제사장 등의 일면을 알려주는 중요한 자료로 평가되고 있으며 그 중 지석(誌石)은 삼국시대 고분 가운데 최초로 무덤에 묻힌 주인과 만든 시기를 확실히 밝혀주는 자료가 되고있다 소재지상세: 충남 공주시 관광단지길 34 국립공주박물관 (웅진동)', 'score': 0.6832985728979111}, {'text_segment': '국가유산명_국문: 공주 무령왕릉과 왕릉원 국가유산명_한자: 公州 武寧王陵과 王陵園 국가유산종목: 사적 시도명: 충남 시군구명: 공주시 시대: 백제시대 중기 내용: 공주시 금성동에 있는 웅진 백제시대 왕들의 무덤이 모여있는 곳이다 무령왕릉을 포함한 이 일대의 고분들은 모두 7기가 전해지는데 송산을 주산으로 뻗은 구릉 중턱의 남쪽 경사면에 위치한다 계곡을 사이에 두고 서쪽에는 무령왕릉과 5 ·6호분이 있고 동북쪽에는 1∼4호분이 있다 1∼6호분은 일제시대에 조사되어 고분의 구조와 형식이 밝혀졌고 무령왕릉은 1971년 5 ·6호분의 보수공사 때 발견되었다 고분들은 모두가 표고 약120m 정도되는 송산(宋山)을 북쪽의 주산(主山)으로 한 중턱 남쪽경사면에 자리하고 있는데  1∼5호분은 모두 굴식 돌방무덤(횡혈식 석실분)으로 무덤 입구에서 시신이 안치되어 있는 널방(현실)에 이르는 널길이 널방 동쪽벽에 붙어 있는 것이 특징이다 1∼4호분은 바닥에 냇자갈을 깔아 널받침(관대)을 만들었는데 5호분은 벽돌을 이용하였다 이처럼 같은 양식의 무덤이면서 구조와 규모에 있어서 약간의 차이가 나는 것은 시기 차이가 반영된 것으로 보인다 5호분은 원형으로 남아 있으나 1∼4호분은 조사되기 전에 이미 도굴되었다 이외에 벽돌무덤(전축분)으로 송산리벽화고분이라고도 불리는 6호분과 무령왕릉이 있다 6호분은 활모양 천장으로 된 이중 널길과 긴 네모형의 널방으로 되어 있는데 오수전(五銖錢)이 새겨진 벽돌로 정연하게 쌓았다 널방 벽에는 7개의 등자리와 사신도 · 일월도 등의 벽화가 그려져 있다 무령왕릉도 6호분과 같이 연꽃무늬 벽돌로 가로쌓기와 세로쌓기를 반복하여 벽을 쌓았다 벽에는 5개의 등자리가 있고 무덤주인을 알 수 있게 해주는 지석 등 많은 유물이 출토되었다 6호분과 무령왕릉은 현재 남아있는 백제의 벽돌무덤으로 모두 터널형 널방 앞에 짧은 터널형 널길을 가지고 있으며 긴 배수로도 갖추고 있다 이러한 형식의 벽돌무덤은 중국의 영향을 받은 것이며 벽화는 고구려의 영향을 받은 것으로 보인다 특히 무령왕릉의 경우 확실한 연대를 알 수 있어 백제사회의 사회 ·문화상을 연구하는데 절대자료로 평가된다 소재지상세: 충남 공주시 금성동 산5-1번지', 'score': 0.628225390505913}, {'text_segment': '국가유산명_국문: 공주 정지산 유적 국가유산명_한자: 公州 艇止山 遺蹟 국가유산종목: 사적 시도명: 충남 시군구명: 공주시 시대: NaN 내용: 공주 금성동에 위치한 정지산의 구릉지대에 자리잡은 유적으로 1996년 국립공주박물관의 발굴조사 결과에 따라 백제시대 국가적 차원의 제의시설로 추정되는 유적이다 공주 정지산 유적에서는 국가의 중요시설에만 사용된 8잎의 연꽃잎이 새겨진 수막새가 발견되었고 화려한 장식이 부착된 장고형 그릇받침 등 국가 제사와 관련된 유물이 출토되었다 유적의 입지 방향은 무령왕릉에서 출토된 무령왕과 왕비의 매지권에 기록된 신지(申地) 유지(酉地)의 방향과 일치하고 있어 일부 학자들은 왕비의 시신이 사후 무령왕릉에 안치되기까지 2~3여 년간 수습되어 보관된 곳일 가능성을 제기하고 있다 특히 건물의 기둥을 받쳐주는 초석이 발견되지 않은 것으로 볼 때 영구적인 목적으로 조성한 것이 아니며 유적지 내의 대벽건물지에서는 얼음을 보관한 것으로 추정된다는 점 등은 제사유적으로서의 가능성을 뒷받침해주고 있다 소재지상세: 충남 공주시 금성동 산1번지 외', 'score': 0.6127673133998774}, {'text_segment': '국가유산명_국문: 보성 도촌리 분청사기 요지 국가유산명_한자: 寶城 道村里 粉靑沙器 窯址 국가유산종목: 시도기념물 시도명: 전남 시군구명: 보성군 시대: NaN 내용: 보성 도촌리 분청사기 요지는 역사성과 학술성 예술성 공간성 등을 고루 갖추고 있는데 무엇보다 전라남도를 대표하는 기법인 덤벙 분장 기법을 유감없이 표현하고 있는 분청사기를 생산한 요지이다 발굴조사와 지표조사 결과 유적이 양호하게 남아 있고 출토 유물 역시 보성 덤벙 분청사기의 성격을 알 수 있는 도촌리 학동 분청사기 1호 요지와 도촌리 가장 분청사기 2호 요지를 지정관리중임 소재지상세: 전라남도 보성군 득량면 도촌리 66-1', 'score': 0.5932621879307843}, {'text_segment': '국가유산명_국문: 자수장(궁수) 국가유산명_한자: 刺繡匠-宮繡 국가유산종목: 시도무형유산 시도명: 경기 시군구명: 평택시 시대: NaN 내용: 자수와 관련된 유물 중 가장 오래된 것은 신라시대 경주 황남대총 및 백제시대 공주 무령왕릉에서 출토된 단편斷片의 사슬수가 있다 이 유물은 비록 단편으로 출토되었으나 당시 동아시아에서 가장 많이 사용된 기법인 사슬수를 삼국시대에 사용하고 있었음을 알 수 있는 귀한 유물이다 이외에 고려시대로 추정되는 자수 사계분경도 병풍刺繡四季盆景圖屛風과 자수 아미타여래도刺繡阿彌陀如來圖 등이 있다 아미타여래는 극락세계에 머물면서 죽은 이의 영혼을 극락왕생의 길로 이끌어 주는 부처로 고려시대에는 호국 신앙으로 불교가 크게 융성하여 자수불화도 번성했을 것으로 짐작된다 조선시대 복식 중에는 구장복 적의 활옷 흉배 후수 등에 수를 놓았다 출토복식에서는 수가 놓여 진 예는 매우 드물며 일부 수놓은 자수치마와 저고리 향낭 등이 남아 있다 불교 자수는 가사 탁의 수불 등이 있다 이 중에서 선암사(仙巖寺) 성보박물관에 소장된 국가민속문화유산 선암사 소장 가사·탁의(仙巖寺 所藏 袈裟·卓衣)는 그 가치가 높이 평가되고 있는데 매우 큰 규모로 수놓은 탁의이며 특별한 기법과 다채한 색채구성으로 되어 있다 자수장(궁수) 황순희는 1949년 전라남도 여천 출신이며 초등학교 가사 시간에 자수에 취미를 붙여 어머니에게서 전수 받았다 20세에 서울 정릉의 자수연구소에서 동양자수를 배운 후 한영화(현 서울시 무형유산 기능보유자)에게 사사하였다 작품으로는 용보龍補와 흉배胸背 일월오악도日月五嶽圖 십장생도十長生圖 활옷 수 노리개 등이 있다 이외에 궁중자수에 대한 오랜 연구를 통해 우수한 작품을 많이 제작하였다 소재지상세: 경기도 평택시', 'score': 0.5592927342861675}]",여러 귀중한 유물
금동대향로는 어느 나라의 공예 기술을 보여주는 유물인가요?,"[{'text_segment': '국가유산명_국문: 부여 능산리 사지 국가유산명_한자: 扶餘 陵山里 寺址 국가유산종목: 사적 시도명: 충남 시군구명: 부여군 시대: NaN 내용: 부여능산리사지는 부여나성과 부여능산리고분군 사이에 위치한 백제시대 절터유적으로 1992년부터 2000년까지 6차례에 걸친 발굴조사 결과 중문 목탑 금당 강당이 남북 일직선상에 배치된 이른바 일탑일금당(一塔一金堂)의 전형적인 백제 가람형식을 하고 있는 것으로 밝혀졌다 특히 1993년 이 절터 내의 공방(工房)으로 생각되는 건물터에서 &#39;백제금동대향로&#39;가 출토되어 백제의 높은 금속공예기술 수준과 예술 역량을 널리 알리는 계기가 되었다 또한 이 향로와 함께 출토된 &#39;백제창왕명사리감&#39;에는 사리를 모신 때와 공양자 및 절이 세워진 연대를 알 수 있는 글자가 새겨져 있어 매우 귀중한 유물로 평가된다 사리감에 새겨진 기록으로 보아 이 절은 왕실에서 지은 국가 사찰로 왕릉으로 추정되는 능산리고분군에 축원을 빌기 위한 사찰이었을 가능성이 매우 높다 창건연대와 더불어 삼국시대의 역사학과 건축공학 고고학 미술사학의 연구에 있어 매우 중요한 유적으로 평가된다 소재지상세: 충남 부여군 부여읍 능산리 산15-1번지 외', 'score': 0.720027596669468}, {'text_segment': '국가유산명_국문: 주성장(불구) 국가유산명_한자: 鑄成匠(佛具) 국가유산종목: 시도무형유산 시도명: 경기 시군구명: 용인시 시대: NaN 내용: 주성장이란 쇠를 녹여 쇳물을 거푸집에 부어 원하는 물품을 만드는 주물기술을 가진 장인을 말한다 정밀하게 유물을 복제 복원하기 위해 밀랍(벌집)을 이용해 형상을 만드는 밀랍주형법을 사용하는데 이것은 정밀한 문양들을 섬세하게 나타낼 수 있는 기법으로 2400년전 청동주물의 대표적인 기술이라 할 수 있다 주성장 불구佛具 보유자 이완규는 1970년대 금속 공예조각의 대가 오해익 선생의 공방에서 청동주물 일을 시작하였다 그는 불교미술의 영역에 속하는 호신불護身佛을 비롯해 촛대 향로 등 부처 앞에 쓰는 온갖 불교용품의 제작에 매진해 왔고 관련 분야 명장의 반열에 올랐다 한편 그는 청동기술 개발과 전통기법을 연구하여 한국의 7대 불가사의라는 다뉴세문경(국보)을 재현했으며 연구를 거듭한 끝에 비파형 동검(조선검)과 다뉴세문경에 이어 나팔형 동기와 방패형 동기 간두령 등을 재현했다 그 결과 2007년 제32회 대한민국 전승공예대전에서 국무총리상을 수상했다 소재지상세: 경기도 용인시', 'score': 0.6756344195337936}, {'text_segment': '국가유산명_국문: 1950년대 낙하산 블라우스 국가유산명_한자: NaN 국가유산종목: 국가등록문화유산 시도명: 서울 시군구명: 용산구 시대: 1950년대 내용: 「1950년대 낙하산 블라우스」는 6·25전쟁 직후 대구 피난시절 디자이너 최경자가 폐낙하산을 재활용해서 제작하여 판매하다가 인기를 얻자 수입한 나일론 원사를 편물로 제직하여 만든 블라우스이다 당시 사치품으로 분류되어 수입이 금지된 나일론 섬유가 여성들에게 선풍적 인기를 끌게 된 당시 시대상황과 편물기술 봉제 기술 등을 확인할 수 있는 유물이다 소재지상세: 서울특별시 용산구', 'score': 0.6668285035869055}, {'text_segment': '국가유산명_국문: 주성장(범종) 국가유산명_한자: 鑄成匠(梵鐘) 국가유산종목: 시도무형유산 시도명: 경기 시군구명: 안성시 시대: NaN 내용: 우리나라 금속 공예의 주요한 기술인 주조 기술은 불교문화와 함께 발달하였고 범종 제작이 그 주류를 이룬 우리나라 범종은 세부장식이 정교하고 소리가 웅장한 것이 특징이며 전통적인 범종제작 방식은 밀랍 주조 기법이다 먼저 밀랍으로 종의 모형을 만들고 그 위에 활석과 점토 등을 혼합해 만든 주물사를 일정한 두께로 바른 뒤 그늘에서 말린다 그 다음 열을 가해 내부의 밀랍을 녹여내고 밀랍이 제거된 외형과 내형을 결합한 빈 공간에 쇳물을 부어 제작한다 종체는 상하에 견대肩帶와 구대口帶로 구분되며 총 8등분으로 나뉜다 견대 및 네 곳에 유곽乳廓이 있고 유곽 안에 9개의 유두乳頭가 있다 유곽과 유두 고리 역할을 하는 부전 등은 따로 만들어 붙인다 이어 석고를 부어 틀을 만들고 주물로 외·내형 틀을 제작한다 우리나라 범종은 우아하고 안정된 외형을 지니고 있으며 섬세하고 생동적인 조각이 새겨져 있으며 맑고 은은한 소리를 낸다 그래서 우리나라를 대표하는 금속공예로 손꼽히고 있으며 세계의 그 어떤 종보다 뛰어나다는 평가를 받고 있다 보유자 정동후는 이런 우리나라 범종을 주조기술로 만들어내는 주성장이다 그는 18살 때 고 신상무 장인匠人 아래에서 일을 배웠고 자립한 이후 서울 삼성동 봉은사 예천 용문사 논산 관음사 등 명찰의 범종들을 제작하였다 대표작으로는 미국 LA 태고사에 걸려 있는 ‘평화의 종’을 들 수 있다 소재지상세: 경기도 안성시', 'score': 0.6654955972937924}, {'text_segment': '국가유산명_국문: 화각장 국가유산명_한자: 華角匠 국가유산종목: 시도무형유산 시도명: 경기 시군구명: 성남시 시대: NaN 내용: 화각공예는 쇠뿔을 얇게 갈아 뒷면에 무늬를 그려 장식하는 공예품이나 그 기술을 말하며 화각 일을 하는 장인을 화각장이라 일컫는다 화각공예는 다른 나라에서 볼 수 없는 한국 공예의 고유한 특질로서 나전칠기와 더불어 한국 목공예의 특질을 잘 보여준다 기원은 알 수 없으나 고려의 나전칠기에 성질이 유사한 거북의 등껍질을 쓴 사례를 들어 시대를 고대로 올려보기도 하며 조선후기 이후에는 그 자취가 확연하다 화각은 3~5년생 황소의 뿔을 삶고 반을 갈라서 펼쳐 평평한 면을 만든 다음 뒷면이 비칠 만큼 얇게 저며 뒷면에 문양을 그리는 복채기법을 쓴다 복채된 문양은 색이 잘 보존될 뿐 아니라 발색도 한결 깊어져 공예품의 품격을 높인다 문양을 그린 각편을 뼈대가 되는 백골위에 아교로 붙이고 각편들 사이에는 소뼈를 깎아 경계선을 고정시켜 마무리한다 그러나 시간이 경과하면 본디 원추형이던 소뿔의 속성으로 돌아가려는 탄력 때문에 들뜨는 일이 빈번하여 보존이 쉽지않다 따라서 재료를 마련하는 공정부터 복잡하고 번거로울뿐더러 가격도 비싸 궁중이나 소수 지배층에서 쓰던 고급 공예품이었다 화각장은 국가무형유산 보유자로 일찍이 인정받은 故음일천陰一千과 이재만이 있으며 지방의 화각장 보유자로는 경기도의 故한춘섭韓春燮(1949-2015)이 있을 뿐이었다 한춘섭은 나전칠기에 입문하여 기술을 익힌 뒤 음일천의 문하에서 다시 화각기술을 배웠다 현재는 아들 한기덕이 전수조교로 지정되어 기능 전승에 매진하고 있다 소재지상세: 경기도 성남시', 'score': 0.6617585882184742}]",백제
정조가 설치하여 학문과 정책 연구를 장려한 기관은 무엇인가요?,"[{'text_segment': '국가유산명_국문: 색복 장려 깃발 국가유산명_한자: ⾊服 奬勵 깃발 국가유산종목: 국가등록문화유산 시도명: 경기 시군구명: 고양시 시대: NaN 내용: 일제강점기에 조선 문화 및 풍속 말살 정책의 하나로 백의 폐지를 위해 실시한 색복 장려 정책에 사용된 것으로 색복장려운동의 구체적 방향성을 보여줄 수 있는 실물 자료로 현재까지 알려진 유일한 깃발이다 우리의 암울한 시기의 복식 문화를 이해하기 위한 사료로의 가치가 있다 소재지상세: 경기도 고양시 덕양구 화중로104번길 50 (화정동 국립여성사전시관)', 'score': 0.9240056574344635}, {'text_segment': '국가유산명_국문: 귀암사 국가유산명_한자: 龜岩祠 국가유산종목: 문화유산자료 시도명: 충남 시군구명: 금산군 시대: NaN 내용: 양성지(1414∼1482)를 기리기 위해 1922년 세운 사당이다 양성지는 조선시대 문신으로서 호는 눌재이다 대사헌·이조판서 등 여러 벼슬을 지냈고 항상 나라를 위해 현실적인 정책을 연구한 인물이다 민생을 위해 각 지방에 의료기관 설치를 주장하였고 우리나라 고유의 풍습이 중요함을 강조했으며 과거 시험에 대해서도 현실에 맞도록 바꾸길 요구하였다 또한 귀암사 사숙을 열어 향토 교육에도 이바지하였다 귀암사에는 선생의 공적을 적은 눌재 양선생 묘비(廟碑)가 있다 소재지상세: 충청남도 금산군 평촌1길 2 (부리면)', 'score': 0.7624846346753045}, {'text_segment': '국가유산명_국문: 만년제 국가유산명_한자: 滿年堤 국가유산종목: 시도기념물 시도명: 경기 시군구명: 화성시 시대: 조선 1797년 내용: 조선 정조(재위 1776∼1800))는 아버지인 사도세자의 묘를 양주 배봉산에서 수원의 화산 아래로 옮기면서 기존의 수원읍을 현재의 팔달산 아래로 옮겨 새 도시를 조성하였다 새로 이주한 주민들의 안정을 위해 성곽을 쌓을 것을 계획하고 수원의 이름을 화성으로 바꾸었다 정조는 새 도시 경영을 위한 경제적 기반 확보와 백성들의 생활안정을 목적으로 둔전(각 궁과 관아에 딸렸던 밭)을 설치하였다 또한 농사를 위한 관개 용수와 제방 쌓는 일 상권에 대한 보호 나무를 심는 식수사업 등 갖가지 정책적인 배려를 베풀었다 정조 21년(1797)에 세운 만년제는 사도세자의 능인 화산 현륭원 바로 아래에 자리잡고 있다 수원시 서둔(西屯) 서호(西湖) 등의 시설과 함께 만년제는 정조 당시의 권농정책을 보여 주는 중요한 사적이다 소재지상세: 경기 화성시 효행로 636 (안녕동)', 'score': 0.7476407602901514}, {'text_segment': '국가유산명_국문: 대구 구 교남 YMCA 회관 국가유산명_한자: 大邱 舊 嶠南 YMCA 會館 국가유산종목: 국가등록문화유산 시도명: 대구 시군구명: 중구 시대: 1914년 내용: 대구 구 교남 YMCA 회관은 일제 강점기 31독립만세운동 당시 주요 지도자들의 회합의 공간이었으며 물산장려운동 기독교농촌운동 신간회운동 등 기독교민족운동의 거점공간으로서 사용된 역사적 장소이다 1914년에 건립된 2층의 붉은 벽돌 건물로 1층과 2층 사이를 돌림띠(cornice)로 장식하고 창호 상부는 아치로 인방을 확보하여 사각형의 창문을 설치하는 등 1910년대~20년대 조적조 건축의 특징을 잘 간직하고 있다 소재지상세: 대구광역시 중구 남성로 24-0 (남성로)', 'score': 0.6785387631294446}, {'text_segment': '국가유산명_국문: 청주 구 충북산업장려관 국가유산명_한자: 淸州 舊 忠北産業奬勵館 국가유산종목: 국가등록문화유산 시도명: 충북 시군구명: 청주시 시대: 1936년 내용: 1936년 건립\r\n이 건물은 도내 상공인들의 홍보 및 전시 공간으로 사용되어 왔다 2면이 도로와 접한 부지의 특성을 반영하여 모서리 벽면을 원형으로 처리하여 주 출입구를 냈다 주 출입구 위쪽에는 약 1미터 정도 돌출시킨 캐노피를 설치하였으며 2층 역시 다른 창호와는 달리 가로로 긴 창을 돌출시켜 정면성을 강조하였다 입면 전체를 기하학적으로 구성하여 근대 모더니즘 건축 기법을 나타내고 있다 소재지상세: 충청북도 청주시 상당구 상당로 82 (문화동)', 'score': 0.6759168853992019}]",규장각
한산대첩에서 일본군을 상대로 대승을 거둔 장군은 누구인가요?,"[{'text_segment': '국가유산명_국문: 통영 염언상 묘 국가유산명_한자: 統營 廉彦祥 墓 국가유산종목: 시도기념물 시도명: 경남 시군구명: 통영시 시대: NaN 내용: 조선 중기의 무신 염언상(1552∼)의 묘지이다 그는 어려서부터 군사에 관계된 서적을 꾸준히 읽었으며 선조 25년(1592)에 임진왜란이 일어나자 이순신 장군의 휘하에 들어가 전쟁에 참여하였다 임진왜란 최초의 해전인 거제 옥포대첩에서 적선 30여척을 격파하는 공을 세웠으며 임진왜란 3대 대첩의 하나인 한산도 대첩에서도 공을 세웠다 그후 이순신 장군이 모함을 받아 투옥되자 고향에 돌아와 의병들을 이끌고 남원 지방에서 활약하다가 권율 장군 휘하에서 활약하였다 묘의 형태는 원형분이며 입구에 ‘선무원종공신염언상사비(宣武原從功臣廉彦詳事蹟碑)’라고 적힌 비가 세워져 있다 원종공신이란 국가나 왕실의 안정에 공적이 있는 자에게 내리는 칭호를 가리킨다 소재지상세: 경남 통영시 정량동 162-19번지', 'score': 0.8262597723202447}, {'text_segment': '국가유산명_국문: 김좌진장군묘 국가유산명_한자: 金佐鎭將軍墓 국가유산종목: 시도기념물 시도명: 충남 시군구명: 보령시 시대: 근대 내용: ◦ 김좌진(1889~1930)은 충청남도 홍성군 갈산면 행산리 출신이며 호는 백야로 1920년 10월 일본군 대부대가 독립군 토벌을 목적으로 만주로 출병하자 소속 독립군인 북로군정서군을 백두산으로 이동시키던 중 청산리에서 일본군과 만나 전투를 전개하여 일본군 3천여 명을 살상하는 커다란 승리를 올렸음\r\n ◦ 이 청산리 대첩은 우리나라 무장 독립운동사에서 가장 빛나는 업적임\r\n ◦ 1930년 1월 24일 공산주의자의 총에 맞아 사망하였는데 만주에서 교포들의 사회장이 치러졌고 만주에 안장되었다가 부인 오숙근 여사가 1934년에 홍성군 서북면 이호리에 이장하였다 1957년 현 위치로 다시 이장하였음\r\n ◦ 보령시에서는 묘역 성역화 사업을 추진하고 장군의 업적과 독립정신을 계승하고자 청산리 대첩일인 매년 10월 22일에 묘소에서 각계 인사들이 모여 추모제향을 올리고 장군의 독립정신을 되새기고 있으며 1962년 대한민국건국훈장이 추서되었음 소재지상세: 충청남도 보령시 원안송동길 264-1 (청소면)', 'score': 0.8101328159637378}, {'text_segment': '국가유산명_국문: 통영 한산도 이충무공 유적 국가유산명_한자: 統營 閑山島 李忠武公 遺蹟 국가유산종목: 사적 시도명: 경남 시군구명: 통영시 시대: 조선시대 내용: 임진왜란 때 충무공 이순신(1545∼1598) 장군이 왜군을 크게 무찌른 한산대첩을 기념하기 위하여 만들어진 역사적인 장소이다 충무공은 무과에 급제하여 전라좌도 수군절도사를 지내던 때 왜적의 침입이 있을 것에 대비하여 여수를 중심으로 배를 만들고 군비를 늘리는 등 일본의 침략에 대처하였다 선조 25년(1592)에 임진왜란이 터지자 옥포대첩 거북선이 최초로 모습을 드러낸 노량해전 당항포해전 한산대첩 등 곳곳에서 전승을 거두었고 정유재란 때에는 명량대첩 등에서 승리를 거두었다 그가 죽은 후 1604년 선무공신 1등에 올랐고 영의정에 추증되었으며 ‘충무(忠武)’라는 시호가 내려졌다 한산대첩은 매우 불리하였던 전쟁의 상황을 완전히 바꾸어 놓은 대표적인 해전으로 육지에서의 행주성대첩·진주성대첩과 함께 임진왜란 3대첩의 하나로 꼽히는 유명한 싸움이었다 선조 25년(1592) 이곳에 제승당(制勝堂)을 짓고 26년(1593)부터 30년(1597)까지 해군의 중심 진영으로 삼아 해상세력을 장악하고 나라의 어려움을 이겨나갔다 그러나 선조 30년(1597)에 제승당을 포함한 이곳 군영이 모두 불에 타서 폐허가 되었다 그 후 영조 15년(1739)에 제승당과 함께 ‘제승당유허비’를 세운 후 여러 차례 공사가 이루어졌고 일제시대 때 지방 유지들에 의해 다시 세워지게 되었다 원래 제승당은 임진왜란 중 충무공이 부하들과 함께 작전계획을 세우고 일을 보던 ‘운주당’이란 건물 자리에 영조 때 집을 짓고 ‘제승당’이라는 이름을 붙인 것이다 경내에는 제승당을 비롯하여 충무공의 영정을 모신 ‘충무사’와 ‘한산정’ ‘수루’ 등이 있으며 산봉우리에는 한산대첩비와 함께 거북등대가 있다 <br/><b>※(한산도이충무공유적 → 통영 한산도 이충무공 유적)으로 명칭변경 되었습니다(20110728 고시) </b> 소재지상세: 경남 통영시 한산면 한산일주로 70 (두억리)', 'score': 0.793533593416214}, {'text_segment': '국가유산명_국문: 금산 이치대첩지 국가유산명_한자: 錦山 梨峙大捷址 국가유산종목: 시도기념물 시도명: 충남 시군구명: 금산군 시대: NaN 내용: 이치는 대둔산 중허리를 넘어 전북 완주군으로 통하는 교통의 요지이며 전략상 중요한 곳이다 1592년 임진왜란 당시 경상도와 충청도를 휩쓸고 승승장구 하던 2만여 병력의 일본군이 호남으로 나아가 군량미를 얻고자 이곳을 넘으려 하였다 이 때 먼저 길목을 지키고 있던 권율장군이 동복현감 황진과 1500여명의 군사를 이끌고 결사적으로 싸워 일본군을 격퇴하였다 이로써 전주성과 호남평야를 지킬 수 있었다 임진왜란의 첫 승리를 장식한 이 싸움을 이치대첩 또는 이치싸움이라고 하며 여기에 힘입어 이후 권율장군은 행주대첩과 웅치싸움을 승리로 이끌 수 있었다 소재지상세: 충청남도 금산군 진산면 묵산리 산 79-34', 'score': 0.7787103043144421}, {'text_segment': '국가유산명_국문: 김좌진 장군 사회장 약력서 국가유산명_한자: NaN 국가유산종목: 국가등록문화유산 시도명: 충남 시군구명: 천안시 시대: NaN 내용: ‘김좌진 장군 사회장 약력서’는 1930년 1월 만주에서 순국한 독립운동가 김좌진 장군의 사회장(1930년 3월)에서 낭독된 약력서이다 김좌진(金佐鎭 18891124-1930124) 장군은 일제강점기 만주지역에서 무장독립군을 이끌며 ‘청산리대첩’을 승리로 이끌었던 한국독립운동사의 무장투쟁을 대표하는 인물이다 본 약력서는 그의 출생과 성장 사망 주요 활동과 사상 가족관계 등을 연도별로 상세히 기록하고 있어 김좌진 장군의 전 생애를 순차적으로 알 수 있는 역사적으로 중요한 자료이다 소재지상세: 충청남도 천안시 동남구 독립기념관로 1 (목천읍 독립기념관)', 'score': 0.7379591457297088}]",이순신 장군
광주민주화운동이 발생한 연도는 언제인가요?,"[{'text_segment': '국가유산명_국문: 광주 구 무등산 관광호텔 국가유산명_한자: NaN 국가유산종목: 국가등록문화유산 시도명: 광주 시군구명: 북구 시대: 대한민국 내용: 한국전쟁 이후 관광산업 육성을 위해 중앙정부에서 설악산 서귀포 무등산 등 국내 명승지에 건립한 관광호텔 중 유일하게 현존하는 건축물로 관광사적 의미가 크며 5·18 광주민주화운동 당시 임시 피난처로 사용되었던 측면에서 지역의 근대사적 가치가 있다 소재지상세: 광주광역시 북구 무등로 1567 (금곡동)', 'score': 0.8145607680496143}, {'text_segment': '국가유산명_국문: 광주 문빈정사 소장 전적 국가유산명_한자: 光州 文彬精舍 所藏 典籍 국가유산종목: 시도유형문화유산 시도명: 광주 시군구명: 동구 시대: 1443~1636 내용: 문빈정사는 불교운동과 민족민주운동의 산실이며 1980년대와 90년대에 지선스님이 주석하며 민족민주운동과 종단개혁에 앞장섰다 이곳에서 창립된 무등민족문화회와 문빈정사청년회는 신도회와 더불어 민주화와 불교 자주화에 이바지하였고 특히 무등민족문화회는 훗날 불교운동을 이끌었던 정토구현전국승가회와 실천불교전국승가회 민족자주통일불교운동협의회 전국불교운동연합의 모태가 되었다 또한 문빈정사는 김철수 이기홍 문익환 고은 김지하 선생 등 민주인사들이 나라와 민족을 위한 강연이나 담론을 하였던 곳이다 문빈정사 소장 11종 12책은 대부분 임진왜란 전에 간인된 판본으로 ㄱ나행지와 간행연도에 대한 기록이 정확하고 대부분을 책판을 판각한 이후 곧바로 찍어낸 초간본으로 『법계성범수륙승회수재의궤』는 불교의 야회 법회의식 중 하나인 수륙재때 행사는 여러 의식절차를 정리한 책이다 그리고 보조국사의 『법집별행록절요병입사기(1579)』등이 소장되어 있으며 조선후기의 감로도 역시 소장되어 있다 이 감로도는 광주 전남에서는 선암사과 대흥사에 이어 세 번째로 오래된 감로도이다 『천지명양수륙재의찬요』는 우리나라에서 가장 오래된 ㅍ나본으로 초간에 가깝고 1536년 경상도 안음의 영각사에서 간행된 판본이다 수륙재의 기원과 의식절차에 대한 것을 집성한 불교의례서로 국내서에서 처음 확인된 판본인 것으로 밝혀졌다 나머지 9종 또한 모두 희귀본으로 판명됐다 문빈정사 소장 전적은 판본의 계통연구 뿐 아니라 사찰의 출판활동 불교의식의 변화 등을 알 수 있는 귀중한 자료이다 소재지상세: 광주광역시 동구 증심사길 81 (운림동 문빈정사)', 'score': 0.7962835133075714}, {'text_segment': '국가유산명_국문: 광주 전라남도청 구 본관 국가유산명_한자: 光州 全羅南道廳 舊 本館 국가유산종목: 국가등록문화유산 시도명: 광주 시군구명: 동구 시대: 1925 내용: 1930년 건립된 이 건물은 관공서 건물의 설계와 시공을 일본인들이 독차지하던 시기에 한국인 건축가 김순하가 설계와 시공 과정에 참여하여 완성하였다는 점에서 중요한 의미가 있다 건립이후 70년 이상 전라남도의 행정적 중심이 된 곳이며 1980년에는 5·18민주화운동의 산 현장으로서 전남 지역 근·현대사의 역사적 장소이기도 하다 정면에 수직으로 나란히 3개의 창을 설치하고 창문 사이에는 코린트 양식을 단순화한 주두로 장식하였는데 이는 당시 건축물에서는 볼 수 없는 독특한 의장이다 소재지상세: 광주 동구 광산동 13번지', 'score': 0.755387741962722}, {'text_segment': '국가유산명_국문: 원주 원동성당 국가유산명_한자: 原州 園洞聖堂 국가유산종목: 국가등록문화유산 시도명: 강원 시군구명: 원주시 시대: 1954 내용: 이 건물은 천주교 원주교구 주교좌 성당이다 유신정권 시절 민주화 운동에 한 획을 그은 지학순 주교가 ‘원주선언’을 한 곳으로 원주 지역 민주화 운동의 상징이기도 하였다 장방형 평면으로 폭에 비해 길이가 매우 길며 정면 중앙의 종탑 윗부분은 돔형으로 되어 있다 외벽은 인조석 물씻기로 처리하고 줄눈을 사용해 석조처럼 보이게 하는 등 외관의 완성도가 높으며 건립 당시 원형이 잘 보존되어 있다 1954년에 재건된 건물로 전후 복구된 성당건축으로는 드물게 형식적 완성도가 높고 원형보존이 잘 되어있다 \r\nㅇ 70년대 민주화운동과도 관련이 있음 · 1896817 : 초대 르 메르 신부가 부임하면서 성당이 건립\r\n· 1950년대 한국전쟁으로 파괴\r\n· 1953년 말 : 성이 가씨인 중국인이 기본설계와 공사계획을 수립\r\n· 1954년 : 본당 교우들의 성미운동과 노력봉사로 건립\r\n· 1976년 : 1층 수녀원과 2층 강당 건립\r\n· 1985년 : 교회와 교리실을 건립 \r\nㅇ1976년 5월 20일 1층 수녀원 2층 강당 증축\r\nㅇ1985년 6월 29일 교회 273㎡ 연와조 함석 시멘트 벽돌 슬라브\r\nㅇ1991 5 15 : 동일지번내 지상5층 건축물 증축 소재지상세: 강원 원주시 원일로 27 (원동)', 'score': 0.7307176972025777}, {'text_segment': '국가유산명_국문: 광주학생운동발상지 국가유산명_한자: 光州學生運動發祥地 국가유산종목: 시도기념물 시도명: 광주 시군구명: 북구 시대: NaN 내용: 광주학생독립운동을 주도하였던 학생들이 다니던 학교의 교사부지의 일부를 문화유산으로 지정한 것이다 광주학생독립운동은 우발적인 한·일 학생간의 충돌 때문에 일어난 사건이 아니라 축적된 민족의식과 독립의지의 적극적인 표출이며 일제의 탄압과 착취 차별교육에 대항한 민족운동이다 광주에서 항일 시위를 전개한 후 전국의 194개 학교 54000여명의 학생들이 참가하여 일제를 놀라게 한 사건이다 광주학생독립운동의 태동은 광주공립고등보통학교 광주공립농업학교 광주공립여자고등보통학교 전라남도공립사범학교 학생들이 &quot;조선민족을 일본제국으로부터 독립시키는 것&quot;을 목적으로 성진회&lt; 醒進會 &gt; 독서회&lt; 讀書會 &gt; 소녀회&lt; 少女會 &gt;라는 비밀결사를 조직한데서 비롯되었다고 할 수 있다 이 단체들은 동료 학생들에게 독립의식을 고취시켰고 일제에 항거하여 몇차례의 동맹휴학을 강행하면서 단결력을 키웠다 이러한 독립의식과 단결력은 1929년 10월 30일 나주역에서 발생한 조선여학생희롱사건이 발단이 되어 11월 3일의 항일시위를 전개하는 원동력이 되었으며 전국으로 확산시키는 계기가 되었던 것이다 광주공립고등보통학교는 현재 광주제일고등학교이고 광주공립농업학교는 북구 임동에 있었으나 현재는 택지로 변하였고 현재 광주공립여자고등보통학교는 현재 전남여자고등학교이고 전라남도공립사범학교는 현재의 중앙도서관 자리에 있었다 이 가운데 광주제일고등학교(광주 북구 독립로 225 독립로237번길 33)와 전남여자고등학교(광주 동구 제봉로158번길 8)의 일부를 기념물로 지정하였다 소재지상세: 광주 북구 독립로 225 광주 동구 제봉로158번길 8', 'score': 0.68687219823636}]",1980년
황산벌 전투에서 신라군과 맞서 싸운 백제의 장군은 누구인가요?,"[{'text_segment': '국가유산명_국문: 계백장군유적전승지 국가유산명_한자: 階伯將軍遺蹟傳承地 국가유산종목: 시도기념물 시도명: 충남 시군구명: 논산시 시대: NaN 내용: 성충(成忠) 흥수(興首)와 더불어 백제의 3충신으로 꼽히는 백제 말기의 명장 계백 장군의 무덤으로 추정되는 곳이다 계백 장군은 의자왕 20년(660)에 나·당 연합군이 백제의 요충지인 탄현과 백강으로 진격해오자 5천여명의 결사대를 이끌고 황산벌에서 신라 김유신의 5만 대군에 맞서 싸웠다 전장에 나가기 전에는 가족들이 적의 노비가 되는 부끄러움을 면하기 위해 스스로 부인과 자식을 죽이고 떠났다고 한다 죽음을 각오한 결사대의 용맹스러운 활약으로 4번의 싸움에서 이겼으나 수적인 열세로 말미암아 마침내 장렬한 최후를 맞았다 이곳을 계백 장군의 무덤으로 간주하는 이유는 옛 문헌에서 계백의 목이 잘렸다고 전하는 ‘수락산’과 계백의 시신을 급히 거두어 가매장했다는 ‘가장곡’이 바로 이곳이라는 점과 계백 장군의 위패를 모신 충곡서원이 바로 뒷편에 있다는 점이다 또한 무덤지역의 동남쪽이 백제와 신라의 마지막 격전지였던 황산벌이라는 점도 있다 원래 무덤 일원은 돌덧널(석곽)이 노출된 채 방치되어 있었는데 1970년대 후반에 보수공사를 거쳐 현재의 모습을 갖추었다 소재지상세: 충남 논산시 부적면 신풍리 산4번지 외 27필', 'score': 0.8386388421058655}, {'text_segment': '국가유산명_국문: 김유신장군유허지 국가유산명_한자: 金庾信將軍遺墟址 국가유산종목: 시도기념물 시도명: 충북 시군구명: 진천군 시대: NaN 내용: 신라가 삼국통일을 이루는데 중심적인 역할을 한 김유신(595∼673) 장군이 태어난 곳이다 김유신은 금관가야의 마지막 왕인 구해왕의 증손으로 아버지 서현과 어머니 만명부인 사이에서 태어났다 신라 무열왕 7년(660) 상대등이 되어 신라군을 이끌고 당나라 군대와 함께 계백 장군이 거느린 백제군을 황산벌에서 무찔러 백제를 멸망시켰다 문무왕 8년(668) 나·당연합군이 고구려를 공략할 때도 신라군의 총사령관이 되어 고구려를 멸망시켰고 이어서 삼국의 영토에 야심을 드러낸 당나라 군대도 물리침으로써 삼국통일의 위업을 달성하였다 이곳에는 앞면 3칸·옆면 2칸의 재실 유허비와 최남선이 쓴 비문이 있다 뒤로는 장군의 탯줄을 묻은 태령산이 있고 주위에는 여보정 치마대들이 있다 해제사유: 사적 제414호 김유신탄생지및태실 로 승격지정됨에 따라 해제됨 소재지상세: 충북 진천군 진천읍 김유신길 170-4 (상계리)', 'score': 0.7610168330270635}, {'text_segment': '국가유산명_국문: 개태사지 국가유산명_한자: 開泰寺址 국가유산종목: 시도기념물 시도명: 충남 시군구명: 논산시 시대: NaN 내용: 개태사는 고려 태조 왕건이 후백제 세력을 완전히 물리친 후 태조 23년(940)에 지은 절이다 당시 절 안에는 태조의 초상화가 있어서 나라에 전쟁의 기미가 있으면 그 앞에 기원문을 올려 나라가 태평하기를 빌었다고 한다 그 후 이 절은 고려 후기에 이르러 왜구의 빈번한 약탈에 의해 차츰 기울어진 것으로 보인다 현재의 위치는 세종 10년(1428)에 옮겨진 것으로 개태사 안에는 개태사지삼존불상(보물 제219호)이 있고 이외에도 석탑과 쇠솥이 있다 전성기에 장국을 끓였다고 전해지는 이 쇠솥은 지름 3m 높이 1m 둘레 94m에 이를 정도여서 수백명의 승려가 기거했다는 전설을 사실로 뒷받침하고 있다 건물 자리와 주춧돌 석조 불상의 대좌 죽대들이 남아 있으며 이곳에서 출토된 청동제 반자는 국립부여박물관에 소장되어 있다 이 절터에 있었던 석조불좌상 1구는 상방산의 한 암자에 안치되어 있다 개태사터 일대는 삼국시대 후기 신라군이 당과 동맹을 맺고 백제를 공략할 때 통과한 진격로로 백제의 계백 장군이 5천 결사대를 이끌고 근처 황산벌에서 신라와 최후의 전투를 벌였던 장소로 유명하다 그후에도 군사·교통의 요충지로 주목을 받았던 곳이다 또한 주변에는 사찰을 지키기 위해 만든 약 6㎞에 달하는 토성이 있다 소재지상세: 충남 논산시 연산면 천호리 29-1번지 3필', 'score': 0.7558037764835523}, {'text_segment': '국가유산명_국문: 논산표정리고분군 국가유산명_한자: 論山表井里古墳群 국가유산종목: 시도기념물 시도명: 충남 시군구명: 논산시 시대: NaN 내용: 신라와 백제의 황산벌 전투가 있었다는 충청남도 논산시 표정리 뒷산 기슭에 분포하는 수천 기의 백제무덤들이다 광복후 도굴에 의해 대부분이 파괴된 상태로 4차례 발굴조사를 통하여 굴식돌방무덤(횡혈식석실묘) 20기 앞트기식돌방무덤(횡구식돌방무덤) 18기 독무덤(옹관묘) 1기가 발견되었다 토기들은 굽다리접시(고배) 병형토기 굽다리단지(유대호) 그릇받침(기대) 세발토기(삼족토기)를 비롯하여 많은 종류와 양이 출토되어 계통·성격·분포·연구에 좋은 자료가 된다 병형토기의 경우 이곳에서 4점이 나왔는데 한반도에서는 나주대안리고분(사적)에서 1점만이 출토된 희귀한 형태이다 굽다리단지의 경우 낙동강 유역의 것과 같은 형태로 문화 교류 상황을 보여주고 있다 백제의 전형인 세발토기는 가장 많이 출토되는 토기로 모두 뚜껑을 가지고 있다 토기의 변천과 신라·가야 토기와의 비교를 통해 대체로 5∼6세기초에 형성된 무덤들로 추정된다 표정리 무덤들은 신라와 가야의 토기들이 출토되어 당시 이 지역의 문화교류내지 영향을 살펴볼 수 있는 좋은 자료로 평가된다 소재지상세: 충남 논산시 연산면 표정리 산58-2번지 외 2필', 'score': 0.7225301561814903}, {'text_segment': '국가유산명_국문: 6·25 전쟁 군사 기록물(공군 전투비행단) 국가유산명_한자: NaN 국가유산종목: 국가등록문화유산 시도명: 충북 시군구명: 청주시 시대: 1953년 등 내용: ‘6·25전쟁 군사 기록물(공군 전투비행단)’은 전쟁 당시 공군 제10전투비행단(당시 강릉기지)과 관련된 유물인 제10전투비행단 종합보고서·비행기록수첩 및 출격 표시 작전지도·10비 군사일지·조종사 출격일지·김영환 장군 명패로 총 6건 8점의 유물이다 ① 제10전투비행단 종합보고서는 비행단의 작전·정보·교육·기상 등 작전 요소를 망라하여 도면과 문서로 정리한 유물로 국군과 북한군의 상황을 알 수 있는 자료다 ② 비행기록 수첩·출격 표시 작전지도는 참전 조종사(임상섭)가 1952년부터 1953년까지 작전을 수행한 지역을 수첩에 기록하고 지도에 표시한 유물로 당시 연습·출격기록을 알 수 있는 자료다 ③ 10비 군사일지는 1951년부터 1955년까지 2권으로 구성되어 있으며 부대의 주요 활동을 일자순으로 기록한 것으로 당시 비행단의 활동상황을 살펴볼 수 있다 ④ 조종사 출격일지는 참전 조종사(이배선)가 1952년부터 1953년까지의 출격일시·목표지점·임무·작전지도․마음가짐 등을 일자별로 상세히 기록한 것으로 전투조종사의 활약을 살펴볼 수 있다 ⑤ 김영환 장군 명패는 초대 제10전투비행전대장 시기(19518~1110)에 조종사 일동이 제작한 것이다 김영환 장군은 비행전대장 재직 당시 무장공비가 잠입한 해인사 폭격명령을 거부해 문화유산을 지켜낸 공적으로도 알려져 있다 해당 유물들은 6·25전쟁 시 공군의 작전수행 상황을 알 수 있는 자료로서 희귀하며 역사·사료적 가치를 지닌다 소재지상세: 충청북도 청주시 상당구 남일면 쌍수리 335-1 공군박물관', 'score': 0.7166051074627773}]",계백
훈민정음을 창제한 왕은 누구인가요?,"[{'text_segment': '국가유산명_국문: 전보장정(2012-1) 국가유산명_한자: 電報章程(2012-1) 국가유산종목: 국가등록문화유산 시도명: 서울 시군구명: 서초구 시대: 1888년 내용: 1888년(고종 25년)에 우리나라에서 제정한 최초의 전신규정(電信規程)을 담고 있는 문헌으로 32항의 조문과 전신부호 요금 등이 규정되어 있다 이 중 김학우(金鶴羽)가 만든 국문 전신부호인 ‘국문자모 호마타법’은 자음과 모음을 짧은 점과 긴 점의 두 가지 기호를 조합하여 만든 2진법 체계의 모스 부호와 같은 원리이며 이 2진법은 오늘날 한글 코드로 발전하게 되었다 훈민정음이 창제된 이후 최초로 한글의 기계화가 이루어진 결과물로 중요한 가치를 지닌다 소재지상세: 서울특별시 서초구 반포대로 201 국립중앙도서관', 'score': 0.7245915049009645}, {'text_segment': '국가유산명_국문: 전보장정(2012-2) 국가유산명_한자: 電報章程(2012-2) 국가유산종목: 국가등록문화유산 시도명: 경기 시군구명: 성남시 시대: 1888년 내용: 1888년(고종 25년)에 우리나라에서 제정한 최초의 전신규정(電信規程)을 담고 있는 문헌으로 32항의 조문과 전신부호 요금 등이 규정되어 있다 이 중 김학우(金鶴羽)가 만든 국문 전신부호인 ‘국문자모 호마타법’은 자음과 모음을 짧은 점과 긴 점의 두 가지 기호를 조합하여 만든 2진법 체계의 모스 부호와 같은 원리이며 이 2진법은 오늘날 한글 코드로 발전하게 되었다 훈민정음이 창제된 이후 최초로 한글의 기계화가 이루어진 결과물로 중요한 가치를 지닌다 소재지상세: 경기도 성남시 분당구 하오개로 323 한국학중앙연구원', 'score': 0.7209081635097048}, {'text_segment': '국가유산명_국문: 공병우 세벌식 타자기(2013-2) 국가유산명_한자: 公丙禹 세벌式 打字機(2013-2) 국가유산종목: 국가등록문화유산 시도명: 서울 시군구명: 종로구 시대: 1949~1952 내용: 공병우가 개발한 세벌식 타자기의 최초 양산 모델로 미국의 언더우드(UNDERWOOD)사에 생산을 의뢰하여 한국으로 수입한 것이다 현재 우리가 사용하고 있는 표준 자판은 자음과 모음으로 이루어진 두벌식 배열이지만 공병우 타자기의 자판은 세벌식 배열로써 글쇠에 자음과 모음 외에 받침까지 추가되어 있다 세벌식은 초성·중성·종성으로 나누어지는 훈민정음 창제의 원리가 타자기의 자음 모음 받침의 글쇠로 구현된 것이다 실용화된 한글 타자기의 초창기 제품으로서 한글의 기계화에 중요한 기여를 하였다 소재지상세: 서울특별시 종로구', 'score': 0.7162993617462899}, {'text_segment': '국가유산명_국문: 공병우 세벌식 타자기(2013-1) 국가유산명_한자: 公丙禹 세벌式 打字機(2013-1) 국가유산종목: 국가등록문화유산 시도명: 서울 시군구명: 동대문구 시대: 1949~1952 내용: 공병우가 개발한 세벌식 타자기의 최초 양산 모델로 미국의 언더우드(UNDERWOOD)사에 생산을 의뢰하여 한국으로 수입한 것이다 현재 우리가 사용하고 있는 표준 자판은 자음과 모음으로 이루어진 두벌식 배열이지만 공병우 타자기의 자판은 세벌식 배열로써 글쇠에 자음과 모음 외에 받침까지 추가되어 있다 세벌식은 초성·중성·종성으로 나누어지는 훈민정음 창제의 원리가 타자기의 자음 모음 받침의 글쇠로 구현된 것이다 실용화된 한글 타자기의 초창기 제품으로서 한글의 기계화에 중요한 기여를 하였다 소재지상세: 서울특별시 동대문구 회기로 56- (사)세종대왕기념사업회', 'score': 0.7094445910715068}, {'text_segment': '국가유산명_국문: 괴산 정인지 묘소 국가유산명_한자: 槐山 鄭麟趾 墓所 국가유산종목: 시도기념물 시도명: 충북 시군구명: 괴산군 시대: NaN 내용: 조선 초기의 대학자이며 정치가였던 학역재(學易齋) 정인지(1396∼1478)의 묘소이다 태종 14년(1414) 과거에 장원으로 급제한 후 여러 관직을 역임하였고『고려사』 『용비어천가』 『태조실록』등 각종 편찬 사업에 참여하였으며 세종 때에는 집현전 학사로 훈민정음을 창제하는데 공을 세웠다 단종 1년(1453) 계유정란 때 세조를 도와 공을 세워 1등공신이 되고 영의정에까지 올랐다 단종∼성종 연간에는 학덕을 갖춘 정치가로서 민심을 진정시키는데 크게 기여하였으며 저서로는 『학역재집』이 있다 묘역 안에는 특별한 시설이 없고 묘 아래에 세워졌던 서거정이 글을 지은 신도비(神道碑:왕이나 고관 등의 평생업적을 기리기 위해 무덤 근처 길가에 세운 비)가 없어져서 1958년에 다시 세웠다 소재지상세: 충북 괴산군 불정면 외령리 산44번지', 'score': 0.6887452745781466}]",세종대왕
칠지도를 하사한 나라는 어디인가요?,"[{'text_segment': '국가유산명_국문: 부여 군수리 사지 국가유산명_한자: 扶餘 軍守里 寺址 국가유산종목: 사적 시도명: 충남 시군구명: 부여군 시대: 백제시대 내용: 부여 군수리에 자리하고 있는 백제의 절터로 절의 이름은 전해지지 않는다 1935년 일본 사람에 의해 조사되었는데 그 결과 중문·목탑·금당·강당 이 남북으로 일직선상에 배치된 1탑 1금당의 구조임이 밝혀졌다 백제 사찰에서의 1탑 1금당의 가람배치는 이 절터에서 처음으로 확인되었는데 중문 목탑 금당 강당을 일직선으로 배치한 사실을 확인하였다 금당터의 기단은 기와를 쌓아 만든 것이 특징이며 유물은 절터에서 골고루 출토되었다 먼저 강당터 남쪽에서 금동관 조각이 나왔고 금당터 주위와 탑터에서는 약 1150점의 옥과 금당 서쪽에서는 금동제방울·구두 모양의 금구가 출토되었다 또한 연꽃무늬·덩굴무늬가 아름답게 조각된 상자 모양의 벽돌과 금제고리·작은 구슬을 비롯한 많은 유물이 출토되었다 목탑의 중심부에서는 군수리 금동미륵보살입상·군수리 석조여래좌상과 칠지도·철못·삼족토기를 비롯한 토기류가 출토되었다 이 중 특히 주목되는 것은 칠지도이다 칠지도는 중심에서 양쪽으로 각각 세가지씩 칼이 뻗어있어 7개의 칼날을 가지고 있는 칼이다 이와 비슷한 백제 칠지도 하나가 일본에 있어 백제와 일본의 문화교류의 한 단면을 말해주고 있다 소재지상세: 충남 부여군 부여읍 군수리 19번지', 'score': 0.6756326854228973}, {'text_segment': '국가유산명_국문: 고종황제 하사 족자 국가유산명_한자: 高宗皇帝 下賜 簇子 국가유산종목: 국가등록문화유산 시도명: 서울 시군구명: 서대문구 시대: NaN 내용: ○ 19세기 말기에 정부(대한제국)가 고종의 주치의였던 에비슨(Oliver R Avison)에게 하사한 족자이다 ○ 족자 가운데 쓴 글은 ‘投良濟堯帝時巫咸(투양제요제시무함)’이다 풀이하자면 ‘좋은 약을 지어주는 것이 요나라 황제 때의 무함이다’ 라는 뜻이다 특이한 점은 수급자 표시의 오른 쪽과 가운데 쓴 글의 위쪽에 각각 ‘의비신 대인 각하’ ‘투량뎨요뎨시무함’과 같이 한글 음을 작은 글자로 병기해 놓았다는 점이다 그리고 족자의 아래 부분에도 작은 글자로 한글 풀이를 적어 놓았다 이것은 한자에 익숙하지 않은 서양인을 배려하여 적은 것으로 추정된다 ○ 이 족자는 에비슨이 고종의 시의(侍醫)를 지냈던 사실을 확인할 수 있으며 국왕과 정부가 서양의술의 탁월함을 인정한 기록물인데다가 더욱이 에비슨의 후손들에 의해 기증된 환수국가유산이라는 사실에 의미가 있다 소재지상세: 서울특별시 서대문구 연세로 50-1 (신촌동 연세의료원) 동은의학박물관', 'score': 0.645654133744114}, {'text_segment': '국가유산명_국문: 데니 태극기 국가유산명_한자: 데니 太極旗 국가유산종목: 국가등록문화유산 시도명: 서울 시군구명: 용산구 시대: 1890년 추정 내용: \xad구한말 고종이 미국인 외교고문 데니(O N Denny 1838~1900)에게 하사한 것으로 알려진 태극기로 우리나라에서 가장 오래된 태극기이다 소재지상세: 서울특별시 용산구 서빙고로 137 (용산동6가 국립중앙박물관)', 'score': 0.643207924916027}, {'text_segment': '국가유산명_국문: 영천약남리회화나무 국가유산명_한자: 永川藥南里회화나무 국가유산종목: 시도자연유산 시도명: 경북 시군구명: 영천시 시대: NaN 내용: 회화나무는 추위와 공해에 강하여 전국 어디에서나 자라는 낙엽활엽수로 정자나무 공원수 가로수 등으로 적합하다 어린 가지는 잎 색깔과 같은 녹색이 특징이며 나이를 먹으면 나무 껍질은 세로로 깊게 갈라진다 중국에서는 회화나무를 상서로운 나무로 매우 귀하게 여겨 과거에 급제하거나 관리가 관직에서 물러날 때 기념으로 회화나무를 심었다고 한다 우리나라에서도 회화나무는 벼슬을 상징하고 잡귀가 붙지 않는다고 믿었으며 회화나무 3그루를 집 안에 심어두면 행복이 찾아온다고 믿어 즐겨 심었다 회화나무 꽃을 중국에서는 괴화(槐花)라고 하는데 괴(槐)의 중국 발음이 ‘회’로 회화나무 또는 회나무로 불리게 되었다고 한다 회화나무는 수령이 200년 이상 지나면 부후균에 의해 중심부가 어 빈 구멍상태로 남는 특성이 있는데 영천의 회화나무 역시 빈 구멍상태이며 이웃해 있는 느티나무와 밑동 부분이 합쳐져 자라고 있다 약남리 회화나무는 중심부에 구멍이 생긴 상태지만 개울가의 비옥한 토양과 마을 사람들의 적극적인 보호로 비교적 잘 자라고 있다 소재지상세: 경북 영천시 금호읍 약남리 82번지', 'score': 0.5912680306478435}, {'text_segment': '국가유산명_국문: 잠실뽕나무 국가유산명_한자: 蠶室 뽕나무 국가유산종목: 시도자연유산 시도명: 서울 시군구명: 서초구 시대: NaN 내용: 뽕나무는 추위에 견디는 힘이 강해 전국 어디에서나 자란다 나무껍질은 회갈색 또는 회백색이고 잎은 긴 타원형으로 가장자리에 둔한 톱니가 있다 꽃은 6월에 피고 열매도 6월에 맺어 검은색으로 익는다 뽕나무 잎은 누에치기에 있어서 필수적이라 국가에서는 일찍부터 뽕나무 재배를 권장하였다 잠실리 뽕나무는 이미 죽은 나무로 원줄기에서 두 갈래로 갈라져 자라다 가지 중간에서 잘렸고 나무 속도 대부분 썩은 상태다 언제 심어지고 죽었는지는 알 수 없으나 조선 세종(재위 1418∼1450) 때 지방마다 뽕나무밭을 만들어 누에치기를 장려했던 점으로 보아 조선 전기에 심어진 것으로 추측되어진다 잠실리는 세종 때부터 누에치기를 장려하기 위해 뽕나무밭을 만들어 농민들에게 시범을 보이던 조선왕가의 잠소(蠶所)가 있었던 곳으로 ‘잠실’이란 지명이 유래되었다 주변에는 이곳이 잠소였음을 기리기 위하여 뽕나무를 심어 가꾸고 있다 잠실리 뽕나무는 이미 죽은 상태이지만 조선 전기의 것이라 전해오는 유서 깊은 나무이며 우리나라 누에치기의 역사를 살필 수 있는 중요한 나무이다 소재지상세: 서울특별시 서초구 잠원동 55-11', 'score': 0.577632070681426}]",백제
백제의 마지막 왕은 누구인가요?,"[{'text_segment': '국가유산명_국문: 호암사지 국가유산명_한자: 虎岩寺址 국가유산종목: 시도기념물 시도명: 충남 시군구명: 부여군 시대: NaN 내용: 호암사는 백제 때 지어진 절이라 하나 언제 누구에 의해 지어졌는지는 알 수가 없고 절 옆의 바위에 호랑이 발자국이 남아있어 호암사라 불리운다 절터는 민가가 들어서 정확한 옛 모습을 알 수 없고 현재 존재하는 호암사는 최근에 지은 사찰로 법당을 비롯하여 요사채 산신각 등이 있다 호암사터는 백제의 많은 절터 중에서 그 이름과 유래를 알 수 있는 중요한 유적이다 소재지상세: 충남 부여군 규암면 호암리 156-2번지 17필', 'score': 0.8252027332782745}, {'text_segment': '국가유산명_국문: 팔각정 국가유산명_한자: 八角井 국가유산종목: 문화유산자료 시도명: 충남 시군구명: 부여군 시대: NaN 내용: 삼국시대의 백제 왕궁에서 이용하였다고 전해지는 우물이다 우물이 있는 곳은 조선시대에 부여 현의 관청 건물이 있던 자리로 발굴 결과 백제의 도로나 연못터 유적을 확인할 수 있어 백제 때에 중요하게 쓰였던 장소일 것으로 추정된다 우물의 바닥에는 길게 다듬어진 돌로 8각형의 우물을 짜고 그 위에 깬돌을 차곡차곡 쌓아올렸다 근처에서 건물에 쓰였던 주춧돌과 집터를 만드는데 쓰였을 커다란 돌들이 많이 발견되고 있다 우물의 주변에서 나오는 유물들이 백제의 문화를 반영하고 있어 당시 왕궁터를 추정하는데 중요한 단서가 되고 있다 소재지상세: 충남 부여군 부여읍 부소로 47 (쌍북리)', 'score': 0.7831022080774812}, {'text_segment': '국가유산명_국문: 김유신장군유허지 국가유산명_한자: 金庾信將軍遺墟址 국가유산종목: 시도기념물 시도명: 충북 시군구명: 진천군 시대: NaN 내용: 신라가 삼국통일을 이루는데 중심적인 역할을 한 김유신(595∼673) 장군이 태어난 곳이다 김유신은 금관가야의 마지막 왕인 구해왕의 증손으로 아버지 서현과 어머니 만명부인 사이에서 태어났다 신라 무열왕 7년(660) 상대등이 되어 신라군을 이끌고 당나라 군대와 함께 계백 장군이 거느린 백제군을 황산벌에서 무찔러 백제를 멸망시켰다 문무왕 8년(668) 나·당연합군이 고구려를 공략할 때도 신라군의 총사령관이 되어 고구려를 멸망시켰고 이어서 삼국의 영토에 야심을 드러낸 당나라 군대도 물리침으로써 삼국통일의 위업을 달성하였다 이곳에는 앞면 3칸·옆면 2칸의 재실 유허비와 최남선이 쓴 비문이 있다 뒤로는 장군의 탯줄을 묻은 태령산이 있고 주위에는 여보정 치마대들이 있다 해제사유: 사적 제414호 김유신탄생지및태실 로 승격지정됨에 따라 해제됨 소재지상세: 충북 진천군 진천읍 김유신길 170-4 (상계리)', 'score': 0.7824943553585313}, {'text_segment': '국가유산명_국문: 왕흥사지 국가유산명_한자: 王興寺址 국가유산종목: 시도기념물 시도명: 충남 시군구명: 부여군 시대: NaN 내용: 부소산성 남쪽 기슭의 왕언이 마을에 있는 왕흥사터는 백제 법왕 2년(600)에 세워진 절이다 『삼국사기』에 의하면 이 절은 물가에 접해 있고 채색과 장식이 장엄하고 화려하며 왕이 매번 배를 타고 절에 가 향불을 올렸다고 기록되어 있다 또한 『삼국유사』에는 산기슭에 위치하고 물에 접해 있으며 꽃과 나무가 빼어나 춘하추동 아름다움을 갖추고 있어 왕이 매번 배를 타고 가 아름다움을 감상하였다고 하는 점 등으로 보아 당시 매우 장엄하고 경치가 좋은 곳이었음을 알 수 있다 이 절터는 왕언이 마을에 자리잡고 있는데 부락 이름이 절 이름과 관련이 있는 것으로 보이며 1934년에 ‘왕흥(王興)’이란 글자가 있는 기와가 발견된 점으로 미루어 보아 이곳이 왕흥사가 있었던 자리임을 알 수 있다 여기 저기에 깨진 기와조각이 흩어져 있으며 백제 때의 주춧돌과 판석이 남아있다 왕흥사터는 백제 절터 중에서 그 위치가 정확히 밝혀진 유적으로 중요한 학술적 가치를 지니고 있다 소재지상세: 충남 부여군 규암면 신리 48외 7필', 'score': 0.7773660314985129}, {'text_segment': '국가유산명_국문: 부여용당리우물 국가유산명_한자: 扶餘龍塘里우물 국가유산종목: 문화유산자료 시도명: 충남 시군구명: 부여군 시대: 백제시대 내용: 우물이 자리한 지역은 부여 두리라는 자연마을로서 부여 왕씨의 하나인 부여서씨가 거주한 지역으로 전해지며 오래전부터 이 지역은 만가대(萬家垈)라 불리어져 왔다 우물 깊이는 52m이며 지상부는 정자형(井字形)으로 결구되어 있는데 석재가구 한변의 길이는 180cm이고 높이는 45cm이다 동리 이장에 의하면 우물은 5∼6m 깊이를 굴광하여 밑바닥에는 잘 다듬은 석판을 깔아 놓았다 하며 그 위에 잘 다듬은 각재석을 장방형으로 결구하여 겹쳐 쌓아 올리다가 중간부터는 크기가 다른 자연석 단면을 이용하여 원형으로 쌓았으며 지상부의 맨 윗쪽에는 부정형 장대석을 십자맞춤으로 결구하여 정자형을 이루었다 이 우물은 매우 정교하게 다듬은 석재를 이용하여 축조한 수준 높은 공법의 우물이며 ’96년경에 조사된 굴광후 목재를 이용하여 만든 ‘구아리 백제우물 유적’과 매우 흡사한 구조를 가지고 있어 당시 유행했던 백제우물 양식의 하나로 추정케 하는 귀중한 자료이다 정자형으로 결구한 우물 상단의 석재부분은 매우 심하게 닳아 있어 오랜 세월 동안 이용되어온 우물의 역사를 보여주고 있다 잘 다듬은 석재를 이용하여 축조한 수준 높은 공법의 우물로서 백제시대의 우물로 전해지며 당시 상태를 지금까지 유지하며 최근까지 사용했던 것으로 알려져 더욱 중요시 되고 부여구아리백제유적에서 발견된 우물과 관련하여 백제시대 우물의 형식을 밝힐 수 있는 귀한 자료이므로 가치가 있다 소재지상세: 충남 부여군 구룡면 용당리 858-1번지', 'score': 0.7583736904735057}]",의자왕
서민들의 생활을 그린 조선 후기의 화가는 누구인가요?,"[{'text_segment': '국가유산명_국문: 민화장 국가유산명_한자: 民畵匠 국가유산종목: 시도무형유산 시도명: 서울 시군구명: 서울전역 시대: NaN 내용: 민화란 생활공간의 장식을 위주로 한 일상생활과 풍습에 따라 그려진 실용적 그림을 말하며 이런 민화를 그리는 사람을 민화장이라 한다 민화는 조선 후기에 특히 일반민중이나 서민층의 그림으로 유행하였다 대부분 그림공부를 제대로 하지 못한 무명화가나 떠돌이 화가들에 의해서 그려졌기 때문에 그림을 그린 화가의 낙관(이름이나 호가 새겨진 도장)이 없는 것이 특징이다 민화는 위로 궁중에서부터 아래로는 일반서민들의 생활속에 깊숙히 뿌리를 내려 오랜 세월에 걸쳐 끊임없이 그려져 왔다 그 소재 또한 다양해서 소재의 제한이 없는 것이 특징이다 단순히 장식적 목적을 위한 산수·화훼·풍속화에서 민간신앙과 불교 유교계통의 민화까지 그 소재는 무궁무진하다 기법상의 특징으로는 비전문적인 화가가 그렸기 때문에 공간구성이 다양하고 자유롭다 또한 어둡고 칙칙한 색이 거의 없으며 밝고 명쾌하면서 원색적이고 알록달록하다 민화는 한국인의 사상과 신앙 생활에 관련되는 소재를 그림으로 표현함으로써 가장 친근한 생활속의 낙으로 자리잡아 오랫동안 보존되어 왔다 민화장은 서민들의 생각을 반영하고 표현한 민속공예기술로서 무형유산으로 지정하였다 2022년 3월 24일 무형유산 민화장 기능보유자로 정귀자씨가 인정받았다 소재지상세: 서울특별시', 'score': 0.8183441621690224}, {'text_segment': '국가유산명_국문: 김홍도 필 풍속도 화첩 국가유산명_한자: 金弘道 筆 風俗圖 畵帖 국가유산종목: 보물 시도명: 서울 시군구명: 용산구 시대: 조선시대(18세기) 내용: 김홍도필(金弘道筆) <풍속도 화첩(風俗圖 畵帖)>은 조선 후기의 화가인 김홍도가 그린 그림책 형태의 풍속화 25점이다 단원 김홍도(1745∼)는 신선그림이나 초상화 산수화 등 다양한 주제로 그림을 그렸지만 풍속화가로 더 유명하다 풍속화는 종이에 먹과 옅은 채색을 하여 그렸는데 각 장의 크기는 가로 224㎝ 세로 266㎝ 정도이다 <씨름> <대장간> <글방> 등과 같이 서민사회의 일상생활 모습과 생업에 종사하는 모습이 구수하고도 익살스럽게 표현된 그림들이 실려 있다 풍속화의 대부분은 주변의 배경을 생략하고 인물을 중심으로 그렸는데 특히 인물은 웃음 띤 둥근 얼굴을 많이 그려 익살스러움을 한층 더하였다 선이 굵고 힘찬 붓질과 짜임새있는 구도는 화면에 생동감이 넘치게 하는 한편 서민들의 생활감정과 한국적인 웃음을 잘 표현하고 있다 이 풍속화들은 활기차게 돌아가는 서민들의 일상생활의 사실성과 사회성을 그 생명으로 삼았고 또한 서민의 일상생활을 주제로 한 것이어서 당시 사회상을 엿볼 수 있는 귀중한 자료이다 소재지상세: 서울특별시 용산구 서빙고로 137 (용산동6가 국립중앙박물관)', 'score': 0.7153382152318954}, {'text_segment': '국가유산명_국문: 협궤 객차 18011호 국가유산명_한자: NaN 국가유산종목: 국가등록문화유산 시도명: 경기 시군구명: 의왕시 시대: 1965년 내용: 「협궤 객차 18011호」는 1965년 인천공작창에서 제작되어 국내 협궤철도인 수여선 수인선에서 운행되었다 서해안 주민들의 중요 교통수단으로써 서민들의 낭만과 애환이 담겨 있는 생활문화사적 가치 및 근대기 철도교통의 역사를 지니고 있는 유물이다 소재지상세: 경기도 의왕시 철도박물관로 142 (월암동 철도박물관)', 'score': 0.6452910811991353}, {'text_segment': '국가유산명_국문: 거창일소리 국가유산명_한자: 거창일소리 국가유산종목: 시도무형유산 시도명: 경남 시군구명: 거창군 시대: NaN 내용: 서민들이 삶의 현장에서 노동의 피로를 줄이고 일의 능률을 배가시키기 위해 자연스럽게 발생한 삶의 소리임  그 사설의 내용에는 그들의 일상생활이 진솔하게 표현되어 있는 까닭에 그것을 통해서 우리 조상들의 정서를 이해하고 생활의 모습을 짐작하는데 매우 귀중한 자료가 됨 소재지상세: 경상남도 거창군', 'score': 0.6018480495161602}, {'text_segment': '국가유산명_국문: 1960년대 신생활복 국가유산명_한자: NaN 국가유산종목: 국가등록문화유산 시도명: 서울 시군구명: 용산구 시대: 1960년대 내용: 「1960년대 신생활복」은 국민의 의복생활을 개선하고 재건의식을 고취하기 위하여 ‘신생활복장’을 제정하고 이를 널리 보급시키기 위해 전개한 국민재건운동의 단면을 보여주는 유물이다 디자이너 최경자가 당시 정부가 제시한 신생활복의 표준안을 재해석하여 저고리와 치마를 분리하지 않은 원피스 형태로 저고리는 단추로 여미고 탈부착형 고름을 달아 장식 기능을 더하는 등의 디자인을 하였다 당시 생활복식사 및 한복의 현대화 과정을 엿볼 수 있는 유물이다 소재지상세: 서울특별시 용산구', 'score': 0.5871329825795054}]",김홍도
을사늑약이 체결된 연도는 언제인가요?,"[{'text_segment': '국가유산명_국문: 민영환 서구식 군복 국가유산명_한자: NaN 국가유산종목: 국가등록문화유산 시도명: 서울 시군구명: 성북구 시대: 1897~1900년 추정 내용: 「민영환 서구식 군복」은 조선말 문신이자 개항기의 관료였으며 을사늑약이 체결되자 죽음으로 항거한 민영환(閔泳煥 1861-1905)이 입었던 서구식 군복이다 서구식 군복제도는 1895년 ‘육군복장규칙’*에 따라 시행되었으며 본 유물은 1897년 및 1900년에 개정된 ‘육군장졸복장제식’**에 따른 구성요소를 대부분 갖추고 있어 복식사적 가치가 충분한 유물이다 * 육군복의 종류와 각 복장별 구성품목에 대한 규정\r\n ** 품목별 형태를 정한 규정 소재지상세: 서울특별시 성북구 안암로 145 (안암동5가 고려대학교안암캠퍼스) 고려대학교박물관', 'score': 0.9554852247238159}, {'text_segment': '국가유산명_국문: 필운동 홍건익 가옥 국가유산명_한자: 弼雲洞 洪建翊 家屋 국가유산종목: 시도민속문화유산 시도명: 서울 시군구명: 종로구 시대: NaN 내용: 필운동 홍건익 가옥은 목조 와즙 5동의 건물과 후원의 일각문 1기 원형의 석조 우물 1기 등으로 구성되어 있다 본 가옥은 백사(白沙) 이항복(李恒福 1556~1618)의 저택으로 구전되어 왔으나 1934년 동 필지에 있던 기존 가옥을 허물고 1934년~1936년 홍건익(洪建翊)에 의해 신축한 건물로 사료된다 본 가옥이 홍건익에 의해 신축되기 이전에 해당 대지(총 467평)에는 역관(譯官) 출신의 개화사상가인 고영주(高永周 1839~)와 을사늑약의 체결에 끝까지 반대하였던 대한제국의 참정대신 한규설의 외손자인 심재홍(沈載弘)이 거주하였고 1934년 홍건익(洪建翊)이 부지를 매입한 후로 1936년까지 현재의 건물들을 신축하였다 홍건익 가옥은 얕은 구릉으로 좁게 이루어진 대지를 적절하게 단을 나누어 건물이 배치되어 있다 앞에서부터 뒤로 대문과 문간채 행랑채 사랑채와 중문간채 안채 별채 등의 건물이 순서대로 놓여있다 소재지상세: 서울특별시 종로구 필운대로1길 14-4 (필운동)', 'score': 0.7925750740193648}, {'text_segment': '국가유산명_국문: 당진 소난지도 의병총 국가유산명_한자: 唐津 小蘭芝島 義兵塚 국가유산종목: 국가등록문화유산 시도명: 충남 시군구명: 당진시 시대: NaN 내용: ｢당진 소난지도 의병총｣은 을사늑약(1905년) 이후 충청남도 해안지역에서 의병들이 연합하여 소난지도에서 전개된 항일 의병전쟁의 처절한 역사적 사실을 확인할 수 있는 장소로서 전국에서 유일하게 해상 도서를 근거지로 항일투쟁을 벌인 곳이다 일제가 우리나라를 강점하기 위해 항일세력을 도서지방까지 철저하게 탄압한 실상을 잘 보여주고 있으며 독립운동사의 참된 가치와 애국혼을 선양할 수 있는 중요한 유적지이다 소재지상세: 충청남도 당진시 석문면 난지도리 373-2', 'score': 0.713757958375284}, {'text_segment': '국가유산명_국문: 속초 동명동 성당 국가유산명_한자: NaN 국가유산종목: 국가등록문화유산 시도명: 강원 시군구명: 속초시 시대: 1950년대 내용: 1953년 한국전쟁(625전쟁) 정전협정 체결 직후 완공된 성당으로 본당의 경우 당시 인근 채석장의 석채를 채취하고 미군 수송부대의 드럼통을 사용하여 건축된 것으로 파악됨 6·25 전쟁 및 휴전협정 시기의 천주교 발전사를 확인할 수 있는 건물로 시대적·지역적 특색을 잘 드러냄 소재지상세: 강원특별자치도 속초시 영랑로7길 10-5 (영랑동) (동명동 87 영랑동 95)', 'score': 0.6861694410668859}, {'text_segment': '국가유산명_국문: 심산김창숙생가 국가유산명_한자: 心山金昌淑生家 국가유산종목: 시도기념물 시도명: 경북 시군구명: 성주군 시대: 대한제국 내용: 구한말 유학자인 심산 김창숙(1879∼1962) 선생의 생가이다 선생은 구한말 유학자이며 독립운동가이고 정치인으로 경상북도 성주 출신이다 1905년 일제에 의해 강제로 을사조약이 체결되자 이승희와 함께 상경하여 상소를 올리고 이완용을 비롯한 매국오적을 성토하였다 3·1운동이 일어나자 130여명의 연명으로 한국 독립을 호소하는 진정서를 작성하여 만국평화회의에 보내기도 하였다 1953년 전국에 흩어져 있는 향교 재단을 규합하여 성균관 대학의 종합대학 승격을 인가받고 성균관대학교 초대 총장에 취임하였다 저서로 시문집인 『심산만초』와 『벽옹만초』 등이 있다 생가는 선생이 22세 되던 해에 화재를 당하여 1901년 다시 지은 건물이다 이전 건물을 언제 지었는지 정확히 알 수는 없지만 선조 대대로 살아온 것으로 보이며 고종 16년(1879) 선생이 이곳에서 태어났다고 한다 소재지상세: 경상북도 성주군 칠봉2길 50-4 (대가면)', 'score': 0.6793249411343631}]",1905년
양반과 기녀의 일상을 그린 조선 시대의 화가는 누구인가요?,"[{'text_segment': '국가유산명_국문: 창원 순흥안씨 고문서 및 성책류 일괄 국가유산명_한자: 昌原 順興安氏 古文書 및 成冊類 一刮 국가유산종목: 시도유형문화유산 시도명: 경남 시군구명: 창원시 시대: 조선시대 내용: 창원 퇴촌리(退村里)에 세거해온 순흥안씨(順興安氏) 퇴은(退隱) 가문에서 세장해온 것으로 고문서 14종 81점과 성책류 8종 10책이다 고문서로는 18세기 이후 지역 양반가의 가족관계 소송 조세 징수 노동력 징발 등과 관련된 내용으로 당시 토착 양반가의 일상생활과 소송관계를 엿볼 수 있는 자료로 경상도 지역 재시세력의 생활상을 규명할 수 있는 귀중한 자료이다 소재지상세: 경상남도 창원시 의창구 사림로100번길 19 (사림동)', 'score': 0.7425282162569204}, {'text_segment': '국가유산명_국문: 민화장 국가유산명_한자: 民畵匠 국가유산종목: 시도무형유산 시도명: 서울 시군구명: 서울전역 시대: NaN 내용: 민화란 생활공간의 장식을 위주로 한 일상생활과 풍습에 따라 그려진 실용적 그림을 말하며 이런 민화를 그리는 사람을 민화장이라 한다 민화는 조선 후기에 특히 일반민중이나 서민층의 그림으로 유행하였다 대부분 그림공부를 제대로 하지 못한 무명화가나 떠돌이 화가들에 의해서 그려졌기 때문에 그림을 그린 화가의 낙관(이름이나 호가 새겨진 도장)이 없는 것이 특징이다 민화는 위로 궁중에서부터 아래로는 일반서민들의 생활속에 깊숙히 뿌리를 내려 오랜 세월에 걸쳐 끊임없이 그려져 왔다 그 소재 또한 다양해서 소재의 제한이 없는 것이 특징이다 단순히 장식적 목적을 위한 산수·화훼·풍속화에서 민간신앙과 불교 유교계통의 민화까지 그 소재는 무궁무진하다 기법상의 특징으로는 비전문적인 화가가 그렸기 때문에 공간구성이 다양하고 자유롭다 또한 어둡고 칙칙한 색이 거의 없으며 밝고 명쾌하면서 원색적이고 알록달록하다 민화는 한국인의 사상과 신앙 생활에 관련되는 소재를 그림으로 표현함으로써 가장 친근한 생활속의 낙으로 자리잡아 오랫동안 보존되어 왔다 민화장은 서민들의 생각을 반영하고 표현한 민속공예기술로서 무형유산으로 지정하였다 2022년 3월 24일 무형유산 민화장 기능보유자로 정귀자씨가 인정받았다 소재지상세: 서울특별시', 'score': 0.7104312788521315}, {'text_segment': '국가유산명_국문: 매천 황현 생활유물 국가유산명_한자: NaN 국가유산종목: 국가등록문화유산 시도명: 전남 시군구명: 전남전역 시대: - 내용: ㅇ 1910년 일제에 의한 국권피탈에 항거하여 순절(殉節)한 우국지사 황현(黃玹 1855-1910)이   일상에서 사용한 생활유물로 조선시대 선비와 근대 지식인의 모습을 동시에 보여주는 점이 특징적이다 호패 합죽선 향로 등 전통적인 성격의 유물을 비롯하여 근대문물인 안경도 원형이 잘 보존되어 있어 황현의 생활상을 파악하는데 도움이 된다 또한 이 유물들은 한 인물의   다양한 유물이 일괄로 전하는 일관성을 가지고 있으며 근대기의 특징을 잘 보여주고 있다 소재지상세: 전라남도', 'score': 0.6784924616969998}, {'text_segment': '국가유산명_국문: 화관무 국가유산명_한자: NaN 국가유산종목: 이북5도 무형유산 시도명: 황해도 시군구명: 전역 시대: NaN 내용: 꽃은 오래전부터 종교의식에서 널리 쓰여왔으며 불교의 연꽃이나 도교에서 꽃은 생명의 창조와 재생의 의미로 여기졌으며 무속의례에서도 만신이 화관을 쓰고 신의 위엄을 나타낸다 화관무에서 쓰는 화관(花冠)은 꽃으로 장식된 모자로 이와같은 모자는 통일신라시대 때부터 궁중에서 사용되었으며 고려시대에는 귀족과 양반계급의 부녀자들이 예복과 함께 꽃관을 썼다 그 후 조선 영·정조때에 지나친 사치를 막기위해 화관이나 족두리를 쓰게 하였으나 그 장식은 갖은 보석을 장식하여 매우 화려하였다고 전해지며 오늘날의 화관무는 전문적인 무용가에 의해 행위예술로 승화되어졌다 황해도(민천식류) 화관무는 정중동(靜中動)과 동중정(動中)靜) 속에서 이루어지는 억제와 절제의 규제 속에서 기교와 재간을 극대화하고 가벼움과 무거움 섬세함과 우람함 그리고 정교함과 장중함을 표출하며 도드리와 삼현장단(허튼 타령장단)으로 연주되는 서도 시나위곡에 의해서 추어지고 있으며 해서 지방의 독특한 한삼뿌림 등의 춤사위를 구사함으로써 해서 지방의 춤 맛을 그대로 간직하고 있다 소재지상세: 황해도', 'score': 0.6765707645350861}, {'text_segment': '국가유산명_국문: 김홍도 필 풍속도 화첩 국가유산명_한자: 金弘道 筆 風俗圖 畵帖 국가유산종목: 보물 시도명: 서울 시군구명: 용산구 시대: 조선시대(18세기) 내용: 김홍도필(金弘道筆) <풍속도 화첩(風俗圖 畵帖)>은 조선 후기의 화가인 김홍도가 그린 그림책 형태의 풍속화 25점이다 단원 김홍도(1745∼)는 신선그림이나 초상화 산수화 등 다양한 주제로 그림을 그렸지만 풍속화가로 더 유명하다 풍속화는 종이에 먹과 옅은 채색을 하여 그렸는데 각 장의 크기는 가로 224㎝ 세로 266㎝ 정도이다 <씨름> <대장간> <글방> 등과 같이 서민사회의 일상생활 모습과 생업에 종사하는 모습이 구수하고도 익살스럽게 표현된 그림들이 실려 있다 풍속화의 대부분은 주변의 배경을 생략하고 인물을 중심으로 그렸는데 특히 인물은 웃음 띤 둥근 얼굴을 많이 그려 익살스러움을 한층 더하였다 선이 굵고 힘찬 붓질과 짜임새있는 구도는 화면에 생동감이 넘치게 하는 한편 서민들의 생활감정과 한국적인 웃음을 잘 표현하고 있다 이 풍속화들은 활기차게 돌아가는 서민들의 일상생활의 사실성과 사회성을 그 생명으로 삼았고 또한 서민의 일상생활을 주제로 한 것이어서 당시 사회상을 엿볼 수 있는 귀중한 자료이다 소재지상세: 서울특별시 용산구 서빙고로 137 (용산동6가 국립중앙박물관)', 'score': 0.6737590134143829}]",신윤복
광개토대왕이 통합한 지역은 어디인가요?,"[{'text_segment': '국가유산명_국문: 구 통영군청 국가유산명_한자: 舊 統營郡廳 국가유산종목: 국가등록문화유산 시도명: 경남 시군구명: 통영시 시대: 1943 내용: 1943년 건립\r\n이 건물은 통영군청으로 지어졌으며 1995년까지 사용되다가 충무시청과 통영시청이 통합된 후 통영시청 별관으로 2002년까지 사용되었다 현재는 ‘통영국제음악제 페스티벌하우스’라는 이름으로 다시 태어나 세계적인 음악가를 기리는 장소가 되었다 주 출입구가 있는 가운데 부분이 약 1m정도 돌출되어 전체적으로 좌우 대칭을 이루며 2층 위쪽에 국기봉을 꽂을 수 있는 게양대를 반원형 기둥 모양으로 구성하였다 건립 당시의 외관을 그대로 간직하고 있으며 ‘윤이상 거리’와 함께 통영 지역 문화·예술 활동의 전당으로 활용되고 있다\r\nㅇ 1943년 통영군청으로 지어져 통영시청 별관으로 사용되다가 2002년부터 윤이상 페스티벌하우스로 사용되고 있는 건물이다\r\nㅇ 연혁 \r\n- 1943년부터 통영군으로 사용\r\n- 1995년 1월 1일부터 충무시와 통영군이 통합되어 통영시가 설치되면서 신청사로 이전\r\n- 1995년부터 통영시청 별관으로 사용\r\n- 2002년부터 윤이상 페스티벌하우스로 용도변경하면서 전면 개보수 됨 소재지상세: 경남 통영시 중앙로 65 (도천동)', 'score': 0.773658300074086}, {'text_segment': '국가유산명_국문: 한국독립운동사략(상편) 국가유산명_한자: NaN 국가유산종목: 국가등록문화유산 시도명: 충남 시군구명: 천안시 시대: NaN 내용: 31운동 당시 독립선언서에 서명한 민족대표 33인중 1인인 김병조 (金秉祚 1877∼1948)가 저술한 책으로서 31운동의 배경 각 지방에서 발표된 독립선언서와 국내외 운동의 전개상황 일제의  탄압 실태 임시정부의 수립과 통합과정 등을 정리하고 있다 이 책은 31운동 연구의 기본 문헌이 되고 있으며 방대한 자료를 기초로 하고 있어 한국 독립운동사 연구에 매우 귀중한 자료로서의 가치를 지니고 있다 소재지상세: 충청남도 천안시 동남구 독립기념관로 1 (목천읍 독립기념관)', 'score': 0.6922702316265694}, {'text_segment': '국가유산명_국문: 구 진해요 항부 사령부 국가유산명_한자: 舊 鎭海要港部 司令部 국가유산종목: 국가등록문화유산 시도명: 경남 시군구명: 창원시 시대: 1914년 내용: 1914년 건립\r\n이 건물은 일제 강점기 당시 진해에 자리 잡은 일본 해군 기지인 진해요 항부 사령부로 건립되어 현재 대한민국 해군의 진해기지 사령부로 사용되고 있다 정면 중앙부에 2층 높이의 현관 포치(porch)가 돌출되어 있고 그 위쪽에 사각 기둥 형태의 필라스터(pilaster)를 세우고 삼각형의 페디먼트(pediment)를 올려 정면성을 강조하였다 1층 외벽에 화강석을 사용하여 전반적으로 안정된 느낌을 주며 창의 상하 인방 및 좌우에 붉은 벽돌과 흰색의 화강석을 사용하여 화려하게 꾸몄다 진해 지역이 일본의 해군 기지로 이용된 침략의 역사를 보여주고 있다 ※ 해당 국가유산은 창원시청 통합예약사이트 &gt; 체험견학 &gt; 군항문화탐방(https://wwwchangwongokr/booking/)에서 사전예약 신청 후 방문 가능합니다 소재지상세: 경남 창원시 진해구 현동 23-1번지', 'score': 0.68512684612009}, {'text_segment': '국가유산명_국문: 대한민국임시정부 성립 축하문과 선언서 국가유산명_한자: NaN 국가유산종목: 국가등록문화유산 시도명: 서울 시군구명: 동작구 시대: 1919년 내용: 「대한민국임시정부 성립 축하문과 선언서」는 1919년 3·1 만세운동(이하 ‘3·1운동’) 이후 상해에서 수립된 대한민국임시정부가 같은 해 9월 국내의 ‘한성정부’ 연해주의 ‘대한국민의회’와 통합되어 ‘대한민국임시정부’로 출범하자 이를 기념하고 제2차 독립시위운동을 촉구하고자 대한민족대표 30인의 이름으로 10월 31일 발행된 활판 인쇄 전단지이다 당시 다이쇼일왕의 천장절인 10월 31일에 맞춰 해당 문서들을 발표함으로써 3·1운동과 같은 전국적 시위운동을 다시 한번 전개하여 일제에 저항하고자 했으며 그 결과 국내 곳곳에서 대규모 만세시위가 일어나는 등 초기 임시정부 독립운동의 역사를 보여주고 있다 그 동안 문헌을 통해서만 그 존재가 알려져 있었으나 1967년 김양선(1907~1970) 교수가 숭실대학교에 기증하면서 유일한 실물 전단 형식의 문건이 알려졌다 이 문서들은 3·1운동 이후 대한민국임시정부의 수립과 당시의 독립운동 전개 양상을 보여주는 중요한 자료라는 점에서 국가등록문화유산으로 보존할 만한 충분한 가치가 있다 소재지상세: 서울특별시 동작구 상도로 369 (상도동 숭실대학교) 한국기독교박물관', 'score': 0.6760120674551499}, {'text_segment': '국가유산명_국문: 정읍 진산동 영모재 국가유산명_한자: 井邑 辰山洞 永慕齋 국가유산종목: 국가등록문화유산 시도명: 전북 시군구명: 정읍시 시대: 1915년 내용: 1915년 건립\r\n이 건물은 근대기 재실 건축으로 대문간채와 재각(齋閣)이 ‘二자형’으로 배치되어 있으며 김덕홍의 효행을 기념하는 명정판이 대문간채에 걸려 있다 재각은 방을 앞뒤 2열로 구성한 겹집형 평면으로 정면 앞줄 오른쪽부터 부엌·온돌방·마루를 두고 그 뒷줄에는 온돌방·마루방으로 구성되었다 대문간채는 관리인이 거주하는 고직사 기능이 통합된 복합 평면으로 근대기 건축 특성을 반영하고 있다 소재지상세: 전북 정읍시 진산1길 25 (진산동)', 'score': 0.6526717964630715}]",만주와 한반도
한산도 대첩에서 일본군을 상대로 승리를 거둔 장군은 누구인가요?,"[{'text_segment': '국가유산명_국문: 금산 이치대첩지 국가유산명_한자: 錦山 梨峙大捷址 국가유산종목: 시도기념물 시도명: 충남 시군구명: 금산군 시대: NaN 내용: 이치는 대둔산 중허리를 넘어 전북 완주군으로 통하는 교통의 요지이며 전략상 중요한 곳이다 1592년 임진왜란 당시 경상도와 충청도를 휩쓸고 승승장구 하던 2만여 병력의 일본군이 호남으로 나아가 군량미를 얻고자 이곳을 넘으려 하였다 이 때 먼저 길목을 지키고 있던 권율장군이 동복현감 황진과 1500여명의 군사를 이끌고 결사적으로 싸워 일본군을 격퇴하였다 이로써 전주성과 호남평야를 지킬 수 있었다 임진왜란의 첫 승리를 장식한 이 싸움을 이치대첩 또는 이치싸움이라고 하며 여기에 힘입어 이후 권율장군은 행주대첩과 웅치싸움을 승리로 이끌 수 있었다 소재지상세: 충청남도 금산군 진산면 묵산리 산 79-34', 'score': 0.8620111192918323}, {'text_segment': '국가유산명_국문: 김좌진장군묘 국가유산명_한자: 金佐鎭將軍墓 국가유산종목: 시도기념물 시도명: 충남 시군구명: 보령시 시대: 근대 내용: ◦ 김좌진(1889~1930)은 충청남도 홍성군 갈산면 행산리 출신이며 호는 백야로 1920년 10월 일본군 대부대가 독립군 토벌을 목적으로 만주로 출병하자 소속 독립군인 북로군정서군을 백두산으로 이동시키던 중 청산리에서 일본군과 만나 전투를 전개하여 일본군 3천여 명을 살상하는 커다란 승리를 올렸음\r\n ◦ 이 청산리 대첩은 우리나라 무장 독립운동사에서 가장 빛나는 업적임\r\n ◦ 1930년 1월 24일 공산주의자의 총에 맞아 사망하였는데 만주에서 교포들의 사회장이 치러졌고 만주에 안장되었다가 부인 오숙근 여사가 1934년에 홍성군 서북면 이호리에 이장하였다 1957년 현 위치로 다시 이장하였음\r\n ◦ 보령시에서는 묘역 성역화 사업을 추진하고 장군의 업적과 독립정신을 계승하고자 청산리 대첩일인 매년 10월 22일에 묘소에서 각계 인사들이 모여 추모제향을 올리고 장군의 독립정신을 되새기고 있으며 1962년 대한민국건국훈장이 추서되었음 소재지상세: 충청남도 보령시 원안송동길 264-1 (청소면)', 'score': 0.8414787480739274}, {'text_segment': '국가유산명_국문: 권율장군이치대첩비 국가유산명_한자: 權慄奬軍梨峙大捷碑 국가유산종목: 문화유산자료 시도명: 충남 시군구명: 금산군 시대: NaN 내용: 임진왜란 때 권율 장군이 승리로 이끈 이치대첩을 기념하고 있는 비이다 이치는 대둔산 중허리를 넘어 전북 완주로 통하는 교통의 요지이며 전략상 중요한 곳으로 임진왜란 당시 경상도와 충청도 일대를 휩쓸고 승승장구하던 2만여 병력의 왜적이 호남으로 나아가 군량미를 얻고자 이곳을 넘으려 하였다 이 때 먼저 길목을 지키고 있던 권율 장군이 1500여 군사를 이끌고 결사전을 벌인 끝에 적을 섬멸하여 그들의 호남진출을 막아 내었다 이 대첩은 행주대첩 진주대첩보다 앞서는 임진왜란 최초의 육지에서 승리한 싸움이다 고종 3년(1866) 금성면 상가리에 이치대첩비(梨峙大捷碑)와 대첩사(大捷祠)를 함께 세워 그 뜻을 기렸는데 1944년 6월 일제에 의해 폭파되었다 현재의 비석은 1964년에 진산면 묵산리에서 이치를 바라볼 수 있는 산 중턱에 다시 세운 것으로 연재(淵齋) 송병선(宋秉璿)이 짓고 송성용이 쓴 비문을 다시 새긴 것이다 소재지상세: 충청남도 금산군 진산면 묵산리 산 79-34', 'score': 0.8128504929362124}, {'text_segment': '국가유산명_국문: 김좌진 장군 사회장 약력서 국가유산명_한자: NaN 국가유산종목: 국가등록문화유산 시도명: 충남 시군구명: 천안시 시대: NaN 내용: ‘김좌진 장군 사회장 약력서’는 1930년 1월 만주에서 순국한 독립운동가 김좌진 장군의 사회장(1930년 3월)에서 낭독된 약력서이다 김좌진(金佐鎭 18891124-1930124) 장군은 일제강점기 만주지역에서 무장독립군을 이끌며 ‘청산리대첩’을 승리로 이끌었던 한국독립운동사의 무장투쟁을 대표하는 인물이다 본 약력서는 그의 출생과 성장 사망 주요 활동과 사상 가족관계 등을 연도별로 상세히 기록하고 있어 김좌진 장군의 전 생애를 순차적으로 알 수 있는 역사적으로 중요한 자료이다 소재지상세: 충청남도 천안시 동남구 독립기념관로 1 (목천읍 독립기념관)', 'score': 0.7993288917179079}, {'text_segment': '국가유산명_국문: 통영 한산도 이충무공 유적 국가유산명_한자: 統營 閑山島 李忠武公 遺蹟 국가유산종목: 사적 시도명: 경남 시군구명: 통영시 시대: 조선시대 내용: 임진왜란 때 충무공 이순신(1545∼1598) 장군이 왜군을 크게 무찌른 한산대첩을 기념하기 위하여 만들어진 역사적인 장소이다 충무공은 무과에 급제하여 전라좌도 수군절도사를 지내던 때 왜적의 침입이 있을 것에 대비하여 여수를 중심으로 배를 만들고 군비를 늘리는 등 일본의 침략에 대처하였다 선조 25년(1592)에 임진왜란이 터지자 옥포대첩 거북선이 최초로 모습을 드러낸 노량해전 당항포해전 한산대첩 등 곳곳에서 전승을 거두었고 정유재란 때에는 명량대첩 등에서 승리를 거두었다 그가 죽은 후 1604년 선무공신 1등에 올랐고 영의정에 추증되었으며 ‘충무(忠武)’라는 시호가 내려졌다 한산대첩은 매우 불리하였던 전쟁의 상황을 완전히 바꾸어 놓은 대표적인 해전으로 육지에서의 행주성대첩·진주성대첩과 함께 임진왜란 3대첩의 하나로 꼽히는 유명한 싸움이었다 선조 25년(1592) 이곳에 제승당(制勝堂)을 짓고 26년(1593)부터 30년(1597)까지 해군의 중심 진영으로 삼아 해상세력을 장악하고 나라의 어려움을 이겨나갔다 그러나 선조 30년(1597)에 제승당을 포함한 이곳 군영이 모두 불에 타서 폐허가 되었다 그 후 영조 15년(1739)에 제승당과 함께 ‘제승당유허비’를 세운 후 여러 차례 공사가 이루어졌고 일제시대 때 지방 유지들에 의해 다시 세워지게 되었다 원래 제승당은 임진왜란 중 충무공이 부하들과 함께 작전계획을 세우고 일을 보던 ‘운주당’이란 건물 자리에 영조 때 집을 짓고 ‘제승당’이라는 이름을 붙인 것이다 경내에는 제승당을 비롯하여 충무공의 영정을 모신 ‘충무사’와 ‘한산정’ ‘수루’ 등이 있으며 산봉우리에는 한산대첩비와 함께 거북등대가 있다 <br/><b>※(한산도이충무공유적 → 통영 한산도 이충무공 유적)으로 명칭변경 되었습니다(20110728 고시) </b> 소재지상세: 경남 통영시 한산면 한산일주로 70 (두억리)', 'score': 0.7965327203273773}]",이순신
대동법은 조선 시대에 공물 대신 무엇으로 세금을 납부하게 한 제도인가요?,"[{'text_segment': '국가유산명_국문: 김육비 국가유산명_한자: 金堉碑 국가유산종목: 문화유산자료 시도명: 충남 시군구명: 아산시 시대: 1660년 내용: 조선 현종 때 대동법을 주장하여 시행토록 한 김육 선생의 공을 기리기 위해 세운 비이다 김육(1580∼1658)은 실학사상을 바탕으로 제도개혁을 추진한 조선 후기의 문신이다 선조 38년(1605) 과거에 급제하여 관직에 나아가 충청도 관찰사 도승지 우의정 좌의정 영의정 등을 지냈다 그는 특히 각 지방의 토산물을 바치게 하는 공물법을 폐지하고 쌀과 포로 대신하는 대동법의 실시를 주장하였는데 이 대동법의 실시로 농민의 부담을 줄이고 국가의 재정도 나름대로 확보하게 되었다 비는 거북받침 위에 비몸을 세우고 머릿돌을 얹었다 머릿돌에는 서로 노려 보는 두 마리의 용의 모습을 생동감 있게 조각해 놓았다 비에 새긴 ‘순치 17년명’이라는 기록으로 보아 현종 1년(1660)에 이 비를 세웠던 것으로 짐작된다 소재지상세: 충남 아산시 신창면 읍내리 310-1', 'score': 0.8974742889404297}, {'text_segment': '국가유산명_국문: 대동법시행기념비 국가유산명_한자: 大同法施行記念碑 국가유산종목: 시도유형문화유산 시도명: 경기 시군구명: 평택시 시대: NaN 내용: 대동법(大同法)의 실시를 알리기 위해 세운 비이다 대동법은 각 지방의 특산물을 공물(貢物)로 바쳐야 했던 이전의 폐단을 없애고 쌀로써 대신 바치도록 한 조세제도이다 조선 선조 41년(1608) 경기도에서 처음 실시되었고 효종 2년(1651) 충청감사로 있던 김육이 충청도에 대동법을 시행토록 상소를 하여 왕의 허락을 얻어 실시하게 되었다 이로 인해 그동안 어려움에 처했던 백성들의 수고가 덜어지는 등 좋은 성과를 이루게 되자 왕은 이를 기념하고 만인에게 널리 알리도록 하였다 비는 거북받침돌 위로 비몸을 세우고 맨위에 머릿돌까지 갖춘 모습으로 각부분의 조각은 형식에 그친 감이 있다 비의 원래 명칭은 ‘김육대동균역만세불망비(金堉大同均役萬世不亡碑)’또는 ‘호서선혜비(湖西宣惠碑)’이다 비문은 홍문관 부제학을 지내던 이민구가 짓고 의정부 우참찬 오준이 글씨를 썼다 효종 10년(1659)에 세운 비로 원래는 이곳에서 50m 정도 떨어진 곳에 있었으나 1970년대에 옮겨 놓았다 소재지상세: 경기도 평택시 소사동 140-1', 'score': 0.7961062390234027}, {'text_segment': '국가유산명_국문: 강릉산계리금옥계방역사적비및종선비 국가유산명_한자: 江陵山溪里金玉契防役事蹟碑및種善碑 국가유산종목: 문화유산자료 시도명: 강원 시군구명: 강릉시 시대: 조선정조20년(1796)순조28년(1828) 내용: 금옥계방역사적비는 18세기 후반 과중한 세금으로 인해 주민들이 마을을 떠나게 되자 마을 유지들로 구성된 금옥계에서 돈과 공전(公田)을 마련 공동납부를 하여 이를 대신하였던 일을 기념하고 있다 후대에 비를 새로 만들어 종선비라 하였는데 현재 비각 안에는 종선비가 있고 금옥계방역사적비는 뒤쪽에 눕힌채 보관되어 있다 사적비는 윗부분이 둥근 길쭉한 직사각형 모양이다 앞면에는 비를 세운 까닭을 뒷면에는 관련된 사람들과 세운 때를 기록하였다 종선비는 네모난 받침돌 위에 비몸을 올리고 지붕돌을 올렸다 지붕돌은 옆면에서 보아 여덟 팔(八)자 모양의 선을 그리는 팔작지붕을 본떠 새겼고 아랫면에는 서까래를 충실히 나타냈다 비의 앞면에는 윗부분에 비의 명칭을 새긴 후 이야순이 짓고 글씨를 쓴 비문을 그 아래에 새겨 놓았다 사적비는 정조 20년(1796)에 세웠고 종선비는 순조 28년(1828)에 세워 현재까지 전하고 있다 조선 후기의 과중하고 무절제한 세금부과에 마을 주민들이 공동으로 대응책을 마련한 것은 미풍양속을 보여주는 소중한 예로 향토사 연구에 중요한 자료가 되고 있다 소재지상세: 강원 강릉시 옥계면 산계리 787번지', 'score': 0.7273706293764426}, {'text_segment': '국가유산명_국문: 조행일록 국가유산명_한자: 漕行日錄 국가유산종목: 문화유산자료 시도명: 부산 시군구명: 영도구 시대: 1863년 내용: 국립해양박물관 소장 &#39;조행일록&#39;은 익산의 함열 현감 임교진이 세곡을 배로 운반하면서 세곡내역과 노정을 날짜별로 상세하게 기록한 필사본 1책으로 1862년 11월부터 1863년 5월까지의 일기형식 기록이다 이 책은 조운에 대하여 상세하게 설명하고 있으며 좌초 등에 대한 기록을 근거를 삼아서 책임의 소재를 분명히 할 수 있는 조세운반에 관한 전반적인 내용을 기록하고 있다 이것보다 10여년 늦게나온 1875년의 &#39;을해조행록(乙亥漕行錄)&#39;은 분량이 적고 내용이 상세하지 못하지만 국립해양박물관 소장 &#39;조행일록&#39;은 배가 출발하기 전의 세곡수집 과정과 항해과정을 상세히 쓰고 도착해서 납부한 것까지의 과정을 상세히 기록하고 있어 높은 가치를 가지고 있다 또한 조선시대의 조운제도를 표현하고 있으며 현재까지 밝혀진 조운일기 중 가장 오래된 것으로 추정되고 상세하게 기록하고 있어 조선후기 조운제도 연구와 희소성에서도 높은 상징적 가치를 가지는 귀중한 자료이다 소재지상세: 부산광역시 영도구 해양로301번길 45 (동삼동 국립해양박물관)', 'score': 0.6274912232323341}, {'text_segment': '국가유산명_국문: 홍재일기 국가유산명_한자: 鴻齋日記 국가유산종목: 국가등록문화유산 시도명: 전북 시군구명: 정읍시 시대: 조선시대 내용: 「홍재일기」는 전북 부안군 유생 기행현(奇幸鉉)이 23세(1866년)부터 68세(1911년)까지 약 45년간 작성한 일기로 총 7책(1099쪽 약425552자)이며 1책의 제목은 ‘도해재일기(道海齋日記)’ 2책부터 7책까지의 제목은 ‘홍재일기(鴻齋日記)’라고 되어 있다 홍재일기는 기행현의 후손이 보관하고 있으며 일기 내용은 동학농민혁명기 백산대회 일자를 1894년 음력 3월 26일로 특정하였고 1866년부터 1894년 동학농민혁명이 발발하기 전까지의 약 30년간의 물가변동 가뭄 세금 관련 내용 등이 기록되어 있으며 19세기 후반부터 20세기 초까지 부안을 중심으로 당시 지역사회의 변화상과 역사적 사건을 새롭게 조명하고 있다는 점에서 중요한 사료로 평가된다 소재지상세: 전북특별자치도 정읍시', 'score': 0.6252326604220673}]",쌀
칠지도를 하사한 나라는 어디인가요?,"[{'text_segment': '국가유산명_국문: 부여 군수리 사지 국가유산명_한자: 扶餘 軍守里 寺址 국가유산종목: 사적 시도명: 충남 시군구명: 부여군 시대: 백제시대 내용: 부여 군수리에 자리하고 있는 백제의 절터로 절의 이름은 전해지지 않는다 1935년 일본 사람에 의해 조사되었는데 그 결과 중문·목탑·금당·강당 이 남북으로 일직선상에 배치된 1탑 1금당의 구조임이 밝혀졌다 백제 사찰에서의 1탑 1금당의 가람배치는 이 절터에서 처음으로 확인되었는데 중문 목탑 금당 강당을 일직선으로 배치한 사실을 확인하였다 금당터의 기단은 기와를 쌓아 만든 것이 특징이며 유물은 절터에서 골고루 출토되었다 먼저 강당터 남쪽에서 금동관 조각이 나왔고 금당터 주위와 탑터에서는 약 1150점의 옥과 금당 서쪽에서는 금동제방울·구두 모양의 금구가 출토되었다 또한 연꽃무늬·덩굴무늬가 아름답게 조각된 상자 모양의 벽돌과 금제고리·작은 구슬을 비롯한 많은 유물이 출토되었다 목탑의 중심부에서는 군수리 금동미륵보살입상·군수리 석조여래좌상과 칠지도·철못·삼족토기를 비롯한 토기류가 출토되었다 이 중 특히 주목되는 것은 칠지도이다 칠지도는 중심에서 양쪽으로 각각 세가지씩 칼이 뻗어있어 7개의 칼날을 가지고 있는 칼이다 이와 비슷한 백제 칠지도 하나가 일본에 있어 백제와 일본의 문화교류의 한 단면을 말해주고 있다 소재지상세: 충남 부여군 부여읍 군수리 19번지', 'score': 0.6756326854228973}, {'text_segment': '국가유산명_국문: 고종황제 하사 족자 국가유산명_한자: 高宗皇帝 下賜 簇子 국가유산종목: 국가등록문화유산 시도명: 서울 시군구명: 서대문구 시대: NaN 내용: ○ 19세기 말기에 정부(대한제국)가 고종의 주치의였던 에비슨(Oliver R Avison)에게 하사한 족자이다 ○ 족자 가운데 쓴 글은 ‘投良濟堯帝時巫咸(투양제요제시무함)’이다 풀이하자면 ‘좋은 약을 지어주는 것이 요나라 황제 때의 무함이다’ 라는 뜻이다 특이한 점은 수급자 표시의 오른 쪽과 가운데 쓴 글의 위쪽에 각각 ‘의비신 대인 각하’ ‘투량뎨요뎨시무함’과 같이 한글 음을 작은 글자로 병기해 놓았다는 점이다 그리고 족자의 아래 부분에도 작은 글자로 한글 풀이를 적어 놓았다 이것은 한자에 익숙하지 않은 서양인을 배려하여 적은 것으로 추정된다 ○ 이 족자는 에비슨이 고종의 시의(侍醫)를 지냈던 사실을 확인할 수 있으며 국왕과 정부가 서양의술의 탁월함을 인정한 기록물인데다가 더욱이 에비슨의 후손들에 의해 기증된 환수국가유산이라는 사실에 의미가 있다 소재지상세: 서울특별시 서대문구 연세로 50-1 (신촌동 연세의료원) 동은의학박물관', 'score': 0.645654133744114}, {'text_segment': '국가유산명_국문: 데니 태극기 국가유산명_한자: 데니 太極旗 국가유산종목: 국가등록문화유산 시도명: 서울 시군구명: 용산구 시대: 1890년 추정 내용: \xad구한말 고종이 미국인 외교고문 데니(O N Denny 1838~1900)에게 하사한 것으로 알려진 태극기로 우리나라에서 가장 오래된 태극기이다 소재지상세: 서울특별시 용산구 서빙고로 137 (용산동6가 국립중앙박물관)', 'score': 0.643207924916027}, {'text_segment': '국가유산명_국문: 영천약남리회화나무 국가유산명_한자: 永川藥南里회화나무 국가유산종목: 시도자연유산 시도명: 경북 시군구명: 영천시 시대: NaN 내용: 회화나무는 추위와 공해에 강하여 전국 어디에서나 자라는 낙엽활엽수로 정자나무 공원수 가로수 등으로 적합하다 어린 가지는 잎 색깔과 같은 녹색이 특징이며 나이를 먹으면 나무 껍질은 세로로 깊게 갈라진다 중국에서는 회화나무를 상서로운 나무로 매우 귀하게 여겨 과거에 급제하거나 관리가 관직에서 물러날 때 기념으로 회화나무를 심었다고 한다 우리나라에서도 회화나무는 벼슬을 상징하고 잡귀가 붙지 않는다고 믿었으며 회화나무 3그루를 집 안에 심어두면 행복이 찾아온다고 믿어 즐겨 심었다 회화나무 꽃을 중국에서는 괴화(槐花)라고 하는데 괴(槐)의 중국 발음이 ‘회’로 회화나무 또는 회나무로 불리게 되었다고 한다 회화나무는 수령이 200년 이상 지나면 부후균에 의해 중심부가 어 빈 구멍상태로 남는 특성이 있는데 영천의 회화나무 역시 빈 구멍상태이며 이웃해 있는 느티나무와 밑동 부분이 합쳐져 자라고 있다 약남리 회화나무는 중심부에 구멍이 생긴 상태지만 개울가의 비옥한 토양과 마을 사람들의 적극적인 보호로 비교적 잘 자라고 있다 소재지상세: 경북 영천시 금호읍 약남리 82번지', 'score': 0.5912680306478435}, {'text_segment': '국가유산명_국문: 잠실뽕나무 국가유산명_한자: 蠶室 뽕나무 국가유산종목: 시도자연유산 시도명: 서울 시군구명: 서초구 시대: NaN 내용: 뽕나무는 추위에 견디는 힘이 강해 전국 어디에서나 자란다 나무껍질은 회갈색 또는 회백색이고 잎은 긴 타원형으로 가장자리에 둔한 톱니가 있다 꽃은 6월에 피고 열매도 6월에 맺어 검은색으로 익는다 뽕나무 잎은 누에치기에 있어서 필수적이라 국가에서는 일찍부터 뽕나무 재배를 권장하였다 잠실리 뽕나무는 이미 죽은 나무로 원줄기에서 두 갈래로 갈라져 자라다 가지 중간에서 잘렸고 나무 속도 대부분 썩은 상태다 언제 심어지고 죽었는지는 알 수 없으나 조선 세종(재위 1418∼1450) 때 지방마다 뽕나무밭을 만들어 누에치기를 장려했던 점으로 보아 조선 전기에 심어진 것으로 추측되어진다 잠실리는 세종 때부터 누에치기를 장려하기 위해 뽕나무밭을 만들어 농민들에게 시범을 보이던 조선왕가의 잠소(蠶所)가 있었던 곳으로 ‘잠실’이란 지명이 유래되었다 주변에는 이곳이 잠소였음을 기리기 위하여 뽕나무를 심어 가꾸고 있다 잠실리 뽕나무는 이미 죽은 상태이지만 조선 전기의 것이라 전해오는 유서 깊은 나무이며 우리나라 누에치기의 역사를 살필 수 있는 중요한 나무이다 소재지상세: 서울특별시 서초구 잠원동 55-11', 'score': 0.577632070681426}]",백제
대한민국의 동쪽 끝에 위치한 섬은 어디인가요?,"[{'text_segment': '국가유산명_국문: 태안내파수도 국가유산명_한자: 泰安內波水島 국가유산종목: 시도기념물 시도명: 충남 시군구명: 태안군 시대: NaN 내용: 파수도는 안면읍에서 약 97km 떨어진 곳에 위치한 섬이다 조선시대 중국의 상선이나 어선들이 우리나라를 오갈 때 폭풍을 피하거나 식수를 공급하기 위하여 정박했던 곳이며 섬 북쪽 끝에서 동쪽으로 바다를 가로지른 국내 유일의 조약돌 방파제로 유명하다 이 방파제는 오랫동안 바닷물에 갈고 닦인 주먹만한 돌로 남과 북에서 밀려오는 해류에 사로잡혀 ‘둑’처럼 쌓인 자연 건축물이다 조약돌은 높이 4∼3m 폭 40m 길이 300m의 ‘천연 방파제’를 만들어 주변의 사나운 파도를 잠재우고 사람들이 이곳을 드나들 수 있게 한다 이곳은 배를 안전하게 정박하게 할 수 있는 자연 방파제로서 보존가치가 높으며 기암괴석과 동백나무 숲이 아름다운 경관을 이루고 있어 볼거리도 제공한다 소재지상세: 충남 태안군 안면읍 승언리 8구', 'score': 0.8350548148155212}, {'text_segment': '국가유산명_국문: 해남내동리밭섬고분군 국가유산명_한자: 海南內東里外島古墳群 국가유산종목: 문화유산자료 시도명: 전남 시군구명: 해남군 시대: NaN 내용: 북일면 소재지에서 내동리로 가는 도로를 따라 해안가에 도달한 다음 해안가에서 북동쪽으로 방조제를 따라 조금만 가면 외도가 나온다 외도는 그리 높지 않은 섬으로 섬의 정상부가 동쪽에 치우쳐 있어 외해쪽에 연한 동쪽은 급경사를 이루고 있고 내해쪽인 남서쪽은 완경사를 이루고 있는데 고분은 정상부의 경관이 가장 좋은 지점에 나란히 자리잡고 있다 바다쪽에 연한 섬의 정상부(해발 225m)에 북서―남동방향으로 분포되어 있다 바다쪽에 가까운 동쪽은 섬이 무너지면서 분구의 일부도 유실되었다 1호분은 섬 정상부의 남쪽에 있는 고분인데 분구의 북동쪽은 섬이 무너져 내리면서 분구도 유실되었다 분구의 남서쪽에는 민묘의 사성 흔적이 남아있는데 민묘는 이장되었다 분정에는 석관묘가 노출되어 있는데 장축방향은 동―서이며 크기는 길이 약 200㎝ 너비 60㎝ 깊이 60㎝ 이상이다 분구의 평면형태는 원형이며 규모는 직경 20m 높이 15m 정도이다 분구 끝자락에는 주구의 흔적이 남아있는데 너비 4m 정도이다 2호분은 1호분에서 10m 정도 떨어져 있는데 역시 분정에 석곽이 노출되어 있고 북동쪽은 섬이 무너져내리면서 분구도 유실되었다 분정에 노출된 석관묘의 장축방향은 동―서이며 크기는 길이 180㎝ 이상 너비 50㎝ 깊이 20㎝ 이상이다 분구의 평면형태는 원형이며 규모는 직경 15m 높이 15m이다 분구의 주변에 약하게나마 주구의 흔적이 확인되는데 너비 3m 정도이다 소재지상세: 전남 해남군 북일면 내동리 산4번지 외도', 'score': 0.8145174347486825}, {'text_segment': '국가유산명_국문: 유네스코회관 국가유산명_한자: NaN 국가유산종목: 국가등록문화유산 시도명: 서울 시군구명: 중구 시대: 근현대기 내용: ㅇ 유네스코 회관은 근현대기 대한민국이 국제사회에서의 활동 전개를 위한 매개체이자 기회를 제공\r\n    한 곳으로 교육 과학 문화 활동의 산실로 각종 국제회의 및 세미나 등 근대기 한국사회의 국제 활\r\n    동의 거점 역할을 수행하였다는 점에서 역사적 가치가 높고 1960년대 당시에 보기 드문 커튼월 공\r\n    법이라는 현대건축기법이 적용된 초기 건축물로서 원형을 유지하고 있다는 점 등이 국가등록문화\r\n    재로 등록할 만한가치 있는 것으로 평가되었음\r\nㅇ 대한민국이 1950년 6월 14일 제5차 유네스코총회(이탈리아 피렌체)에서 제55번째 회원국으로 가\r\n    입 승인된 것은 독립 신생국가로서 매우 대단한 일이었음 이로써 대한민국은 유엔의 주요 전문기\r\n    구의 회원국이 되어 국제무대에서 활동이 가능해졌음 연이어 발생한 전쟁의 참화 속에서 유네스코\r\n    의 다양한 지원 가운데 대한민국의 재건이 가능할 수 있었음\r\nㅇ 1954년 유네스코한국위원회(이하 ‘위원회’)의 창립총회에서 회관 건립의 필요성이 논의됨\r\nㅇ 위원회는 현상설계공모를 통해 1959년 6월 구조사건축기술연구소의 배기형의 커튼월 공법을 도입\r\n    한 계획안을 최종 당선작으로 결정함(구조사 사내 경쟁을 통해 윤도근의 안을 바탕으로 출품)\r\nㅇ 1966년 12월 20일에 공사를 완공한 유네스코회관은 서울특별시 중구 명동길 26에 위치한 다중이용\r\n    시설이며 금융 상업 업무 문화 및 집회시설 등의 용도를 가진 대형건축물로서 대한민국 근대건\r\n    축의 대표성을 지니고 있음\r\nㅇ 또한 유네스코회관은 1960년대부터 명동성당과 명동성당 가톨릭회관(전 명동성모병원) 등과 함께 \r\n    명동의 근대적인 가로경관 형성에 큰 역할을 수행하였음 소재지상세: 서울특별시 중구 명동길 26 (명동2가 유네스코회관)', 'score': 0.7838766376576537}, {'text_segment': '국가유산명_국문: 대한민국 임시정부 환국기념 23인 필묵 국가유산명_한자: NaN 국가유산종목: 국가등록문화유산 시도명: 서울 시군구명: 동작구 시대: NaN 내용: 김구 이시영 등 대한민국 임시정부 23인이 광복 이후 환국 하루 전인 1945년 11월 4일 저녁에 중국 충칭(重慶)에서 자신들의 감회 포부 이념 등을 필적으로 남긴 것이다 근현대사에서 중요한 위치를 지니고 있는 인물들이 조국의 현실과 미래에 대해 각자 품고 있던 뜻과 의지를 필적을 통해 표현하고 있어 그들이 근본적으로 품고 있었던 의식과 사상을 살펴볼 수 있는 중요한 자료다 소재지상세: 서울특별시 동작구 상도로 369 (상도동 숭실대학교)', 'score': 0.7767749259505314}, {'text_segment': '국가유산명_국문: 대한민국임시정부 성립 축하문과 선언서 국가유산명_한자: NaN 국가유산종목: 국가등록문화유산 시도명: 서울 시군구명: 동작구 시대: 1919년 내용: 「대한민국임시정부 성립 축하문과 선언서」는 1919년 3·1 만세운동(이하 ‘3·1운동’) 이후 상해에서 수립된 대한민국임시정부가 같은 해 9월 국내의 ‘한성정부’ 연해주의 ‘대한국민의회’와 통합되어 ‘대한민국임시정부’로 출범하자 이를 기념하고 제2차 독립시위운동을 촉구하고자 대한민족대표 30인의 이름으로 10월 31일 발행된 활판 인쇄 전단지이다 당시 다이쇼일왕의 천장절인 10월 31일에 맞춰 해당 문서들을 발표함으로써 3·1운동과 같은 전국적 시위운동을 다시 한번 전개하여 일제에 저항하고자 했으며 그 결과 국내 곳곳에서 대규모 만세시위가 일어나는 등 초기 임시정부 독립운동의 역사를 보여주고 있다 그 동안 문헌을 통해서만 그 존재가 알려져 있었으나 1967년 김양선(1907~1970) 교수가 숭실대학교에 기증하면서 유일한 실물 전단 형식의 문건이 알려졌다 이 문서들은 3·1운동 이후 대한민국임시정부의 수립과 당시의 독립운동 전개 양상을 보여주는 중요한 자료라는 점에서 국가등록문화유산으로 보존할 만한 충분한 가치가 있다 소재지상세: 서울특별시 동작구 상도로 369 (상도동 숭실대학교) 한국기독교박물관', 'score': 0.7680882007794585}]",독도
사비성으로 천도한 백제의 왕은 누구인가요?,"[{'text_segment': '국가유산명_국문: 두릉산성(두릉이성) 국가유산명_한자: 豆陵山城(豆陵伊城) 국가유산종목: 문화유산자료 시도명: 충남 시군구명: 청양군 시대: NaN 내용: 청양군 정선면 계봉산에 있는 이 산성은 두릉윤성 또는 계봉산성이라고 한다 『동국여지승람』에 계봉산성은 돌로 쌓은 성으로 성의 둘레가 1200척이라고 기록되어 있다 백곡리 백실부락 뒷쪽에 높게 솟은 2개의 산봉우리 정상에 약 540m에 이르는 성벽이 자연 지형을 따라 둘러쌓여 있다 이 산성은 백제의 수도 사비성 북방에 있어 국토 방위에 중요한 역할을 한 산성으로 백제 멸망 후 그 유민들의 부흥운동 근거지가 되기도 하였다 소재지상세: 충남 청양군 정산면 백곡리 산18번지', 'score': 0.8391751523409037}, {'text_segment': '국가유산명_국문: 부여 가림성 국가유산명_한자: 扶餘 加林城 국가유산종목: 사적 시도명: 충남 시군구명: 부여군 시대: 동성왕 23년(501) 내용: 부여 가림성은 백제의 수도였던 웅진성과 사비성을 지키기 위하여 금강 하류 부근에 쌓은 석성(石城)이다 산 정상에서는 강경읍을 비롯한 금강 하류 일대가 한눈에 내려다 보이며 백제 동성왕 23년(501)에 위사좌평 백가(苩加)가 쌓았다고 전한다 『삼국사기』에 의하면 성을 쌓은 백가는 동성왕이 자신을 이곳으로 보낸 것에 앙심을 품고 동성왕을 살해하고 난을 일으켰으나 무녕왕이 왕위에 올라 난을 평정하고 백가를 죽였다고 전한다 높은 관리인 위사좌평으로 하여금 성을 지키도록 하였다는 사실은 이 성의 전략적 중요성을 말해주고 있다 성의 형태는 산꼭대기를 빙둘러 쌓은 테뫼식으로 돌과 흙을 함께 사용하여 성벽을 쌓았다 성 안에는 남·서·북문터와 군창터 우물터 3곳과 돌로 쌓았던 방어시설인 보루가 남아있다 또한 백제 부흥운동군의 거점지이기도 한 이곳에는 고려 전기의 장수 유금필이 이곳에 들러 빈민구제를 하였다고 하여 해마다 제사드리는 사당이 있다 이 성은 백제 때 쌓은 성곽 가운데 연대를 확실히 알 수 있는 유일한 성이고 옛 지명을 알 수 있는 유적으로 매우 중요하다 <br/><b>※(부여성흥산성 → 부여 가림성)으로 명칭변경 되었습니다(20110728 고시) </b> 소재지상세: 충남 부여군 임천면 성흥로97번길 167 (군사리)', 'score': 0.7653077244758606}, {'text_segment': '국가유산명_국문: 부여 부소산성 국가유산명_한자: 扶餘 扶蘇山城 국가유산종목: 사적 시도명: 충남 시군구명: 부여군 시대: 삼국시대 내용: 백마강 남쪽 부소산을 감싸고 쌓은 산성으로 사비시대의 도성(都城)이다 『삼국사기』「백제본기」에는 사비성·소부리성으로 기록되어 있으나 성이 위치한 산의 이름을 따서 부소산성이라 부른다 웅진(지금의 공주)에서 사비(지금의 부여)로 수도를 옮기던 시기인 백제 성왕 16년(538)에 왕궁을 수호하기 위하여 이중(二重)의 성벽을 쌓은 것으로 보인다 그러나 동성왕 22년(500)경에 이미 산 정상을 둘러쌓은 테뫼식 산성이 있던 것을 무왕 6년(605)경에 지금의 모습으로 완성한 것으로 짐작되어 백제 성곽 발달사를 보여주는데 중요한 자료가 되고 있다 성곽의 형식은 산봉우리를 중심으로 빙 둘러싼 테뫼식과 다시 그 주위를 감싸게 쌓은 포곡식이 혼합된 복합식 산성이다 동·서·남문터가 남아 있으며 북문터에는 금강으로 향하는 낮은 곳에 물을 빼는 수구가 있던 것으로 보인다 성 안에는 군창터 및 백제 때 건물터와 영일루·사비루·고란사·낙화암 등이 남아있다 성 안에 군창터와 건물터 등이 있는 것으로 보아 유사시에는 군사적 목적으로 사용하고 평상시에는 백마강과 부소산의 아름다운 경관을 이용하여 왕과 귀족들이 즐기던 곳으로 쓰인 듯하다 이 산성은 사비시대의 중심 산성으로서 백제가 멸망할 때까지 수도를 방어한 곳으로 역사적 의의가 있다 소재지상세: 충남 부여군 부여읍 부소로 31 (쌍북리)', 'score': 0.7624382683170858}, {'text_segment': '국가유산명_국문: 예산 임존성 국가유산명_한자: 禮山 任存城 국가유산종목: 사적 시도명: 충남 시군구명: 예산군 시대: 삼국시대 내용: 백제 때 수도 경비의 외곽기지 역할을 한 성이다 봉수산(鳳首山)의 꼭대기에 있는 둘레 약 3㎞의 산성으로 백제가 고구려의 침입에 대비하여 쌓은 것으로 짐작된다 현재는 성문터와 성문 밑으로 개울물이 흐르게 하던 수구문 그리고 우물터 ·건물터가 남아있다 성벽의 바깥쪽은 돌을 다듬어 차곡차곡 쌓고 안쪽으로는 흙을 파서 도랑처럼 만들어 놓았다 또한 성의 네 모퉁이를 튼튼하게 하기 위해 다른 곳보다 약 2m정도 두껍게 쌓았다 백제가 멸망한 뒤에는 주류성과 더불어 백제 부흥군이 활동했던 곳으로 사비성을 되찾기 위한 부흥군의 마지막 근거지이다 이 성에서 흑치상지(黑齒常之)를 중심으로 백제의 부흥을 꾀하였으나 실패했다 또한 후삼국시대에는 고려 태조 왕건과 견훤이 이 곳에서 전투를 벌였다고도 전해지는 유서깊은 곳이다 <br/><b>※(대흥임존성 → 예산 임존성)으로 명칭변경 되었습니다(20110728 고시) </b> 소재지상세: 충남 예산군 대흥면 상중리 산8번지', 'score': 0.7255838902376623}, {'text_segment': '국가유산명_국문: 호암사지 국가유산명_한자: 虎岩寺址 국가유산종목: 시도기념물 시도명: 충남 시군구명: 부여군 시대: NaN 내용: 호암사는 백제 때 지어진 절이라 하나 언제 누구에 의해 지어졌는지는 알 수가 없고 절 옆의 바위에 호랑이 발자국이 남아있어 호암사라 불리운다 절터는 민가가 들어서 정확한 옛 모습을 알 수 없고 현재 존재하는 호암사는 최근에 지은 사찰로 법당을 비롯하여 요사채 산신각 등이 있다 호암사터는 백제의 많은 절터 중에서 그 이름과 유래를 알 수 있는 중요한 유적이다 소재지상세: 충남 부여군 규암면 호암리 156-2번지 17필', 'score': 0.7136670381837558}]",성왕
전라감영은 어느 지역을 다스리기 위해 설치된 행정 기관인가요?,"[{'text_segment': '국가유산명_국문: 전라감영지 국가유산명_한자: 全羅監營址 국가유산종목: 시도기념물 시도명: 전북 시군구명: 전주시 시대: NaN 내용: 전라감영은 지금의 전북특별자치도와 전라남도 그리고 제주도 등을 모두 관할하였으며 감사가 총책임자였다 조선초기에 지은 전라감영은 정문인 포정문(布政門) 감사 집무실인 선화당(宣化堂) 감사의 주거 공간인 연신당(燕申堂) 등 모두 40 여 채의 건물을 거느린 웅장한 규모였다 그러나 대부분의 건물이 근대화 과정에서 사라지거나 사고로 인해 불타버렸다 이 곳은 조선시대 전라도 행정의 중심지로서 뿐만 아니라 1894년 동학농민혁명 당시 농민군 자치 기구인 집강소의 총본부 대도소(大都所)가 설치된 선화당이 있던 자리로서 역사적 의미가 매우 큰 곳이다 소재지상세: 전라북도 전주시 완산구 전라감영로 57 (중앙동4가)', 'score': 0.8518325686454773}, {'text_segment': '국가유산명_국문: 전주 중앙동 구 박다옥 국가유산명_한자: 全州 中央洞 舊 博多屋 국가유산종목: 국가등록문화유산 시도명: 전북 시군구명: 전주시 시대: 1929년경 내용: 이 건물은 일제강점기에 일본인 상업지역에 들어선 우동집으로 전주에서는 처음으로 생긴 대형 일식집이었다 건물 오른쪽으로 치우쳐 주출입구와 계단실을 설치하였고 주 출입구 상부의 외벽에는 타일과 인조석을 교대로 사용하였으며 상부는 삼각형의 페디먼트(pediment)로 장식하였다 소재지상세: 전북 전주시 완산구 전라감영3길 14 (중앙동2가)', 'score': 0.7569040377832665}, {'text_segment': '국가유산명_국문: 전주향교소장완영책판 국가유산명_한자: 전주향교소장완영책판 국가유산종목: 시도유형문화유산 시도명: 전북 시군구명: 전주시 시대: NaN 내용: 이 완영책판은 원래 전라감영에서 서적을 간행할 때 사용하였던 것으로 전라감영 내에 보존․관리되고 있었으나 1899년 당시 전라관찰사이었던 조한국의 명으로 전라감영 내에 분산되어 있던 책판을 모아 전주향교에 보존하게 되었다 1920년대에 책고를 지어 관리해 오다가 1987년 전주시에서 장판각을 건립하고 목재로 서가를 만들어 오늘에 이르고 있다 장판각에 소장된 완영책판은 총 5059개에 9830면이 서각되어 있으며 서각되지 않은 면수는 288면이다 이들 목판의 책판 종류는 자치통감강목(1775개) 동의보감(151개) 주자대전(1471개) 율곡전서(491개) 성리대전(576개) 증수무원록언해(53개) 사기(484개) 사략(56개) 호남삼강록(1개) 주서백선(1개) 등 19종이다 원래는 1987년에 지어진 전주향교내의 장판각 건물에 목재의 서가를 설치하여 보존하고 있었으나 현재는 전북대박물관 수장고에 보존․관리되고 있다 재질은 자작나무과에 속하는 목재로 구성되어 있는데 대체로 가로 40-70cm 세로 20-30cm 두께 2-5cm 이내의 판목으로 양면에 서각되어 있으며 마구리의 경우 922%가 결락되어 있다 소재지상세: 전라북도 전주시 덕진구 백제대로 567 (금암동 전북대학교)', 'score': 0.7020909700613799}, {'text_segment': '국가유산명_국문: 대구 경상감영지 국가유산명_한자: 大邱 慶尙監營址 국가유산종목: 사적 시도명: 대구 시군구명: 중구 시대: 조선시대 내용: 조선 시대에는 각 도에 관찰사를 파견하여 지방 통치를 맡게 하였으며 대구 경상감영은 조선 후기 경상도를 다스리던 지방관청으로 관찰사가 거처하던 곳이었다 경상도에는 조선 태종대부터 조선 전기까지는 별도의 감영(監營 조선 시대 각 도의 관찰사가 거처하던 관청)없이 관찰사가 도내를 순력(巡歷 조선 시대 감사가 도내의 각 고을을 순찰하던 제도)하였으며 선조 34년(1601년) 대구에 감영이 설치되면서 이곳에서 정무를 보았다 대구 경상감영지는 경상감영의 중심건물인 선화당과 징청각이 원 위치에 잘 보존되어 있고 발굴조사 결과 감영지가 확인됨에 따라 임진왜란 이후 8도의 관아 구성을 잘 보여주는 유적으로 평가된다 소재지상세: 대구광역시 중구 경상감영길 99 (포정동 감영공원)', 'score': 0.6685703160257461}, {'text_segment': '국가유산명_국문: 전주 다가동 구 중국인 포목상점 국가유산명_한자: 全州 多佳洞 舊 中國人 布木商店 국가유산종목: 국가등록문화유산 시도명: 전북 시군구명: 전주시 시대: 1920년대 내용: 전주 전동성당 건축에 참여했던 중국인 벽돌공들이 정착하는 과정에서 지은 비단을 팔던 상점 건축으로 1920년대에 건축되었다 상점 2개가 연속된 형태이며 각각의 상점 출입구 상부에는 형태가 같은 작은 삼각형 박공을 두어 정면성을 강조하는 등 중국 상해의 전통적인 비단상점 형태를 따라 지었다 소재지상세: 전북 전주시 완산구 전라감영2길 25 (다가동1가)', 'score': 0.6511209648595315}]",전라도
귀주대첩에서 거란군을 물리친 명장은 누구인가요?,"[{'text_segment': '국가유산명_국문: 김취려 묘 국가유산명_한자: 金就礪 墓 국가유산종목: 문화유산자료 시도명: 인천 시군구명: 강화군 시대: NaN 내용: 고려 후기의 장군 김취려의 묘이다 그는 고려 후기 예부시랑을 지낸 김부(金富)의 아들로 본관은 언양이며 음서(蔭敍)를 통해서 정위(正尉)에 임명되었다 1216년 거란군이 청천강 북쪽을 약탈하자 장군은 앞장서서 싸웠다 1217년 5월 거란군이 한강 이남을 공격하자 박달재에서 크게 무찔렀다 1218년 7월에도 거란군의 침략을 막았고 이듬해 2월에는 마침내 강동성(江東城)을 함락하고 거란군을 완전히 무찔렀다 1232년에는 벼슬이 최고관직인 문하시중(門下侍中)까지 올랐으며 위열공(威烈公)이라는 시호를 받았다 사람됨이 정직하고 검소하였으며 아랫사람을 바르게 다스려 누구도 그를 속이지 못하였다고 한다 고종 21년(1234) 강화에서 사망하였다 김취려 묘지석에는 ‘공은 갑오년(고종 21 1234) 2월 14일에 미미한 병세를 보이다가 21일에 갑자기 돌아가시니 향년 63세이다 천자(天子)께서는 몹시 슬퍼하며 조문하고 부의를 내리셨다 공은 복야(僕射) 조언통(趙彦通)의 따님을 부인으로 맞아들여 세 아들과 딸 하나를 두시고 뒷일을 처리하게 하였다 7월 12일에 진강산(鎭江山) 대곡동(大谷洞) 서쪽 기슭에 예장하였다’고 기록되어 있어 묘지석이 발견된 곳에 강화군과 언양김씨 종친회에서 묘소를 새롭게 정비하였다 묘역에는 원형의 봉분 앞에 망주석 한 쌍과 상석이 갖추어져 있으며 하단 부분에 묘역을 정비하고 종친회에서 건립한 비석이 세워져 있다 소재지상세: 인천광역시 강화군 양도면 하일리 산 71', 'score': 0.8374732362866552}, {'text_segment': '국가유산명_국문: 위열공김취려의묘 국가유산명_한자: 威烈公金就礪의墓 국가유산종목: 시도기념물 시도명: 울산 시군구명: 울주군 시대: NaN 내용: 김취려(~ 1234)는 언양현 사람으로 아버지인 김부는 예부시랑(禮部侍郞)을 지냈다 그는 1216년(고려 고종 3)부터 1219년(고종 6)까지 거란군의 여러 차례 공격을 물리쳐 나라를 어려움에서 구하였다 당시 13세기 동아시아의 정세는 몽골이 크게 흥기하고 있었으며 거란 역시 몽골의 공격을 받아 1216년 압록강을 건너 고려의 북방지역으로 밀려오게 되었다 이때 김취려는 대장군으로 조양진(평안남도 개천시 조양)에서 거란군을 물리쳤고 연주(평안북도 영변군)에서도 거란군의 포위를 돌파하였다 이에 거란군은 청새진(淸塞鎭: 평안북도 희천)을 넘어 퇴거하였다 이 전투에서 맏아들이 전사하였다 1217년 다시 내려온 거란군을 방어하고 1218년 병마사가 되어 서북면원수 조충(趙沖)과 함께 거란군을 강동성(江東城)으로 쫓아냈으며 이후 몽골군 및 동진국과 힘을 합쳐 강동성을 함락시켰다 이후 고려시대의 최고 관직인 문하시중(門下侍中)까지 올랐으며 위열공이라는 시호를 받았다 언양읍에 위치한 그의 묘는 최근에 만든 대리석 제단 석등 새 문무신상이 있다 묘비는 1670년(현종11) 후손인 김려와 언양현감이 세웠다 소재지상세: 울산 울주군 언양읍 송대리 산15번지', 'score': 0.8171634376049042}, {'text_segment': '국가유산명_국문: 천안 김시민장군 유허지 국가유산명_한자: 天安 金時敏將軍 遺墟址 국가유산종목: 시도기념물 시도명: 충남 시군구명: 천안시 시대: NaN 내용: 임진왜란시 3대 대첩 중의 하나인 ‘진주성대첩’의 명장인 김시민 장군의 생가지와 사사처(射蛇處)인 유허지이다 천안시 병천면 가전리 백전마을 노인들의 구전에 의하면 이 곳은 김시민 장군이 태어나 어린시절을 보냈던 생가지로 전하고 있다 현재는 1944년에 건축된 건물이 공가(空家)로 남아 있다 사사처는 충무공 김시민 장군이 9세의 어린 나이에 활을 쏘아 이무기를 잡았다는 전설이 전해오는 장소이며 충무공의 상무정신과 용맹함을 기념하기 위해 세운 비가 마을 입구에 있다 주요 시설물로는 구암(龜巖) 1기 유적비 1기 등이 있다 구암은 충무공의 부친인 구암(龜巖) 김충갑(金忠甲)의 호(號)가 유래된 바위로서 「김씨세거(金氏世居) 백전동천(栢田洞天)」이라는 명문이 바위 후면에 각자되어 있다 유적비는 1988년에 김시민장군 기념사업회에서 건립하였는데 높이가 약 2m이다 자연석비 전면에 「충무공(忠武公) 김시민(金時敏) 장군(將軍) 사사처(射蛇處)」의 비명이 각자되어 있으며 후면에는 건립자 및 건립년도가 각자되어 있다 충무공 김시민 장군은 임진왜란시 3대 대첩 중의 하나인 ‘진주성대첩’에서 3800여 명의 군사로 3만여 명의 왜병을 맞아 2만여 명을 사살하는 큰 전공을 세웠다 『구암집』 등의 사료에 의하면 목천면 백촌리(현 병천면 가전리)에서 출생하였다는 기록이 있으며 장군이 9세 때에 동네 앞 백전천의 이무기를 잡기 위해 활로 쏘았다는 사사처가 보존·관리되고 있다 장군의 업적을 기리고 역사의 교육장으로 보존 가치가 있다 소재지상세: 충남 천안시 동남구 병천면 가전리 460-1번지 외 2필지', 'score': 0.749731963309176}, {'text_segment': '국가유산명_국문: 권율장군묘 국가유산명_한자: 權慄將軍墓 국가유산종목: 시도기념물 시도명: 경기 시군구명: 양주시 시대: NaN 내용: 조선 중기의 문신이며 임진왜란 당시의 명장인 만취당(晩翠堂) 권율(權慄 1537∼1599) 장군의 묘소이다 선조 15년(1582) 과거에 급제한 후 여러 관직을 역임하였으며 1592년 임진왜란이 일어나자 광주목사에 제수되어 바로 임지로 떠났다 왜병에 의해 수도가 함락된 뒤 전라도관찰사 이광(李洸)과 방어사 곽영(郭嶸)이 군사를 모집할 때 광주목사로서 곽영의 휘하에서 중위장(中衛將)이 되어 서울의 수복을 위해 함께 북진 용인에서 적들을 공격해 대패하고 광주로 퇴각해 후사를 계획했다 이후 도성 수복을 위해 1만여 명의 군사를 거느리고 북진 길에 올라 수원 독성산성(禿城山城)에 들어가 진지를 구축했다 왜병의 총사령관 우키타[宇喜多秀家]는 독성산성의 아군을 밖으로 유인하려 했으나 성책을 굳게 해 지구전(持久戰)과 유격전을 펴가면서 그들에게 타격을 가하자 몇 날이 지난 다음 영책(營柵)을 불사르고 도성으로 물러났다 적이 퇴각할 때 정예 기병 1000명을 풀어 적의 퇴로를 기습해 많은 왜병을 베었다 또한 선조 26년(1593)에는 서울을 회복하고자 행주산성으로 진을 옮겨 군·관·민이 힘을 합하여 3만의 왜군을 물리쳤다 이것이 임진왜란 3대 대첩(진주대첩 한산도대첩 행주대첩) 가운데 하나인 행주대첩이다 1597년 정유재란이 일어나자 적군의 북상을 막고자 노력하였으며 1599년 노환으로 관직을 사임하고 고향으로 돌아가 7월에 죽었다 영의정에 추증되었고 1604년(선조 37) 선무공신(宣武功臣) 1등에 영가부원군(永嘉府院君)으로 추봉되었다 현재 묘역에는 장군의 묘를 중심으로 좌우에 전(前)부인 창녕 조씨와 후(後)부인 죽산 박씨가 함께 안장되어 있다 묘 앞에는 묘비·상석·향로석·동자석 1쌍이 있으며 좌우에 망주석과 문인석 1쌍을 세웠다 묘역의 입구에 있는 신도비(神道碑:왕이나 고관 등의 평생업적을 기리기 위해 무덤 근처 길가에 세운 비)는 기존의 신도비 비문이 마모되어 철종 12년(1861)에 새로 건립한 것으로 신흠(申欽)이 짓고 이유원(李裕元)이 글씨와 전액(篆額 전서체로 쓴 비신 상단부의 명칭)을 썼다 10 Tomb of General Kwon Yul(權慄將軍墓) 소재지상세: 경기 양주시 장흥면 권율로 223 (석현리)', 'score': 0.7380400727981435}, {'text_segment': '국가유산명_국문: 진주 은열사 강민첨 초상 국가유산명_한자: 晋州  殷烈祠  姜民瞻 국가유산종목: 시도유형문화유산 시도명: 경남 시군구명: 진주시 시대: NaN 내용: 은렬공 강민첨( -1021)은 고려시대의 명장으로  목종 때 문과에 급제한 후 현종3년(1012)에는 안찰사로 동여진을 격퇴 1018년애는 거란이 10만대군으로 쳐들어오자 강감찬 장군의 부장으로 출전 대패시켰다 그 공으로 지중추사병부상서(知中樞事兵部尙書)까지 올랐던 인물이다 단령에 홀을 쥐고 있는 고려시대 백관의 공복차림의 진주 은렬사 소장 강민첨 영정은 보물 제588호 은열공 영정과 매우 유사하며 표현기법이 우수한 수작에 속한 작품이다 소재지상세: 경상남도 진주시', 'score': 0.6967891293505035}]",강감찬
삼국통일을 이룬 신라의 왕은 누구인가요?,"[{'text_segment': '국가유산명_국문: 인용사지 국가유산명_한자: 仁容寺址 국가유산종목: 문화유산자료 시도명: 경북 시군구명: 경주시 시대: NaN 내용: 반월성을 배경으로 남산을 바라보는 곳에 있는 절터이다 인용사는 신라의 장군이며 외교가였던 김인문이 중국 당나라 감옥에 갖혀 있을 때 그의 안녕을 빌기 위해 신라 사람들이 세운 절이라고 한다 김인문은 신라 제29대 태종무열왕의 둘째 아들로 당나라에서 22년간 생활하면서 많은 벼슬을 했다 무열왕 7년(660)에는 당나라 장수 소정방과 함께 백제를 멸망시켰고 문무왕 8년(668)에는 고구려를 통합하여 신라가 삼국을 통일하는데 크게 공헌하였다 현재 절터에 남아있는 석물들로 당시에 쌍탑식 가람배치였음을 짐작할 수 있는데 이는 통일신라시대의 전형적인 모습이라 할 수 있다 또한 신라시대에 승려나 왕이 아닌 개인을 위해 일반인들이 세운 절로서는 처음이라는데 그 의의가 크다 소재지상세: 경북 경주시 인왕동 344-6번지 외', 'score': 0.796285481270388}, {'text_segment': '국가유산명_국문: 김유신장군유허지 국가유산명_한자: 金庾信將軍遺墟址 국가유산종목: 시도기념물 시도명: 충북 시군구명: 진천군 시대: NaN 내용: 신라가 삼국통일을 이루는데 중심적인 역할을 한 김유신(595∼673) 장군이 태어난 곳이다 김유신은 금관가야의 마지막 왕인 구해왕의 증손으로 아버지 서현과 어머니 만명부인 사이에서 태어났다 신라 무열왕 7년(660) 상대등이 되어 신라군을 이끌고 당나라 군대와 함께 계백 장군이 거느린 백제군을 황산벌에서 무찔러 백제를 멸망시켰다 문무왕 8년(668) 나·당연합군이 고구려를 공략할 때도 신라군의 총사령관이 되어 고구려를 멸망시켰고 이어서 삼국의 영토에 야심을 드러낸 당나라 군대도 물리침으로써 삼국통일의 위업을 달성하였다 이곳에는 앞면 3칸·옆면 2칸의 재실 유허비와 최남선이 쓴 비문이 있다 뒤로는 장군의 탯줄을 묻은 태령산이 있고 주위에는 여보정 치마대들이 있다 해제사유: 사적 제414호 김유신탄생지및태실 로 승격지정됨에 따라 해제됨 소재지상세: 충북 진천군 진천읍 김유신길 170-4 (상계리)', 'score': 0.7960899438262535}, {'text_segment': '국가유산명_국문: 경주 진흥왕릉 국가유산명_한자: 慶州 眞興王陵 국가유산종목: 사적 시도명: 경북 시군구명: 경주시 시대: 신라 진흥왕 내용: 신라 24대 진흥왕(재위 540∼576)의 무덤이다 진흥왕은 지증왕의 손자로서 고구려가 점령하고 있던 한강유역을 빼앗아 삼국통일의 기초를 다졌다 562년 대가야를 정복하여 낙동강 유역을 확보하였고 함흥평야까지 진출하여 신라 역사상 최대 영토를 차지한 왕으로 점령지에 척경비를 세웠다 거칠부에게 『국사』를 편찬하게 하였으며 신라 최대의 절인 황룡사를 세웠다 또한 삼국통일의 중추세력인 화랑도를 창설하였다 높이 58m 지름 20m의 원형 봉토무덤으로 된 이 무덤은 자연석을 이용해 둘레돌을 돌렸으나 현재 몇 개만이 남아있다 내부는 굴식돌방무덤(횡혈식석실묘)으로 추측된다 신라 왕 중 가장 위대한 업적을 남긴 왕의 무덤으로서는 규모가 작은 편이며 기록상 법흥왕과 같은 곳에 있어야 하므로 서악동 무덤들 중 위에서 두 번째 무덤으로 보는 견해도 있다 <br/><b>※(신라진흥왕릉 → 경주 진흥왕릉)으로 명칭변경 되었습니다(20110728 고시) </b> 소재지상세: 경북 경주시 서악동 산92-2번지', 'score': 0.7670126557350159}, {'text_segment': '국가유산명_국문: 김유신태실및돌담 국가유산명_한자: 金庾信胎室및돌담 국가유산종목: 시도기념물 시도명: 충북 시군구명: 진천군 시대: NaN 내용: 태실은 왕이나 왕실 자손의 태를 모셔두는 돌로 만든 방으로 이곳은 신라의 삼국통일에 중심적 역할을 한 김유신 장군의 태를 묻은 곳이다 김유신(595∼673)은 김수로 왕의 13세 손으로 진평왕 31년(609) 15세에 화랑이 되고 낭비성 싸움에 공을 세워 압량주 군주가 되었다 선덕여왕 때 상장군 무열왕 7년(660)에 상대등이 되어 당군과 연합하여 백제를 멸망시킨 후 나당연합군의 대총관이 되었다 그 후 문무왕 8년(668) 고구려를 정벌하고 태대각간이 되었으며 한강이북의 고구려 땅을 다시 찾아 삼국통일의 대업을 완수하였다 태실은 해발 4618m의 산 정상에 마련되어 있다 지름 9m 높이 1m의 둥근 3단 석축을 이루고 있으며 그 주위로 산성처럼 드리운 길이 180m의 돌담이 에워싸여 있다 현존하는 우리나라 태실 중 가장 오래된 형식에 속하는 중요한 유적으로 구체적인 제작연대는 알 수 없다 해제사유: 사적 제414호 김유신탄생지및태실 로 승격지정됨에 따라 해제됨 소재지상세: 충북 진천군 진천읍 문봉리 산20번지', 'score': 0.7497050761835735}, {'text_segment': '국가유산명_국문: 포항 고석사 석조여래의좌상 국가유산명_한자: 浦項 古石寺 石造如來倚坐像 국가유산종목: 문화유산자료 시도명: 경북 시군구명: 포항시 시대: 통일신라시대 내용: 이 불상은 높이 281cm 폭 250cm 가량의 암괴에 고부조(高浮彫)로 새겨진 석조여래불상으로 암면의 턱을 의자삼아 앉아 두 다리를 내려 뻗은 의좌(倚坐) 형식이다 얼굴과 발목 이하의 부위는 심각하게 파손되었지만 목에서부터 다리까지는 비교적 원형이 잘 보존되어 있다 어깨가 넓고 당당한 체형을 하고 있으며 얇은 옷을 통하여 신체의 양감이 잘 드러나 있다 전반적인 표현 양식으로 보아 신라시대 8~9세기의 양식적 특징을 보인다 이 불상은 삼국시대와 고려시대에 조성된 2건의 사례 이외에 통일신라시대에 조성되어 현존하는 유일한 의좌상(倚坐像)이라는 점에서 신라 조각사 연구에 중요한 자료로 판단된다 소재지상세: 경상북도 포항시 남구 장기면 방산리 888', 'score': 0.7163999277757902}]",문무왕
평양성은 어느 나라의 수도였나요?,"[{'text_segment': '국가유산명_국문: 평양성도 병풍 국가유산명_한자: 平壤城圖 屛風 국가유산종목: 보물 시도명: 인천 시군구명: 미추홀구 시대: NaN 내용: ‘평양성도 병풍’은 조선 후기 번성했던 평양의 모습을 8폭 병풍의 장대한 화면에 화려하고 섬세하게 표현한 작품이다 현존하는 평양성도가 대부분 19세기에 그려진 것에 비해 이 ‘평양성도 병풍’ 은 1804년 화재로 불탔다가 1890년 중건된 대동강 주변의 애련당(愛蓮堂)과 장대(將臺)가 묘사되어 있어 비교적 이른 시기에 제작된 것으로 추정된다 특히 19세기에 유행한 밝고 짙은 청색을 혼용하지 않고 녹색 위주로 처리한 청록산수(靑綠山水)의 표현 명암이 거의 없는 건물 묘사와 인물이 표현되지 않은 고식적인 화법(畵法) 등을 근거로 제작 시기를 18세기 후반기까지 올려볼 수 있어 현존하는 평양성도 중 가장 연대가 올라가는 작품으로  판단된다 이처럼 ‘평양성도 병풍’은 작품의 규모와 제작 시기 예술적 완성도 조선시대 평양에 대한 역사적 위상 반영 등 여러 면에서 문화유산적 가치가 인정될 뿐 아니라 조선 후기 읍성도 연구에 있어서도 기준이 되는 중요한 작품이다 소재지상세: 인천광역시 미추홀구 비류대로55번길 68 (학익동 송암미술관)', 'score': 0.7267502993345261}, {'text_segment': '국가유산명_국문: 밀양 사명대사 생가지 국가유산명_한자: 密陽 四溟大師 生家址 국가유산종목: 시도기념물 시도명: 경남 시군구명: 밀양시 시대: NaN 내용: 조선 중기 고승 사명당(1544∼1610)이 태어난 곳이다 경상남도 밀양 출신으로 속명은 응규이며 호가 사명당이다 중종 30년 풍천 임씨 집안에서 태어나 13세에 출가하여 직지사 신묵의 제자가 되었다 금강산에 들어가 수도하던 중 선조 25년(1592)에 임진왜란이 일어나자 의승병을 모아 의병장으로서 활약하였다 1593년 명나라 구원군이 주축이 되었던 평양성 탈환 전투에 참가하여 공을 세웠다 선조는 그의 공을 크게 인정하여 가선대부동지중추부사의 벼슬을 내렸으며 일본과 강화를 위한 사신으로 임명하기도 했다 그 뒤 병을 얻어 해인사에서 요양하다가 광해군 2년(1610) 설법을 마치고 세상을 떴다 저서로 『사명당대사집』7권과 『분충서난록』1권 등이 있다 사명당은 어린 시절을 여기서 보냈으며 많은 일화가 전해오고 있다 그동안 고라리 399번지와 400번지를 두고 어느 곳이 그의 생가터였는지 정확하게 밝히지 못했다 전문가들의 조사결과 399번지를 그의 생가터로 추정하고 있는데 399번지 일대의 지표조사 결과 기와 파편과 생활용품의 파편 등을 발견하였고 건축물과 담장이 있었던 흔적을 찾았기 때문이다 그 밖에도 사명당의 어릴 때의 생활을 기록한 것을 참고하면 집 가까이에 연못이 있을 가능성이 높아 고라리 399번지로 추정하는데 그다지 무리가 없는 것으로 보인다 또한 사명당이 이따금씩 고향으로 돌아올 때 쉬었다는 바위가 아직 그대로 남아 있어 그의 발자취를 엿볼 수 있고 그의 생을 음미해 볼 수 있는 곳이다 소재지상세: 경남 밀양시 무안면 사명대사생가로 642 400 (고라리)', 'score': 0.6803680206132298}, {'text_segment': '국가유산명_국문: 기성도병 국가유산명_한자: 箕城圖屛 국가유산종목: 시도유형문화유산 시도명: 서울 시군구명: 종로구 시대: 19세기후반 내용: 8첩 병풍에 평양성(平壤城)과 대동강(大洞江)의 전경 및 평양감사(平壤監司)의 대동강(大洞江)에서의 선유(船遊)광경을 가로로 길게 담은 성읍풍속도(城邑風俗圖)이다 제 1첩은 평양성 밖 제 2-5첩은 내성(內城) 제 6첩은 중성(中城) 제 7-8첩은 외성(外城)의 모습이 그려져 있다 각종 지형과 시설물 공해(公廨관청)등에는 묵서(墨書)로 해당 명칭을 표기하였는데 매우 상세한 편이다 평양성의 우측에서 비스듬하게 내려다본 시점이 일관되어 평행 사선 방향으로 늘어선 건물들의 모습과 지세의 원근(遠近)및 고저(高低)도 자연스럽다 산수는 황토색과 녹색으로 선염(渲染)하고 부드럽고 두툼한 청색의 필선으로 산의 주름을 따라 마치 음영을 나타내듯이 질감을 나타낸 청록산수이며 윤곽선 부근은 점묘(點描)와 짧은 피마준(披麻皴)으로 처리하였다 건물 표현에서는 전축(塼築)의 성곽이 보이고 용마루 등 지붕 윤곽은 흰색으로 그려져 있다 분홍색 꽃나무는 계절 감각을 나타낸다 화면 우측 대동강에는 ≪평양감사환영도(平壤監司歡迎圖)≫의 <대동강선유(大洞江船遊)> 장면을 연상시키는 평양감사(平壤監司)의 뱃놀이 광경이 화려하게 펼쳐져 있다 ‘평양전도(平壤全圖)’ ‘기성전도(箕城全圖)’등의 이름으로 전하는 평양 전경을 그린 8첩 병풍은 여러 점 있다 대개 시점과 화면 구성이 이 그림과 유사한데 하나의 형식이 재차 이모(移摸)되면서 이러한 전형이 성립된 것으로 보인다 다만 하단에 평양감사의 행렬이 있는 경우와 없는 경우의 두 가지가 있다 행렬이 있는 경우는 감사행렬이 대동강 이남의 육지로 길게 그려져 강을 건너기 전의 모습을 그린 것이 대부분인데 서울역사박물관에 소장된 이 그림에는 대동강에서 뱃놀이하는 장면이 그려진 점이 특이하다 이 그림은 기존의 도성도(都城圖)와 달리 평양 도성도(都城圖)와 평양감사 선유도(船遊圖)가 결합된 드문 유물로 조선 말기 성읍 풍속도(城邑 風俗圖)의 우수성과 변화상을 보여 주는 자료로서 가치가 있고 평양성 전경을 그린 같은 종류의 그림 가운데 보존상태도 좋다 소재지상세: 서울특별시 종로구 새문안로 55 (신문로2가 서울역사박물관)', 'score': 0.6706596514318586}, {'text_segment': '국가유산명_국문: 고구려 평양성 석편 국가유산명_한자: 高句麗 平壤城 石片 국가유산종목: 보물 시도명: 서울 시군구명: 서대문구 시대: 고구려 평원왕 내용: 고구려 평양성 석편(高句麗 平壤城 石片)은 고구려의 평양성을 쌓을 당시 비교적 평평한 자연석 위에 글자를 새긴 것이다 평양성은 고구려의 도성으로 외성(外城) 중성(中城) 내성(內城) 북성(北城) 등 4성으로 나누어져 있다 성의 길이는 전체 15㎞로 성곽주변은 강으로 둘러싸여 평양시의 중심부를 이루고 주로 내성벽은 돌로 외성벽은 흙으로 축성되어 있다 성의 내부에는 당시 고구려의 도시구획터가 아직도 남아있다 이 성곽에서 현재까지 글자가 새겨진 4개의 성석(城石)이 발견되었는데 그 가운데 이화여자대학교 박물관에 소장되어 있는 이 성석편은 두 번째로 발견된 것이다 성석에 새겨진 글자 수는 모두 7행 27자로 그 내용은 ‘기유년 5월 21일 이곳으로부터 아래쪽 동쪽을 향하여 12리 구간을 물성소형 배 ■백두(物省小兄 俳 ■百頭)가 구축한다’라고 풀이되어지고 있다 이 성석의 현재 상태는 두 번째 행의 깨어져 나간 부분과 함께 전체 9조각으로 균열되어 있어 석고로 고정시켜 놓은 상태이다 소재지상세: 서울 서대문구 이화여대길 52 이화여자대학교박물관 (신촌동)', 'score': 0.6617411951042227}, {'text_segment': '국가유산명_국문: 서울 구의정수장 제1·2공장 국가유산명_한자: 서울 九宜淨水場 第一·二工場 국가유산종목: 국가등록문화유산 시도명: 서울 시군구명: 광진구 시대: 제1공장 1936년 제2공장 1959년 내용: ㅇ구의정수장 제1공장은 일제강점기인 1930년대에 당시 경성부 부세(府勢) 확장으로 인해 상수도시설의 확장 필요성에 따라 건설되었다 제1공장에는 우리나라 현존 최고(最古)의 급속여과지가 있으며 기존의 완속여과지에 비해 30배 이상의 효율을 갖고 있으며 원형이 잘 보존되어 있다 제2공장은 일본기술로 지어진 제1공장과는 달리 1959년 미국의 원조와 기술로 지어진 공장이다 여기에 있는 상하류식 고속응집침전지는 당시로서는 고도의 신기술에 속하는 것으로 국내에 남아있는 것으로는 유일하다 이 고속응집침전지는 혼화 응집 침전이 하나의 침전지에서 처리가 가능한 수처리시설로 설치면적이 작아도 되는 당시로는 획기적인 것으로써 그 원형이 그대로 남아있다 두 공장 모두 착수부터 약품처리 혼화 응집 침전 여과 정수 등 수도시설의 전 과정이 잘 남아있다 소재지상세: 서울특별시 광진구 워커힐로 57-30 (구의동 구의야구장)', 'score': 0.63276034682824}]",고구려
측우기를 발명한 조선의 왕은 누구인가요?,"[{'text_segment': '국가유산명_국문: 공주 충청감영 측우기 국가유산명_한자: 公州 忠淸監營 測雨器 국가유산종목: 국보 시도명: 서울 시군구명: 종로구 시대: 조선시대 내용: 국보 ‘공주 충청감영 측우기(公州 忠淸監營 測雨器)’는 1837년(헌종 3)에 제작된 것으로 측우대는 없고 측우기만 전해오고 있다 조선시대 충남지역 감독관청이었던 공주감영[錦營]에 설치되었던 것으로 1915년 경 일본인 기상학자 와다 유지[和田雄治]가 국외로 반출한 뒤 1971년 일본에서 환수되어 기상청이 보관해 오고 있다 조선시대에는 중앙정부에서 측우기를 제작해 전국의 감영에 보냈기 때문에 여러 점이 만들어졌으리라 예상되지만 지금까지 ‘공주 충청감영 측우기’만 유일하게 알려져 있다 1442년(세종 24)에 발명된 측우기는 서양보다 약 200년 앞서 발명된 세계 최초의 과학적 강우(降雨) 측정기이다 조선의 측우기는 땅에 스며든 물의 깊이를 측정하던 이전의 비합리적인 강우 측정방식에서 벗어나 본격적으로 강수량을 정량적으로 측정 가능케 한 발명품이라는 점에서 세계과학사적인 의미가 매우 크다 소재지상세: 서울특별시 종로구 송월길 52 (송월동 국립기상박물관)', 'score': 0.6115809604525566}, {'text_segment': '국가유산명_국문: 관상감 측우대 국가유산명_한자: 觀象監 測雨臺 국가유산종목: 보물 시도명: 서울 시군구명: 종로구 시대: 조선시대 내용: 관상감 측우대(觀象監 測雨臺)는 조선시대 측우기를 올려 놓고 강우량을 측정하던 것으로 지금은 대석(臺石)만 남아 있다 측우기는 세종 23년(1441) 세계 최초로 발명되어 이듬해 전국적으로 강우량 측정이 시작되었는데 이것은 그 전에 땅 속에 스며든 비의 양은 잴 수 없던 비합리적 방법에서 벗어난 15세기의 획기적 발명품이었다 철로 만든 원통형 의 측우기는 돌 위에 올려 놓고 사용했는데 높이 876㎝ 세로 597㎝ 가로 945㎝의 직육면체의 화강암으로 가운데에 직경 165㎝ 깊이 47㎝로 구멍을 뚫어 세웠다 비록 측우기는 전쟁 등으로 유실되어 사라졌지만 이 대석은 측우기의 존재를 확인해 주는 귀중한 유물이다 세종 때의 것으로 서울 매동초등학교 교정에 있던 것을 지금은 국립 중앙기상대(현재 기상청)에 옮겨 놓았다 소재지상세: 서울특별시 종로구 송월길 52 (송월동 국립기상박물관)', 'score': 0.5836037311803515}, {'text_segment': '국가유산명_국문: 과학조선(科學朝鮮)(2013-1) 국가유산명_한자: 科學朝鮮(2013-1) 국가유산종목: 국가등록문화유산 시도명: 서울 시군구명: 서대문구 시대: 1933~1941년 내용: 1933년부터 1944년까지 김용관(1897~1967)이 이끈 발명학회 및 과학지식보급회의 주도로 발간된 과학기술 종합잡지로 과학기술 동향 소개 과학기술 진흥방안 제시 발명 지도와 장려 산업의 발전방안 모색 과학기술 문답 과학기술 대중화 등 당대의 과학기술 활동 전반을 광범위하게 담고 있다 연세대학교 학술정보원에는 1933년부터 1941년까지 발간된 총 22호를 소장중에 있으며 고려대학교 중앙도서관과 과학도서관에는 1933년부터 1944년까지 발간된 총 28호(복본 4호 포함)가 나뉘어 소장되어 있다 대중의 과학계몽과 과학발전을 주도한 역사적·학술적 가치가 있으며 한국인들의 과학기술 관심 고취 과학 대중화 운동 등의 파급효과가 나타났다 소재지상세: 서울특별시 서대문구 연세로 50-0 (신촌동 연세대학교)', 'score': 0.5824607622541788}, {'text_segment': '국가유산명_국문: 과학조선(科學朝鮮)(2013-2) 국가유산명_한자: 科學朝鮮(2013-2) 국가유산종목: 국가등록문화유산 시도명: 서울 시군구명: 성북구 시대: 1933~1944년 내용: 1933년부터 1944년까지 김용관(1897~1967)이 이끈 발명학회 및 과학지식보급회의 주도로 발간된 과학기술 종합잡지로 과학기술 동향 소개 과학기술 진흥방안 제시 발명 지도와 장려 산업의 발전방안 모색 과학기술 문답 과학기술 대중화 등 당대의 과학기술 활동 전반을 광범위하게 담고 있다 연세대학교 학술정보원에는 1933년부터 1941년까지 발간된 총 22호를 소장중에 있으며 고려대학교 중앙도서관과 과학도서관에는 1933년부터 1944년까지 발간된 총 28호(복본 4호 포함)가 나뉘어 소장되어 있다 대중의 과학계몽과 과학발전을 주도한 역사적·학술적 가치가 있으며 한국인들의 과학기술 관심 고취 과학 대중화 운동 등의 파급효과가 나타났다 소재지상세: 서울특별시 성북구 안암로 145-0 (안암동5가 고려대학교안암캠퍼스(인문사회계))', 'score': 0.5805805385466505}, {'text_segment': '국가유산명_국문: 금영 측우기 국가유산명_한자: 錦營 測雨器 국가유산종목: 보물 시도명: 서울 시군구명: 동작구 시대: 조선 헌종 3년(1837) 내용: ‘금영 측우기(錦營 測雨器)’는 조선 시대 충남지역 감독관청이었던 공주감영[錦營]에 설치되었던 것으로 1915년 경 일본인 기상학자 와다 유지(和田雄治 1859~1918)가 국외로 반출한 뒤 1971년 일본에서 환수되어 서울 기상청이 보관해 오고 있다 조선 시대에는 중앙정부에서 측우기를 제작해 전국의 감영에 보냈기 때문에 여러 점이 만들어졌으리라 예상되지만 지금은 ‘금영 측우기’만 유일하게 알려져 있다 빗물을 그릇에 받아 강우량을 재는 측우기는 조선 세종 대에 처음 만들어진 후 여러 차례 다시 만들어졌으나 현재 남아 있는 것은 헌종 3년(1837)에 만들어진 이 측우기가 유일하다 『조선왕조실록』세종 23년(1441년) 8월 18일자 기록에 의하면 서운관(書雲觀 기상관측 기관)에  대(臺)를 설치해 비를 받아 강우량을 측정했다고 하며 이듬해 1442년 5월 8일에 측정방식이 미진해 다시 원칙을 세웠으며 이때의 원칙대로 만들어진 것이 ‘금영 측우기’ 이다 ‘금영 측우기’의 제작시기와 크기 등에 대해서는 중단의 바깥 면에 새겨진 명문(銘文)을 통해 확인된다 명문에 의하면 이 측우기는 1837년(헌종 3년)에 만들었으며 높이는 1자(尺) 5치(寸) 지름 7치 무게 11근으로 제작되었음을 알 수 있다 상‧중‧하단 총 3개의 금속기로 구성되었으며 미세하게 상부가 넓고 하부가 좁아 서로 끼워 맞추도록 하였고 접합부는 대나무 마디처럼 만들어 기형(器形)의 변형을 막고자 했다\r\n &# 39;금영 측우기&#39;는 1837년에 제작되었으나 실물 크기가 세종 대 측우기 제도에 기원을 두고 있으며 제작시기와 연원이 명확할 뿐 아니라 농업을 위한 과학적 발명과 그 구체적인 실행을 증명해주는 유물로서 인류문화사의 관점에서도 큰 가치가 있다\r\n\r\n(참고) * 측우기 중단의 명문: 금영 측우기는 높이가 1자 5치 지름은 7치 도광 정유년(1837)에 만들었고 무게는 11근이다 (錦營/測雨器/高一尺五寸/徑七寸/道光丁酉製/ 重十一斤)\r\n* 측우기 바닥면의 명문: 입번은 통인 급창 사령이 담당함(入番通引/及唱/使令/次知) 소재지상세: 서울 동작구 여의대방로16길 61 (신대방동기상청)', 'score': 0.5509747899561007}]",세종
수원 화성을 지은 목적은 무엇인가요?,"[{'text_segment': '국가유산명_국문: 채제공 관련 고문서 일괄 국가유산명_한자: 蔡濟恭 關聯 古文書 一括 국가유산종목: 시도유형문화유산 시도명: 경기 시군구명: 수원시 시대: NaN 내용: 정조시대의 대표적인 재상(宰相)으로서 초대 화성유수(華城留守)를 지낸 번암 채제공(蔡濟恭 1720~1799) 관련 고문서다 총 48종 60점으로 정조가 직접 작성하여 내려준 문서와 어찰(御札) 채제공이 화성유수와 장용외사(壯勇外使)를 지내며 받은 공문서 주변 인물과 주고받은 편지들이다 정조의 친필 편지 수원화성 축성을 감독하는 신하들에게 내린 윤음(綸音) 수원부의 무사들에게 활쏘기 시험을 시행한 후 시상자와 포상 내역을 기록한 무사시취방(武士試取榜) 등의 고문서 자료를 통해 정조의 국정 운영 모습을 살펴볼 수 있다 아울러 정조가 신임한 초대 화성유수 채제공의 실제 활동을 확인할 수 있어 정조의 사상과 조선후기 수원화성의 전반적인 이해를 위한 중요자료로 평가된다 소재지상세: 경기도 수원시 팔달구 창룡대로 21 (매향동 수원화성박물관)', 'score': 0.8133618235588074}, {'text_segment': '국가유산명_국문: 만년제 국가유산명_한자: 滿年堤 국가유산종목: 시도기념물 시도명: 경기 시군구명: 화성시 시대: 조선 1797년 내용: 조선 정조(재위 1776∼1800))는 아버지인 사도세자의 묘를 양주 배봉산에서 수원의 화산 아래로 옮기면서 기존의 수원읍을 현재의 팔달산 아래로 옮겨 새 도시를 조성하였다 새로 이주한 주민들의 안정을 위해 성곽을 쌓을 것을 계획하고 수원의 이름을 화성으로 바꾸었다 정조는 새 도시 경영을 위한 경제적 기반 확보와 백성들의 생활안정을 목적으로 둔전(각 궁과 관아에 딸렸던 밭)을 설치하였다 또한 농사를 위한 관개 용수와 제방 쌓는 일 상권에 대한 보호 나무를 심는 식수사업 등 갖가지 정책적인 배려를 베풀었다 정조 21년(1797)에 세운 만년제는 사도세자의 능인 화산 현륭원 바로 아래에 자리잡고 있다 수원시 서둔(西屯) 서호(西湖) 등의 시설과 함께 만년제는 정조 당시의 권농정책을 보여 주는 중요한 사적이다 소재지상세: 경기 화성시 효행로 636 (안녕동)', 'score': 0.80350863900686}, {'text_segment': '국가유산명_국문: 정조사 조심태어찰첩 국가유산명_한자: 正祖 賜 趙心泰 御札帖 국가유산종목: 시도유형문화유산 시도명: 경기 시군구명: 수원시 시대: NaN 내용: 정조가 수원부사 화성유수 장용대장을 역임한 조심태(趙心泰 1740∼1799)에게 보낸 어찰을 모은 첩이다 어찰은 모두 13통인데 2통은 2장의 종이에 나머지 11통은 1장의 종이에 썼다 조심태가 수원부사로 임명된 1789년부터 장용대장으로 활동하던 1798년 사이에 정조가 보낸 것으로 추정된다 수원을 중심으로 요동치던 당시의 정국 현황을 파악할 수 있는 매우 중요한 어찰첩이다 어찰 내용을 살펴보면 정조는 수원에 있던 조심태와 수시로 편지를 교환하면서 현지의 사정을 파악하고 그때그때 필요한 조치를 처리해 나갔으며 모종의 비밀 업무도 지시한 후 그 결과를 기다렸음을 알 수 있다 조심태는 정조와 서로 밀서를 주고받던 핵심 측근 관료였다 현재까지 알려진 조심태 관련 정조 어찰첩으로는 유일하다 조심태는 1768년(영조 44) 무과 급제하고 여러 무관직을 두루 거쳐 1789년 수원부사를 역임하였다 이때 현륭원(顯隆園)을 옮겨오는 일과 수원의 도시 기반 시설을 구축하는 일 등 어려운 임무를 차질 없이 처리하였다 이후 총융사 금위대장 어영대장 등을 지내다가 1794년 승격된 화성유수로 다시 제수되었고 수원화성 축성의 주요 직책을 겸하였다 정조가 번암 채제공과 함께 가장 총애하던 무반계 신하였다 소재지상세: 경기도 수원시 팔달구 창룡대로 21 (매향동 수원화성박물관)', 'score': 0.799551839071915}, {'text_segment': '국가유산명_국문: 번암선생집 국가유산명_한자: 樊巖先生集 국가유산종목: 시도유형문화유산 시도명: 경기 시군구명: 수원시 시대: NaN 내용: 정조대 초대 화성유수를 지내고 영의정까지 오른 번암 채제공(蔡濟恭 1720~1799)의 시문집(詩文集) 초고본이다 채제공은 사도세자 추숭 현륭원 조성 수원읍치 이전 수원화성 성역 등 정조가 추진하는 주요 사업을 맡아 수행한 인물이다 1799년(정조 24) 1월에 채제공이 세상을 떠나자 그해 가을에 문인(門人)인 정약용(丁若鏞)과 이가환(李家煥) 등이 유고를 교정하였다 이듬해 정조가 채제공의 문집 편집과 간행에 큰 관심을 갖고 직접 범례(凡例)를 지어 주며 문집을 편집하는 기준으로 삼게 하였다 표지 안쪽 면에 『번암선생집(樊巖先生集)』 구본(舊本)을 정조가 정해 준 범례대로 다시 편집하고 3본을 베껴 서울 영남 충청도에 보내니 더 이상 내용을 바꾸지 말고 이 책을 기준으로 간행할 것을 당부하는 별지(別紙)가 붙어 있다 총 62권 30책 가운데 표지의 우측 상단에 ‘권수(卷首)’라고 표기된 제1책을 포함하여 27권 22책만 전한다 소재지상세: 경기도 수원시 팔달구 창룡대로 21 (매향동 수원화성박물관)', 'score': 0.7856520155235489}, {'text_segment': '국가유산명_국문: 수원축만제 국가유산명_한자: 水原祝萬提 국가유산종목: 시도기념물 시도명: 경기 시군구명: 수원시 시대: NaN 내용: 수원시 팔달구 화서동에 있다 화성부 서쪽에 축조된 수리시설로 수원 화성의 서쪽에 있다 하여 서호(西湖)라고도 불린다 정조가 화성을 쌓으면서 1795년(정조 23)에 내탕금 3만냥을 들여 축조한 관개저수지다 축만제는 천년만년 만석의 생산을 축원한다는 뜻을 가지고 있다 제방 양쪽 끝에 두 개의 수문이 설치되어 있는데 이는 축만제에 가두어둔 물을 활용하기 위한 장치였다 국가적으로 중요한 제방이었으므로 제언 관리를 위하여 감관 1명 감고 1명이 배치되어 있었다 축만제 아래쪽에 설치한 축만제 둔전은 총 규모가 답 83석 15두 4승락에 달했다 정조는 즉위한 이후 농업기술과 농업환경 개선의 핵심은 수리시설이라고 파악했다 그리하여 화성을 축성하면서  주변에 만석거 만년제 축만제 등을 쌓았다 여러 제언이 축조된 후 물이 관리되자 버려졌던 땅들이 비옥한 전토로 바뀌었다 축만제는 조선후기 농업수리 역사에서 중요한 위치를 점하고 있다 소재지상세: 수원시 팔달구 화서동 436-1 외', 'score': 0.766293640303636}]",아버지 사도세자의 묘를 보호하기 위해
낙동강 전투는 어떤 전쟁 중에 벌어진 전투인가요?,"[{'text_segment': '국가유산명_국문: 6·25 전쟁 군사 기록물(육군) 국가유산명_한자: NaN 국가유산종목: 국가등록문화유산 시도명: 충남 시군구명: 계룡시 시대: 대한민국 내용: ‘6·25 전쟁 군사 기록물(육군)’은 전쟁기간 동안 육군본부·군단·사단·후방부대 등에서 작성한 것으로 전투 수행을 위해 구체적으로 하달한 계획·명령·지시 기록과 전투상황에 대해 상세히 보고한 전투상보·작전일지 등 다양한 기록물이며 총 15종 7521건이다 해당 유물은 전쟁 당시의 긴박한 상황에서 체계적이고 질서있는 군사작전 수행 정황을 낱낱이 보여주고 있으며 전문가 및 일반인들의 6·25전쟁 관련 연구자료로서 매우 귀중한 자료이다 소재지상세: 충청남도 계룡시', 'score': 0.9376112520694733}, {'text_segment': '국가유산명_국문: 6·25 전쟁 군사 기록물(공군 전투비행단) 국가유산명_한자: NaN 국가유산종목: 국가등록문화유산 시도명: 충북 시군구명: 청주시 시대: 1953년 등 내용: ‘6·25전쟁 군사 기록물(공군 전투비행단)’은 전쟁 당시 공군 제10전투비행단(당시 강릉기지)과 관련된 유물인 제10전투비행단 종합보고서·비행기록수첩 및 출격 표시 작전지도·10비 군사일지·조종사 출격일지·김영환 장군 명패로 총 6건 8점의 유물이다 ① 제10전투비행단 종합보고서는 비행단의 작전·정보·교육·기상 등 작전 요소를 망라하여 도면과 문서로 정리한 유물로 국군과 북한군의 상황을 알 수 있는 자료다 ② 비행기록 수첩·출격 표시 작전지도는 참전 조종사(임상섭)가 1952년부터 1953년까지 작전을 수행한 지역을 수첩에 기록하고 지도에 표시한 유물로 당시 연습·출격기록을 알 수 있는 자료다 ③ 10비 군사일지는 1951년부터 1955년까지 2권으로 구성되어 있으며 부대의 주요 활동을 일자순으로 기록한 것으로 당시 비행단의 활동상황을 살펴볼 수 있다 ④ 조종사 출격일지는 참전 조종사(이배선)가 1952년부터 1953년까지의 출격일시·목표지점·임무·작전지도․마음가짐 등을 일자별로 상세히 기록한 것으로 전투조종사의 활약을 살펴볼 수 있다 ⑤ 김영환 장군 명패는 초대 제10전투비행전대장 시기(19518~1110)에 조종사 일동이 제작한 것이다 김영환 장군은 비행전대장 재직 당시 무장공비가 잠입한 해인사 폭격명령을 거부해 문화유산을 지켜낸 공적으로도 알려져 있다 해당 유물들은 6·25전쟁 시 공군의 작전수행 상황을 알 수 있는 자료로서 희귀하며 역사·사료적 가치를 지닌다 소재지상세: 충청북도 청주시 상당구 남일면 쌍수리 335-1 공군박물관', 'score': 0.9362825950614218}, {'text_segment': '국가유산명_국문: 백두산함 돛대 국가유산명_한자: 白頭山艦 돛대 국가유산종목: 국가등록문화유산 시도명: 경남 시군구명: 창원시 시대: 1949년 이전 내용: 대한민국 최초의 전투함이었던 백두산함(PC-701)의 돛대(마스트)이다 해군 창설 이후 제대로 된 전투함 한 척 없던 상황에서 해군 장병과 가족의 성금으로 19491017 미국에서 구입 후 백두산함이라 명명하였다 이 구잠함(軀潛艦)이 625전쟁 발발 당일 대한해협을 초계하던 중 북한 무장선박을 발견하고 이튿날 격침한 ‘대한해협 해전’은 한국전쟁 기간 중 우리 해군이 단독으로 실시한 최초의 해상전투로 북한의 후방 교란술책을 사전에 봉쇄한 기념비적인 전투이다 동·서·남해의 최전방에서 해양수호의 임무를 수행하다 195971 퇴역한 이후 1966년에 해군사관학교 내 해사반도에 함정(艦艇)의 마스트(돛대)만을 보존·설치한 것으로 우리나라 해군의 상징적 유물로서 대한민국 해군 창군 정신과 해양수호 정신 계승의 상징성이 크다 소재지상세: 경남 창원시 진해구 안곡동 46번지 해군사관학교 박물관', 'score': 0.7939422378911443}, {'text_segment': '국가유산명_국문: 파주 영국군 설마리전투비 국가유산명_한자: 坡州 英國軍 雪馬里戰鬪碑 국가유산종목: 국가등록문화유산 시도명: 경기 시군구명: 파주시 시대: 1957년 내용: 이 비는 한국전쟁 당시 설마리전투에서 고지가 적군에게 완전히 포위된 상황에서도 끝까지 혈전을 벌이다가 전사한 영국군들의 넋을 기리고자 건립하였다 주변의 돌들을 채석하여 쌓아올리고 상하 각각 2개씩 모두 4개의 비(碑)를 부착하여 만들었다 위쪽에 있는 비 2개 가운데 왼쪽에는 유엔기를 새기고 오른쪽에는 희생된 영국군의 부대 표지를 새겼으며 아래쪽의 왼쪽 비에는 한글로 오른쪽 비에는 영문으로 당시 전투 상황을 기록하였다 유엔군의 참전 상황을 실증적으로 보여 주는 중요한 문화유산이다 소재지상세: 경기 파주시 적성면 마지리 1-16번지 외 1필지', 'score': 0.7927971863837948}, {'text_segment': '국가유산명_국문: 동학농민군 유광화 편지 국가유산명_한자: NaN 국가유산종목: 국가등록문화유산 시도명: 전북 시군구명: 정읍시 시대: 1894년 내용: ‘동학농민군 유광화 편지’는 동학농민군으로 활동한 유광화(劉光華 1858~1894)가 1894년 11월경 동생 광팔(光八)에게 보낸 한문 편지이다 유광화(劉光華)는 양반가의 자제로서 동학농민군의 지도부로 활동하며 군수물자를 조달하고 화순전투 등에 참여하였던 인물로 그의 편지는 나라를 침략한 왜군(일본군)과 싸우고 있으니 필요한 군자금을 급히 보내달라고 요청하는 내용을 담고 있다 해당 편지는 제국주의 일본에 맞서 전투에 참여한 동학농민군의 의지와 그들이 처한 상황을 보여주고 있으며 ‘동학농민혁명’이 농민뿐만 아니라 양반층도 참여한 범민족적 혁명이었다는 점을 밝혀주고 있어 중요한 사료적 가치를 지니고 있다 또한 해당 편지는 동학농민군의 일원이 전투과정에서 직접 작성한 매우 희소한 편지 원본이라는 점에서도 귀중한 가치를 지니고 있다 소재지상세: 전라북도 정읍시 동학로 742 (덕천면 동학농민혁명기념관)', 'score': 0.768085611686043}]",한국전쟁
해상 무역을 통해 신라의 국력을 높인 인물은 누구인가요?,"[{'text_segment': '국가유산명_국문: 완도 청해진 유적 국가유산명_한자: 莞島 淸海鎭 遺蹟 국가유산종목: 사적 시도명: 전남 시군구명: 완도군 시대: 신라시대 내용: 청해진은 신라 흥덕왕 3년(828) 장보고가 설치한 해군기지이자 무역기지로 전라남도 완도 앞바다의 작은섬인 장도에 있다 당시 이곳은 신라와 당 일본을 잇는 해상무역의 중요한 길목이었다 장보고(∼846)는 평민 출신으로 당나라에 건너가 장군이 되었으나 해적들이 신라사람들을 노예로 삼는 것에 분개하여 신라에 돌아와 왕의 허락을 받고 828년 청해진을 설치하였다 청해진은 국제무역의 중심지로 동아시아 무역을 독점하여 번영을 누리며 큰 세력으로 성장하였다 이후 장보고는 왕위계승과 관련된 권력다툼에 휘말려 자객 염장에 의해 846년 암살당하였고 문성왕 13년(851)에 청해진은 폐쇄되었다 장도는 섬 전체가 계단식 성의 흔적이 남아있다 앞바다를 제외한 주변바다는 수심이 얕아 방어용 목책을 박아 외부접근을 막도록 만들었다 성터 안에는 토기와 기와조각이 발견되고 있고 인근에 장보고가 지었다는 법화사터가 남아있다 청해진은 신라 후기 장보고가 서남해안의 해적을 소탕하고 중국의 산동지방과 일본을 연결한 해상 교역로의 본거지로서 중요한 역사적 유적이다 <br/><b>※(청해진유적 → 완도 청해진 유적)으로 명칭변경 되었습니다(20110728 고시) </b> 소재지상세: 전남 완도군 완도읍 장좌리 734번지', 'score': 0.7408721596002579}, {'text_segment': '국가유산명_국문: 강진 용혈암지 국가유산명_한자: 康津 龍穴庵址 국가유산종목: 시도기념물 시도명: 전남 시군구명: 강진군 시대: 고려시대 내용: - 강진 용혈암지는 백련결사를 주도한 천태종과 관련된 암자이며 만덕사의 8국사 가운데 제2세 정명국사 제4세 진정국사 제7세 진감국사가 주석한 유서 깊은 수행 공간임과 동시에 고려 불교의 성지로 역사성이 풍부함\r\n- 다산 정약용이 고려 진정국사를 사모하여 1808년부터 매년 봄 정례적으로 제자들을 이끌고 소풍을 다녔던 역사적 장소로도 유서 깊음 - 용혈암지에서 출토된 청자 불상(나한상 포함)은 전성기의 청자 유색이12~13세기경의 양식적 특징을 보이고 있어 백련사의 주요 승려들이 13세기 용혈암에 거주했던 시기와 일치하는 등 고려시대 최고의 도자기 산지인 강진이라는 지역적인 특성도 반영됨\r\n- 강진은 중국 송대의 강남지방에서 크게 유행하였던 나한 신앙과 관련된 새로운 도상의 유입이 가능했던 대중 해상 무역에 인접한 지리적 특징도 가지고 있음 - 용혈암은 동문선(東文選)과 호산록(湖山錄) 등 고려 당시 기록과 다산 정약용 윤정기 윤치영 등의 문집 등에 기록이 있어 역사적 의미가 큼 소재지상세: 전라남도 강진군', 'score': 0.5846259997447226}, {'text_segment': '국가유산명_국문: 당진 소난지도 의병총 국가유산명_한자: 唐津 小蘭芝島 義兵塚 국가유산종목: 국가등록문화유산 시도명: 충남 시군구명: 당진시 시대: NaN 내용: ｢당진 소난지도 의병총｣은 을사늑약(1905년) 이후 충청남도 해안지역에서 의병들이 연합하여 소난지도에서 전개된 항일 의병전쟁의 처절한 역사적 사실을 확인할 수 있는 장소로서 전국에서 유일하게 해상 도서를 근거지로 항일투쟁을 벌인 곳이다 일제가 우리나라를 강점하기 위해 항일세력을 도서지방까지 철저하게 탄압한 실상을 잘 보여주고 있으며 독립운동사의 참된 가치와 애국혼을 선양할 수 있는 중요한 유적지이다 소재지상세: 충청남도 당진시 석문면 난지도리 373-2', 'score': 0.5670770468320193}, {'text_segment': '국가유산명_국문: 나주 영산포 자기수위표 국가유산명_한자: 羅州 榮山浦 自記水位標 국가유산종목: 국가등록문화유산 시도명: 전남 시군구명: 나주시 시대: 1915 내용: 1915년 건립\r\n이 등대는 해상 교역에서 중요한 역할을 했던 영산포 선창에 건립된 산업 시설물이다 내륙 하천가에 있는 등대로 등대 기능뿐만 아니라 해마다 범람하던 영산강의 수위 관측 기능도 하고 있었다 콘크리트 구조물로서 몸통에는 거푸집의 흔적이 남아 있으며 등대로서는 이른 시기에 만들어져 현재까지 원형을 그대로 보존하고 있다 소재지상세: 전라남도 나주시 영산동 659-3', 'score': 0.5506353791431384}, {'text_segment': '국가유산명_국문: 제주 송악산 해안 일제 동굴진지 국가유산명_한자: 濟州 松岳山 海岸 日帝 洞窟陣地 국가유산종목: 국가등록문화유산 시도명: 제주 시군구명: 서귀포시 시대: 1945년경 내용: 1945년 무렵 건립\r\n이 시설물은 일제강점기 말 패전에 직면한 일본군이 해상으로 들어오는 연합군 함대를 향해 소형 선박을 이용한 자살 폭파 공격을 하기 위해 구축한 군사 시설이다 그 형태는 ‘一’자형 ‘H’자형 ‘ㄷ’자형 등으로 되어 있으며 제주도의 남동쪽에 있는 송악산 해안 절벽을 따라 17기가 만들어졌다 제주도 주민을 강제 동원하여 해안 절벽을 뚫어 만든 이 시설물은 일제 침략의 현장을 생생하게 증언함과 더불어 전쟁의 참혹함과 죽음이 강요되는 전쟁을 사실적으로 보여주고 있다 소재지상세: 제주 서귀포시 대정읍 상모리 194-2번지 및 지선 공유수면', 'score': 0.5405005400439995}]",장보고
중국과의 활발한 교류를 통해 발전을 이끈 백제의 왕은 누구인가요?,"[{'text_segment': '국가유산명_국문: 장수 삼고리 고분군 국가유산명_한자: 長水 三顧里 古墳群 국가유산종목: 시도기념물 시도명: 전북 시군구명: 장수군 시대: 삼국 5~6세기 내용: 삼고리 고분군은 금남호남정맥의 산줄기에서 남동쪽으로 뻗은 지류의 말단부에 위치하며 봉토분 20여 기가 분포하고 있다 4차례의 발굴조사를 통해 5∼6세기에 축조된 수혈식석곽묘 45기 토광묘 26기 옹관묘 1기 등이 조사되었다 가야 백제 마한 신라 등의 토기류 철제무기류 마구류 토제품 등 500여 점의 유물이 출토되었다 - 삼고리 고분군은 장수군 일원에서 발전한 가야세력이 백제 신라 마한 등과의 교류 양상 및 장수지역의 가야세력의 위상을 파악할 수 있는 중요한 자료이다 소재지상세: 전북특별자치도 장수군', 'score': 0.8140238591766638}, {'text_segment': '국가유산명_국문: 장성 가산사 소장 익재 영정 국가유산명_한자: 長城 佳山祠 所藏 益齋 影幀 국가유산종목: 문화유산자료 시도명: 전남 시군구명: 장성군 시대: 조선 내용: 고려 후기의 문신인 익재 이제현(1287∼1367) 선생의 초상화이다 선생은 원나라의 만권당에서 조맹부 등과의 교류를 통해 고려에 신학문과 사상 등을 소개하고 성리학의 전파와 발전에도 중요한 역할을 했다 조맹부 글씨를 도입했으며『국사』『역옹패설』등을 저술하였다 선생의 초상화는 모두 4점이 전하는데 그 중 1점으로 고려 충숙왕 6년(1319) 선생이 왕을 따라 중국에 갔을 때 진감여가 그렸던 원본(국립중앙박물관 소장)을 18세기 후반에 옮겨 그린 것이다 왼쪽을 바라보며 의자에 앉은 전신상으로 두 손은 소매 안에서 마주잡고 있다 의자 뒤로 책과 향로 가야금이 놓여진 탁자를 배치해 놓았다 눈동자 ·수염 ·입술은 후대에 보수한 것으로 보인다 진본을 옮겨 그린 것이지만 얼굴의 표현 옷주름의 처리 의자나 사물 등의 표현이 원본과 거의 비슷하다 소재지상세: 전남 장성군 삼서면 홍정리 488-2번지', 'score': 0.8137912270132809}, {'text_segment': '국가유산명_국문: 능허대지 국가유산명_한자: 凌虛臺址 국가유산종목: 시도기념물 시도명: 인천 시군구명: 연수구 시대: NaN 내용: 능허대는 백제 근초고왕 27년(372)부터 웅진으로 도읍을 옮긴 문주왕 1년(475)까지 사신들이 중국 동진(東晋)을 왕래할 때 출항하던 곳이다 당시 백제의 정치 상황은 고구려 신라와 적대관계에 놓여 있었으며 중국도 남·북조(南·北朝)로 나뉘어 서로 대립하고 있었다 이러한 상황에서 중국 남조와 교류하고 있던 백제 사신들은 고구려를 거쳐가는 육로를 이용하지 못하고 이곳 능허대를 통해 산동반도의 등주와 내주에 이르는 뱃길을 이용하였다 지금은 간척사업으로 아파트와 유원지가 개발되어 도심 한가운데 자리잡고 있다 현재 이곳에는 작은 정자와 연못이 있으며 연못에는 인공폭포와 분수대가 있다 소재지상세: 인천 연수구 옥련2동 194-54번지', 'score': 0.812747712212776}, {'text_segment': '국가유산명_국문: 경주 내물왕릉 국가유산명_한자: 慶州 奈勿王陵 국가유산종목: 사적 시도명: 경북 시군구명: 경주시 시대: 신라 내물왕 내용: 신라 17대 내물왕(재위 356∼402)의 무덤이다 내물왕은 김씨 왕으로는 두 번째로 왕위에 올랐으며 이후 김씨 성에 의한 독점적 왕위계승을 이루었다 마립간이란 왕 명칭을 처음 사용하였고 중국 전진(前秦)과의 외교관계를 통해 선진문물을 수입하였다 백제와 왜의 연합세력이 침입하자 고구려 광개토대왕에 도움을 요청하여 위기를 모면하였으며 국력이 비약적으로 발전한 시기이다 높이 53m 지름 22m의 둥글게 흙을 쌓은 원형 봉토무덤이다 밑둘레에는 자연석을 이용하여 둘레석을 돌렸다 무덤 주변을 사각형으로 둘러싸고 있는 담장터 흔적이 있어 일찍부터 특별히 보호된 것으로 보인다 당시 신라무덤의 내부형태는 거대한 규모의 돌무지덧널무덤이나 이 무덤은 규모가 작고 둘레석이 있는 것으로 보아 굴식돌방무덤으로 추정된다 내물왕릉을 황남대총(98호분)으로 보는 견해도 있다 <br/><b>※(신라내물왕릉 → 경주 내물왕릉)으로 명칭변경 되었습니다(20110728 고시) </b> 소재지상세: 경북 경주시 교동 14번지', 'score': 0.7085182070153169}, {'text_segment': '국가유산명_국문: 고성 동외동 패총 국가유산명_한자: 固城東外洞貝塚 국가유산종목: 시도기념물 시도명: 경남 시군구명: 고성군 시대: 삼한 삼국시대 내용: 패총(貝塚)은 수렵 어로 채집에 의지하여 살아온 옛 사람들이 조개 등의 패류(貝類)를 먹고 버린 껍데기와 생활 쓰레기 등이 함께 쌓여 이루어진 유적이다 ‘조개더미’라고도 부른다 고성읍 동외리 당산 안에 있는 이 패총은 고성만의 해안선을 중심으로 형성되어 있다 선사시대에서 역사시대로 바뀌는 기원 전후 무렵에 이 일대에 살던 사람들이 조개껍데기 등을 버리면서 이루어진 것으로 추정한다 이 동외동 조개더미에 대한 조사는 1969년과 1970년 두 차례에 걸쳐 동외동 245번지 일대에서 이루어졌다 조사 결과 여러 종류의 토기와 동물 뼈로 만든 도구 등이 발견되었다 또 1974년에는 천도교 고성교회당을 새로 지으면서 그 부지를 정비하던 중 유적이 발견되어 정밀조사를 벌인 결과 또 다른 조개더미가 발견되었다 이것이 곧 제3차 동외동 패총 발굴이다 이때도 역시 여러 종류의 토기와 토기 조각 및 동물 뼈로 만든 화살촉 중국 한(漢)나라의 거울 조각 철기류 불에 탄 쌀 사람의 뼈 등이 발견되었다 특히 한나라의 거울 조각은 중국 한나라와 한반도 남부 지방과의 문화 교류를 전해주는 중요한 유물로 평가된다 또한 1995년의 조사에서는 정상부에는 당시 사람이 살았던 주거지 및 제사유구가 발견되었고 그중 구릉정상 중앙의 평탄면의 제사유구에서 4세기대의 유물인 새무늬청동기가 발견되었다 유구 및 유물의 발견상황을 종합적으로 보면 동외동패총은 신석기시대부터 가야시대초기까지 고성지역에서 살았던 사람들의 생업전반적인 모습을 확인해 볼 수 있다 발견된 유물 당시의 해안선이 패총의 동쪽인근까지 위치했던 점 등을 통하여 고성 동외동패총은 신석기부터  문화의 발전을 규명할 뿐 아니라 중국과의 교류를 이해하는 데에 중요한 자료가 되는 곳이다 소재지상세: 경상남도 고성군', 'score': 0.7027946338010487}]",무령왕
임진왜란 중 명량대첩에서 일본군을 물리친 장군은 누구인가요?,"[{'text_segment': '국가유산명_국문: 진도정유재란순절묘역 국가유산명_한자: 珍島丁酉再亂殉節墓域 국가유산종목: 문화유산자료 시도명: 전남 시군구명: 진도군 시대: 조선시대 내용: 이 묘역은 정유재란 때 나라를 위해 목숨을 바친 진도군내 사족인 조응량(曺應亮·선무원종공신)을 비롯한 전사자들의 무덤들로 모두 232기이다 진도는 임진왜란 때 이미 적의 침입을 받아 많은 희생자를 내었지만 정유재란 때는 진도에서 가까운 울두목(명량)을 중심으로 가장 큰 수군전이 전개되어 가장 많은 희생자가 생겼다 1597년 9월 15일 진도 벽파진에 도착한 이순신 장군은 16일 명량대첩에서 대승을 거두었으나 곧바로 신안 당사도로 후퇴해 버려 우수영과 진도는 왜군의 침략을 받았다 당시 진도관군은 군수인 송덕일(宋德馹)이 이끌었다 명량대첩때 전사한 진도사람 중 관군으로 이름이 나오는 인물은 조응량 등 8명이다 고군면 도평리 묘역일원에는 정유재란때 전사한 진도군내 사족인 조응량 그의 아들 명신(命新·선무원종공신) 박헌(朴軒·병조참판증직) 김성진(金聲振·선무원종공신 남원전투순직) 김홍립(金弘立) 등이 묻혀있다 이 묘지 지대는 벽파진이나 명량진에서 15리 거리이며 처음 진도군이 생길 때인 1440년대는 창녕조씨와 김해김씨들에게 나누어준 땅이었다고 한다 정유재란 후에는 조씨와 김씨의 두 문중의 땅으로 분리되었는데 이후 일부 무연고자들이 묻힌 일도 있으나 200여기 정도는 정유재란 때 순절한 사람들의 무덤으로 전해온다 명량대첩 때 사족들의 순절이 문중족보나 「호남절의록」 등에 기록되어 있다 이에 반해서 이름 없이 종군했던 현지 향민들의 공헌은 거의 소홀히 되어 오고 있다 이 묘역에 묻힌 많은 봉분 가운데 창녕조씨나 김해김씨 등 진도내 토반씨족 인물들 16기 이외에는 주인없는 무덤들이다 이 묘역은 이름이 밝혀진 무덤의 주인공들이나 모든 묘들이 북향을 하고 싸움터인 울두목을 향하고 있다는 점등으로 보아 임진왜란·정유재란의 희생자 묘역임이 분명하여 가치가 있다 소재지상세: 전남 진도군 고군면 도평리 산117-3번지 외', 'score': 0.853368288963557}, {'text_segment': '국가유산명_국문: 금산 이치대첩지 국가유산명_한자: 錦山 梨峙大捷址 국가유산종목: 시도기념물 시도명: 충남 시군구명: 금산군 시대: NaN 내용: 이치는 대둔산 중허리를 넘어 전북 완주군으로 통하는 교통의 요지이며 전략상 중요한 곳이다 1592년 임진왜란 당시 경상도와 충청도를 휩쓸고 승승장구 하던 2만여 병력의 일본군이 호남으로 나아가 군량미를 얻고자 이곳을 넘으려 하였다 이 때 먼저 길목을 지키고 있던 권율장군이 동복현감 황진과 1500여명의 군사를 이끌고 결사적으로 싸워 일본군을 격퇴하였다 이로써 전주성과 호남평야를 지킬 수 있었다 임진왜란의 첫 승리를 장식한 이 싸움을 이치대첩 또는 이치싸움이라고 하며 여기에 힘입어 이후 권율장군은 행주대첩과 웅치싸움을 승리로 이끌 수 있었다 소재지상세: 충청남도 금산군 진산면 묵산리 산 79-34', 'score': 0.813537083883692}, {'text_segment': '국가유산명_국문: 권율장군이치대첩비 국가유산명_한자: 權慄奬軍梨峙大捷碑 국가유산종목: 문화유산자료 시도명: 충남 시군구명: 금산군 시대: NaN 내용: 임진왜란 때 권율 장군이 승리로 이끈 이치대첩을 기념하고 있는 비이다 이치는 대둔산 중허리를 넘어 전북 완주로 통하는 교통의 요지이며 전략상 중요한 곳으로 임진왜란 당시 경상도와 충청도 일대를 휩쓸고 승승장구하던 2만여 병력의 왜적이 호남으로 나아가 군량미를 얻고자 이곳을 넘으려 하였다 이 때 먼저 길목을 지키고 있던 권율 장군이 1500여 군사를 이끌고 결사전을 벌인 끝에 적을 섬멸하여 그들의 호남진출을 막아 내었다 이 대첩은 행주대첩 진주대첩보다 앞서는 임진왜란 최초의 육지에서 승리한 싸움이다 고종 3년(1866) 금성면 상가리에 이치대첩비(梨峙大捷碑)와 대첩사(大捷祠)를 함께 세워 그 뜻을 기렸는데 1944년 6월 일제에 의해 폭파되었다 현재의 비석은 1964년에 진산면 묵산리에서 이치를 바라볼 수 있는 산 중턱에 다시 세운 것으로 연재(淵齋) 송병선(宋秉璿)이 짓고 송성용이 쓴 비문을 다시 새긴 것이다 소재지상세: 충청남도 금산군 진산면 묵산리 산 79-34', 'score': 0.7751175117775225}, {'text_segment': '국가유산명_국문: 김좌진장군묘 국가유산명_한자: 金佐鎭將軍墓 국가유산종목: 시도기념물 시도명: 충남 시군구명: 보령시 시대: 근대 내용: ◦ 김좌진(1889~1930)은 충청남도 홍성군 갈산면 행산리 출신이며 호는 백야로 1920년 10월 일본군 대부대가 독립군 토벌을 목적으로 만주로 출병하자 소속 독립군인 북로군정서군을 백두산으로 이동시키던 중 청산리에서 일본군과 만나 전투를 전개하여 일본군 3천여 명을 살상하는 커다란 승리를 올렸음\r\n ◦ 이 청산리 대첩은 우리나라 무장 독립운동사에서 가장 빛나는 업적임\r\n ◦ 1930년 1월 24일 공산주의자의 총에 맞아 사망하였는데 만주에서 교포들의 사회장이 치러졌고 만주에 안장되었다가 부인 오숙근 여사가 1934년에 홍성군 서북면 이호리에 이장하였다 1957년 현 위치로 다시 이장하였음\r\n ◦ 보령시에서는 묘역 성역화 사업을 추진하고 장군의 업적과 독립정신을 계승하고자 청산리 대첩일인 매년 10월 22일에 묘소에서 각계 인사들이 모여 추모제향을 올리고 장군의 독립정신을 되새기고 있으며 1962년 대한민국건국훈장이 추서되었음 소재지상세: 충청남도 보령시 원안송동길 264-1 (청소면)', 'score': 0.7730361568247877}, {'text_segment': '국가유산명_국문: 통영 한산도 이충무공 유적 국가유산명_한자: 統營 閑山島 李忠武公 遺蹟 국가유산종목: 사적 시도명: 경남 시군구명: 통영시 시대: 조선시대 내용: 임진왜란 때 충무공 이순신(1545∼1598) 장군이 왜군을 크게 무찌른 한산대첩을 기념하기 위하여 만들어진 역사적인 장소이다 충무공은 무과에 급제하여 전라좌도 수군절도사를 지내던 때 왜적의 침입이 있을 것에 대비하여 여수를 중심으로 배를 만들고 군비를 늘리는 등 일본의 침략에 대처하였다 선조 25년(1592)에 임진왜란이 터지자 옥포대첩 거북선이 최초로 모습을 드러낸 노량해전 당항포해전 한산대첩 등 곳곳에서 전승을 거두었고 정유재란 때에는 명량대첩 등에서 승리를 거두었다 그가 죽은 후 1604년 선무공신 1등에 올랐고 영의정에 추증되었으며 ‘충무(忠武)’라는 시호가 내려졌다 한산대첩은 매우 불리하였던 전쟁의 상황을 완전히 바꾸어 놓은 대표적인 해전으로 육지에서의 행주성대첩·진주성대첩과 함께 임진왜란 3대첩의 하나로 꼽히는 유명한 싸움이었다 선조 25년(1592) 이곳에 제승당(制勝堂)을 짓고 26년(1593)부터 30년(1597)까지 해군의 중심 진영으로 삼아 해상세력을 장악하고 나라의 어려움을 이겨나갔다 그러나 선조 30년(1597)에 제승당을 포함한 이곳 군영이 모두 불에 타서 폐허가 되었다 그 후 영조 15년(1739)에 제승당과 함께 ‘제승당유허비’를 세운 후 여러 차례 공사가 이루어졌고 일제시대 때 지방 유지들에 의해 다시 세워지게 되었다 원래 제승당은 임진왜란 중 충무공이 부하들과 함께 작전계획을 세우고 일을 보던 ‘운주당’이란 건물 자리에 영조 때 집을 짓고 ‘제승당’이라는 이름을 붙인 것이다 경내에는 제승당을 비롯하여 충무공의 영정을 모신 ‘충무사’와 ‘한산정’ ‘수루’ 등이 있으며 산봉우리에는 한산대첩비와 함께 거북등대가 있다 <br/><b>※(한산도이충무공유적 → 통영 한산도 이충무공 유적)으로 명칭변경 되었습니다(20110728 고시) </b> 소재지상세: 경남 통영시 한산면 한산일주로 70 (두억리)', 'score': 0.7728563444605807}]",이순신
신라의 화백회의는 어떤 사람들로 이루어진 회의였나요?,"[{'text_segment': '국가유산명_국문: 경주표암 국가유산명_한자: 慶州瓢巖 국가유산종목: 시도기념물 시도명: 경북 시군구명: 경주시 시대: NaN 내용: 표암이란 ‘박바위’ ‘밝은바위’를 뜻하는데 신라 6촌 가운데 알천 양산촌의 시조 이알평이 이 바위에 내려와 세상을 밝게 하였다하여 표암이라고 부르게 되었다고 한다 B·C 69년 6촌장이 여기에 모여 화백회의를 열고 신라 건국을 의결했으며 그후 B·C 57년 신라가 건국되었다 이와같이 표암은 경주이씨 혈맥의 근원지인 동시에 신라 건국의 산실이고 화백이라는 민주 정치제도의 발상지인 성스러운 곳이다 이러한 뜻을 새긴 유허비가 조선 순조 6년(1806)에 세웠고 1925년에 표암재가 건립된 뒤 매년 3월에 그 뜻을 기리며 제사를 지내고 있다 소재지상세: 경북 경주시 동천동 507-7번지 49필', 'score': 0.778884619474411}, {'text_segment': '국가유산명_국문: 서울 이준 묘소 국가유산명_한자: 서울 李儁 墓所 국가유산종목: 국가등록문화유산 시도명: 서울 시군구명: 강북구 시대: 대한제국의 네덜란드 헤이그에서 개최되는 만국평화회의에 특사 파견 내용: 이준 열사는 대한제국의 법관양성소 출신으로 고종의 명을 받아 이상설·이위종과 함께 네덜란드 헤이그에서 개최되는 만국평화회의에 특사로 파견되어 일본의 침략을 세계에 호소하려고 하였으나 뜻을 이루지 못하고 현지에서 순국한 인물로 이곳은 선생의 애국정신을 기릴 수 있는 역사적·교육적 가치가 큰 곳이다 소재지상세: 서울특별시 강북구 수유동 127--2 127-15', 'score': 0.6605475111786492}, {'text_segment': '국가유산명_국문: 성덕왕릉귀부 국가유산명_한자: 聖德王陵龜趺 국가유산종목: 시도유형문화유산 시도명: 경북 시군구명: 경주시 시대: NaN 내용: 통일신라 성덕왕(재위 702∼737)의 능 앞에 세웠던 비석의 받침이다 성덕왕은 신문왕의 둘째 아들로 형인 효소왕이 아들이 없이 죽자 화백회의에서 그를 왕으로 추대하였다 비는 원래는 비몸과 그 위에 머릿돌이 있었던 것으로 보이나 모두 없어지고 지금은 이 받침돌만 남아 있다 받침의 거북은 목이 부러졌으며 앞·뒷발에는 발톱을 새겨 놓았다 등에는 6각형 무늬를 새겼으며 중앙에 비몸을 꽂았던 네모난 홈이 파여 있다 거북의 등에 새긴 무늬나 다른 덩굴무늬를 통해 8세기 전반의 작품으로 짐작된다 비록 비몸과 머릿돌이 없어졌으나 왕릉을 만들 때 이용된 거북받침돌의 제작양식을 보여주는 중요한 자료이다 소재지상세: 경북 경주시 조양동 666번지', 'score': 0.651171398610358}, {'text_segment': '국가유산명_국문: 대한민국임시정부 건국강령 초안 국가유산명_한자: NaN 국가유산종목: 국가등록문화유산 시도명: 경기 시군구명: 고양시 시대: NaN 내용: 독립운동가이자 정치가인 조소앙(본명 조용은 1887～1958)이 ‘삼균주의(三均主義)’에 입각하여\r\n독립운동과 건국의 방침 등을 정리한 국한문혼용의 친필문서이다 조소앙은 임정(臨政)의 대표\r\n적 이론가이자 사상가로 임시정부 수립에 중심적 역할을 수행하고 광복 직후까지 주요한 지도\r\n자로 활동하였다 조소앙이 기초한 건국강령은 1941년 11월 28일 임시정부 국무회의에서 약간\r\n의 수정을 거쳐 원안대로 통과되었으며 1948년 제헌헌법의 기본적 바탕이 되었다 이 문서는\r\n대한민국임시정부가 광복 후 어떠한 국가를 세우려했는지를 밝혀주는 중요한 자료로 그가 고\r\n심하여 수정한 흔적 등이 그대로 남아있어 더욱 가치가 높다 조소앙은 광복 후 국회의원 등으\r\n로 활약하다 625전쟁 중 납북되었으며 1989년 ‘건국훈장 대한민국장’이 추서되었다 소재지상세: 경기도 고양시', 'score': 0.6285409747432638}, {'text_segment': ""국가유산명_국문: 용인 장욱진 가옥 국가유산명_한자: 龍仁 張旭鎭 家屋 국가유산종목: 국가등록문화유산 시도명: 경기 시군구명: 용인시 시대: 한옥:1884년(1986년 개보수) 양옥:1989년 내용: 이 가옥은 우리나라 서양화가 1세대로 근현대 화단에 큰 발자취를 남긴 장욱진(1917~1990) 화백이 1986년부터 작고할 때까지 거주하면서 작품 활동을 한 곳이다 한옥은 안채와 사랑채 광으로 구성되어 경기도 전통적인 민가의 튼 ‘ㅁ' 모양이며 장욱진 화백이 직접 수리하여 작업실과 거주 공간으로 사용하였다 양옥은 1953년 작품 ‘자동차가 있는 풍경’에 그린 벽돌집을 바탕으로 장 화백이 직접 구상하여 지었다 소재지상세: 경기 용인시 기흥구 마북동 243-5번지  244-2 238"", 'score': 0.6190679997557816}]",귀족들
봉정사가 위치한 도시는 어디인가요?,"[{'text_segment': '국가유산명_국문: 대구 동인초등학교 강당 국가유산명_한자: NaN 국가유산종목: 국가등록문화유산 시도명: 대구 시군구명: 중구 시대: 일제강점기(학교 설립 인가) 내용: ○「대구 동인초등학교 강당」은 강당 건물로서의 필요한 층고 확보를 위해 채용한 만사드지붕 등의 \r\n     건축적 수법을 잘 보여주는 특징을 가지고 있고 대구 구 도심의 오래된 학교시설로서 근대기 도시\r\n     공간 구조와 함께 교육 및 지역사적 의미를 가지고 있음 ○ 동인초등학교는 대구광역시 구도심에서 상업지역에 위치하여 주변이 번화하고 복잡하지만 학교의 \r\n    특성상 넓은 부지를 형성하고 강당 등 건물 주변에 운동장 등 넓은 외부공간(Open Space)를 확보\r\n    하고 있고 또한 학교측에서는 학교 오랜 역사의 유일한 현존 흔적으로서 보존하고자 하므로 \r\n    국가유산 보존관리 여건 및 주변환경은 양호함\r\n\r\n○ 현재 대구 동인초등학교가 위치하고 있는 대구광역시 중구는 본래 대구읍성이 있었던 지역으로 \r\n    1906년 대구읍성이 철거된 이후 전통적 도시구조에서 근대적 도시구조로 점차 변화\r\n  - 대구 중구는 과거 읍성 지역을 중심으로 많은 근대 건축물이 건축되며 시가지가 점차\r\n    확장되었으며  현재도 대구의 원도심이자 구시가지 지역으로 다수의 근대건축물이 현존함 소재지상세: 대구광역시 중구 국채보상로 728 (동인동4가 동인초등학교)', 'score': 0.8470941475066969}, {'text_segment': '국가유산명_국문: 진해 근대역사문화공간 국가유산명_한자: NaN 국가유산종목: 국가등록문화유산 시도명: 경남 시군구명: 창원시 시대: NaN 내용: ｢진해 근대역사문화공간｣은 1905년 일본이 제국주의 열강과의 전쟁을 목적으로 주민들을 강제 이전시키고 계획 설계한 아픔을 가진 도시이다 19세기 중반 서구 도시경관의 개념이 도입된 군사도시로서 방사상 거리 여좌천 하수관거 등 도시의 뼈대를 이루는 기반시설이 당시 모습대로 남아 있어 면적 공간단위로서 등록할 역사적 가치가 있다 소재지상세: 경상남도 창원시', 'score': 0.8175461607248315}, {'text_segment': ""국가유산명_국문: 봉정사영산암 국가유산명_한자: 鳳停寺靈山庵 국가유산종목: 시도민속문화유산 시도명: 경북 시군구명: 안동시 시대: 19세기 말 추정 내용: 천등산 기슭에 있는 봉정사는 신문왕 2년(682) 의상대사가 지었다고 한다 부석사를 세운 의상대사가 부석사에서 종이로 봉황새를 만들어 날려 보냈는데 그 새가 내려앉은 자리에 절을 짓고 봉정사라 이름지었다는 전설이 전하여 온다 봉정사의 영산암은 지조암과 함께 봉정사의 부속암자로 응진전 영화실 송암당 삼성각 우화루·관심당 등 5동으로 이루어져 있고 건물의 구체적인 건립연대는 알 수 없으나 '봉정사영산암향로전창건기'와 봉정사영산전중수기'등의 사료로 볼 때 19세기 말로 추정된다 건축적으로는 크게 주목할만한 부분은 없으나 우화루와 송암당 등에서 폐쇄적인 공간을 개방적으로 처리한 것이나 삼성각 앞의 조경수법도 경직될 수 있는 공간을 부드럽게 유도한 것 등은 매우 뛰어난 공간처리 수법으로 볼 만 하다 소재지상세: 경북 안동시 서후면 태장리 902번지"", 'score': 0.7978431582450867}, {'text_segment': '국가유산명_국문: 통영 김상옥 생가 국가유산명_한자: NaN 국가유산종목: 국가등록문화유산 시도명: 경남 시군구명: 통영시 시대: 일제강점기 내용: 통영성 밖 조선시대의 옛길(현 항남동1번가길)에 위치한 건물로 일제강점기부터 해방 이후까지 이어져온 이 일대의 근현대 도시경관을 대표하는 건축물이라는 측면에서 의미가 있으며 통영 출신의 시조 시인 김상옥이 태어난 곳이라는 측면에서도 등록가치가 있는 것으로 판단된다 소재지상세: 경상남도 통영시 항남1번가길 13 (항남동 타임)', 'score': 0.7748542018645856}, {'text_segment': '국가유산명_국문: 장성 봉정사 석조여래입상 국가유산명_한자: 長城 鳳停寺 石造如來立像 국가유산종목: 문화유산자료 시도명: 전남 시군구명: 장성군 시대: 고려시대 내용: 전라남도 장성군 삼계면 신기리 봉정사에 있는 이 석불은 대좌(臺座)와 불신을 각기 다른 돌로 만들었다 일부에서 심한 파손을 보여주고 있으나 현 봉정사의 변천 과정을 말해주는 유일한 자료이다 만든 시기는 고려 중기로 여겨지며 인근에 있는 영광신천리3층석탑(보물 제504호)과 함께 당시의 조각사 연구에 참고자료가 된다 소재지상세: 전남 장성군 삼계면 신기리 산131번지', 'score': 0.7743750728272245}]",안동
충주 탑평리 칠층석탑은 어느 시기의 석탑인가요?,"[{'text_segment': '국가유산명_국문: 충주 창동리 오층석탑 국가유산명_한자: 忠州 創洞里 五層石塔 국가유산종목: 시도유형문화유산 시도명: 충북 시군구명: 충주시 시대: NaN 내용: 중원탑평리칠층석탑(국보)에서 남쪽으로 2㎞쯤 되는 지점에 자리한 5층 석탑으로 원래는 민가의 뒷뜰에 있던 것을 100여m 남쪽으로 옮겨 복원해 놓은 것이다 2층 기단(基壇) 위에 5층의 탑신(塔身)을 올린 모습이며 현재 맨 위의 머리장식이 없어진 채 그 받침돌만 남아 있다 위로 오를수록 조금씩 규모가 줄어드는 탑신의 각 몸돌에는 네 모서리마다 기둥모양의 조각을 두었다 지붕돌과 몸돌은 각기 다른 돌로 조성되어 있는데 5층에서만은 한 돌로 되어 있어 흥미롭다 지붕은 네 귀퉁이가 부드럽게 치켜올라갔고 위로 올라갈수록 밑면의 받침수가 줄어드는 특징을 보인다 이 탑에서 가장 눈에 띄는 것은 기단 위에 두툼한 괴임돌을 끼워 탑신의 1층 몸돌을 받치고 있는 것과 각 층 지붕돌 위에도 비슷한 괴임을 표현했다는 점이다 이로 인해 장식이 거의 없는 탑신에 작은 변화를 주고 있다 고려시대에 조성된 것으로 보이는 이 탑은 섬세한 조각은 볼 수 없지만 전체적으로 구성이 간략화되고 대범하여 고려인의 기상을 느끼기에 충분하다 소재지상세: 충청북도 충주시 청금로 112-6 (중앙탑면)', 'score': 0.745677145157106}, {'text_segment': '국가유산명_국문: 화순운주사수직문칠층석탑 국가유산명_한자: 和順雲住寺垂直紋七層石塔 국가유산종목: 문화유산자료 시도명: 전남 시군구명: 화순군 시대: NaN 내용: 운주사 동쪽 산중턱의 높직한 암반 위에 있는 석탑이다 지대석 등의 별다른 시설 없이 암반 위에 방형단을 만들어 기단부를 대신하고 탑신부를 얹었다 모서리 기둥사이의 면석에는 가늘게 층에 따라 7~11선의 종선문을 음각하였는데 각 층이 똑같은 형태이다 각 층의 옥개석 하면에는 받침을 생략하고 대신 마름모꼴을 음각하였다 현재 6층까지 탑신이 남아있지만 원래는 7층이었을 것으로 추정된다 전체 높이는 72m이며 제작시기는 고려시대이다 소재지상세: 전라남도 화순군 도암면 용강리 산 36', 'score': 0.622777629820148}, {'text_segment': '국가유산명_국문: 수덕사칠층석탑 국가유산명_한자: 修德寺七層石塔 국가유산종목: 문화유산자료 시도명: 충남 시군구명: 예산군 시대: NaN 내용: 이 탑은 1930년 당시 수덕사 주지이신 만공선사께서 대웅전 앞에 건립한 화강석재 7층석탑으로 기단면석 외부로 두드러지게 우주를 표현하고 있는데 면석에는 두께 10㎝ 정도의 사각 테두리가 돌려져 있다 기단 위에 탑신부의 옥신대신 4개의 정사면채 석채를 주춧돌처럼 놓아 1층의 옥계석을 받치고 있다 이 탑의 특징은 기단부는 없이 바로 탑신과 옥계석이 놓여 있으며 옥계석은 반전되어 있다 현재 7층석탑은 황하루 옆으로 옮겨져 관리되고 있다 소재지상세: 충남 예산군 덕산면 사천리 20번지', 'score': 0.61040747560798}, {'text_segment': '국가유산명_국문: 구 조선식산은행 충주지점 국가유산명_한자: 舊 朝鮮殖産銀行 忠州支店 국가유산종목: 국가등록문화유산 시도명: 충북 시군구명: 충주시 시대: 일제시대 내용: <개요>\r\n ㅇ 1906년 7월 내륙지방 관찰부소재지에 본점을 두는 지방은행으로 충주농공은행 설립\r\n ㅇ 충주농공은행은 탁지부령에 따라 1907년 6월 한성 공주 충주의 3개 농공은행이 통폐합하여\r\n     주식회사 한호농공은행 충주지점으로 재출발\r\n ㅇ 1908년 6월에 충청북도 관찰부가 충주에서 청주로 이전함에 따라 같은 해 9월에는 출장소로 격하\r\n ㅇ 병탄이후 일본인들의 이주증가와 함께 자금수요가 증가하면서 1912년 8월부터 영업소 신축에\r\n     착수하여 11월에 현 성내동 428번지(현 안경나라)에 완공\r\n ㅇ 1918년에 일제는 농공은행이 경영파탄에 직면하자 6개 농공은행을 합병하여 식민지 산업금융기관\r\n     으로 조선식산은행을 설립 한호농공은행 충주지점은 조선식산은행 충주지점으로 명칭 변경\r\n ㅇ 1933년 12월 현재의 조선식산은행 충주지점 신축 \r\n ㅇ 해방 후 조선상호은행 충주지점 한국상공은행 충주지점 한국흥업은행 충주지점 한일은행충주\r\n    지점 건물로 쓰이다가 민간에 불하되어 현재에 이름\r\n\r\n <양식 및 주요 특징>\r\n ㅇ 1930년대에 각 지역에 세워진 금융기관의 전형인 목골조 스터고 마감의 본관 건물과 사택에 해당\r\n     되는 별관 건물(일본식 목조주택)이 이어져 있는 배치형태를 하고 있으며 지붕은 만사르 지붕\r\n     으로 지역도시의 중심부에 위치하여 식민지배의 권위를 내세우는 모습을 하고 있다 아르데코\r\n     분위기의 장식과 수직으로 긴 창을 설치하여 1930년대에 도입되기 시작한 모더니즘의 일면을\r\n     보여주기도 한다 소재지상세: 충청북도 충주시 관아4길 14 (성내동)', 'score': 0.606140714596004}, {'text_segment': '국가유산명_국문: 충주 탑평리 칠층석탑 국가유산명_한자: 忠州 塔坪里 七層石塔 국가유산종목: 국보 시도명: 충북 시군구명: 충주시 시대: 통일신라시대 8세기 내용: 남한강의 아름다운 경관과 잘 어우러져 있는 통일신라시대의 석탑으로 당시에 세워진 석탑 중 가장 규모가 크며 우리나라의 중앙부에 위치한다고 해서 중앙탑(中央塔)이라고도 부르는 이 탑은 2단의 기단(基壇) 위에 7층의 탑신(塔身)을 올린 모습이다 높은 탑신을 받치기 위해 넓게 시작되는 기단은 각 면마다 여러 개의 기둥 모양을 새겨 놓았고 탑신부의 각 층 몸돌 역시 모서리마다 기둥 모양의 조각을 두었다 몸돌을 덮고 있는 지붕돌은 네 귀퉁이 끝이 경쾌하게 치켜올려 있어 자칫 무겁게 보일 수 있는 탑에 활기를 주고 있으며 밑면에는 5단씩의 받침을 새겨 놓았다 탑 정상의 머리장식은 보통 하나의 받침돌 위에 머리장식이 얹어지는 신라 석탑의 전형적인 양식에서 벗어나 이중으로 포개어진 똑같은 모양의 받침돌이 머리장식을 받쳐주고 있다 기단에서의 기둥조각 배치 탑신의 몸돌과 지붕돌의 짜임수법으로 보아 통일신라 후기인 8세기 후반에 세웠을 것으로 추측된다 1917년 탑을 보수할 때 6층 몸돌과 기단 밑에서 사리장치와 유물이 발견되었는데 특히 6층 몸돌에서 발견된 거울이 고려시대의 것으로 밝혀져 탑 조성 이후 고려시대에 와서 2차 봉안이 있었던 것으로 보인다 전체적으로 규모가 커서 웅장하기는 하나 너비에 비해 지나치게 높은 듯 하여 안정감은 덜하며 세부수법이 약화되고 있어 일제당시 보수하면서 일부 변형되었다는 논란이 있다 소재지상세: 충청북도 충주시 중앙탑면 탑평리 11', 'score': 0.582673117518425}]",고려 초기
독립기념관은 무엇을 전시하는 박물관인가요?,"[{'text_segment': '국가유산명_국문: 김좌진 장군 사회장 약력서 국가유산명_한자: NaN 국가유산종목: 국가등록문화유산 시도명: 충남 시군구명: 천안시 시대: NaN 내용: ‘김좌진 장군 사회장 약력서’는 1930년 1월 만주에서 순국한 독립운동가 김좌진 장군의 사회장(1930년 3월)에서 낭독된 약력서이다 김좌진(金佐鎭 18891124-1930124) 장군은 일제강점기 만주지역에서 무장독립군을 이끌며 ‘청산리대첩’을 승리로 이끌었던 한국독립운동사의 무장투쟁을 대표하는 인물이다 본 약력서는 그의 출생과 성장 사망 주요 활동과 사상 가족관계 등을 연도별로 상세히 기록하고 있어 김좌진 장군의 전 생애를 순차적으로 알 수 있는 역사적으로 중요한 자료이다 소재지상세: 충청남도 천안시 동남구 독립기념관로 1 (목천읍 독립기념관)', 'score': 0.9017927199915421}, {'text_segment': '국가유산명_국문: 조일관계사료집 국가유산명_한자: 朝日關係史料集 국가유산종목: 국가등록문화유산 시도명: 충남 시군구명: 천안시 시대: 1919년 내용: 대한민국임시정부가 편찬한 최초이자 유일한 역사서로 조선총독부 등에서 발간하는 일제의 선전물이 국제적으로 식민통치의 실상을 왜곡하는 것에 대응하고 국제연맹에 우리 민족의 독립을 요구하기 위해 만들어졌다 이 책은 한일관계사를 삼국시대부터 연대별로 다루어 일본의 침략성을 실증하고 경술국치 이후 식민탄압의 잔혹성과 31운동의 원인 및 전개과정 등을 포함하여 4책으로 구성되어 있다 당시 100질이 만들어졌으나 현재 국내에서 완질로 전하는 것은 독립기념관 소장본이 유일한 것으로 파악되고 있다 소재지상세: 충청남도 천안시 동남구 독립기념관로 1 (목천읍 독립기념관)', 'score': 0.8977071933071615}, {'text_segment': '국가유산명_국문: 장효근 일기 국가유산명_한자: 張孝根 日記 국가유산종목: 국가등록문화유산 시도명: 충남 시군구명: 천안시 시대: 1916~1945년 내용: 독립운동가이자 언론인인 장효근(1867~1946)이 1916년부터 1945년 광복을 맞이할 때까지 거의 하루도 빠뜨리지 않고 기록한 한문체의 일기이다 장효근은 제국신문(帝國新聞) 만세보(萬歲報) 등의 창간과 발행을 통해 애국계몽운동에 참여하였고 31운동이 추진되던 1919년 2월 27일 천도교에서 운영하던 인쇄소 보성사(普成社)에서 독립선언서 2만여 매를 인쇄하여 배포한 혐의로 5개월간 옥고를 치렀다 유족들에 의해 독립기념관에 기증된 그의 일기에는 일제강점기 사회상과 국내외 정세 독립운동에 대한 사실들이 기록되어 있어 역사적 가치가 높게 평가되고 있다 정부에서는 고인의 공훈을 기리기 위하여 1990년 대한민국 건국훈장 애족장을 추서하였다 소재지상세: 충청남도 천안시 동남구 독립기념관로 1 (목천읍 독립기념관)', 'score': 0.897189010831272}, {'text_segment': '국가유산명_국문: 김지섭 의사 편지 국가유산명_한자: NaN 국가유산종목: 국가등록문화유산 시도명: 충남 시군구명: 천안시 시대: NaN 내용: 「김지섭 의사 편지」는 의열단원 김지섭이 1924년 1월 5일 일본 도쿄 왕궁 입구의 이중교에 수류탄 3발을 던지고 투옥된 후 옥중에서 동생과 부인에게 보낸 편지 4건으로 강력한 의열 투쟁에 나섰던 항일 투사 김지섭의 진솔한 내면세계와 인간상을 이해하는 데 귀중한 자료이다 동생 김희섭에게 보낸 편지 3건에는 판결 언도일을 앞둔 상황에서의 의연한 태도 투옥된 동지의 안부 아들에 대한 애틋함 및 가족에 대한 염려가 담겨있다 아내인 권석희에게 보낸 유일한 한글 편지에는 김지섭이 수감된 일본까지 면회를 오려는 아내를 만류하는 절절한 안타까움이 담겨있다 한편 의열단은 1919년 조직된 항일 무장독립운동 단체로 김지섭을 비롯한 의열단원의 활동을 통하여 항일독립 사상을 고취시키는 데 큰 역할을 했다 소재지상세: 충청남도 천안시 동남구 독립기념관로 1 (목천읍 독립기념관)', 'score': 0.8965122463627861}, {'text_segment': '국가유산명_국문: 한국광복군 기관지 광복(光復) 국가유산명_한자: NaN 국가유산종목: 국가등록문화유산 시도명: 충남 시군구명: 천안시 시대: 1941년 ~ 1942년 내용: ‘한국광복군 기관지 광복(光復)’은 한국인과 중국인을 대상으로 한국광복군의 대일항전을 선전하여 항일 독립사상을 널리 전파하기 위해 1941년부터 1942년까지 한국광복군 총사령부 정훈처에서 발행한 기관지다 대한민국임시정부와 한국광복군의 독립운동 취지 및 활동 상황을 군사 외교 국제정치 경제 일본의 조선 식민 통치 및 대외팽창정책 등 다양한 측면에서 조명하고 있어 독립운동사에서 중요한 가치를 지닌다 또한 기관지 제목인 ‘光復(광복)’의 글씨를 한국광복군 총사령 이청천(또는 지청천)의 필체로 활용한 점도 역사적 의미를 더하는 자료이다 소재지상세: 충청남도 천안시 동남구 독립기념관로 1 (목천읍 독립기념관)', 'score': 0.8912431361599968}]",대한민국의 독립운동 역사와 관련된 자료
청산리 전투에서 일본군을 물리친 독립운동가는 누구인가요?,"[{'text_segment': '국가유산명_국문: 김좌진장군묘 국가유산명_한자: 金佐鎭將軍墓 국가유산종목: 시도기념물 시도명: 충남 시군구명: 보령시 시대: 근대 내용: ◦ 김좌진(1889~1930)은 충청남도 홍성군 갈산면 행산리 출신이며 호는 백야로 1920년 10월 일본군 대부대가 독립군 토벌을 목적으로 만주로 출병하자 소속 독립군인 북로군정서군을 백두산으로 이동시키던 중 청산리에서 일본군과 만나 전투를 전개하여 일본군 3천여 명을 살상하는 커다란 승리를 올렸음\r\n ◦ 이 청산리 대첩은 우리나라 무장 독립운동사에서 가장 빛나는 업적임\r\n ◦ 1930년 1월 24일 공산주의자의 총에 맞아 사망하였는데 만주에서 교포들의 사회장이 치러졌고 만주에 안장되었다가 부인 오숙근 여사가 1934년에 홍성군 서북면 이호리에 이장하였다 1957년 현 위치로 다시 이장하였음\r\n ◦ 보령시에서는 묘역 성역화 사업을 추진하고 장군의 업적과 독립정신을 계승하고자 청산리 대첩일인 매년 10월 22일에 묘소에서 각계 인사들이 모여 추모제향을 올리고 장군의 독립정신을 되새기고 있으며 1962년 대한민국건국훈장이 추서되었음 소재지상세: 충청남도 보령시 원안송동길 264-1 (청소면)', 'score': 0.8471100926399231}, {'text_segment': '국가유산명_국문: 김좌진장군생가지 국가유산명_한자: 金佐鎭將軍生家址 국가유산종목: 시도기념물 시도명: 충남 시군구명: 홍성군 시대: 구한말 내용: 백야 김좌진(1889∼1930) 장군이 살았던 곳이다 선생은 충청남도 홍성 출신으로 대한제국 후기의 독립운동가이다 1905년 을사보호조약이 체결된 후 청년학우회 등의 간부를 지냈고 1913년에 대한제국 광복단에 가입하여 자금을 모으다가 체포되어 3년간 복역한 후 1917년 만주로 망명하였는데 이후 13년간 평생을 항일전투에 몸바쳤다 1920년 10월 청산리전투에서 일본군을 섬멸하였는데 이것이 독립 전투상 승리의 금자탑을 세운 일로 기록되는 청산리전투이다 1929년 정신 이붕해 등과 함께 한족총연합회를 조직하여 주석에 취임하고 만주에 거주하는 동포의 교육과 민생에 주력했다 한편 중국의 항일 세력과 연합하여 대일 항전을 준비하던 중 1930년 공산당원의 흉탄에 순절하였다 1962년 대한민국 건국공로훈장을 받았으며 홍성역 앞에 그의 동상이 서 있다 가옥은 안채와 사랑채·광이 따로 있고 밖에는 마구간이 있다 안채는 앞면 8칸·옆면 3칸의 기와집으로 서쪽을 향하고 있다 왼쪽부터 2칸 부엌이 있고 아랫방과 윗방 각 한 칸씩 있으며 통칸의 대청이 있다 그 위에 방이 한 칸 있고 끝으로 툇마루가 있다 방 앞으로 툇마루가 있는데 맨 끝방 주위에는 툇마루를 한 칸 높여 누각처럼 만들었다 마당 한쪽에 우물이 있으며 밖에 있는 마구간은 화장실과 마구를 3칸 집에 만들었다 터만 남아 있던 곳에 1992년에 안채와 문간채 사랑채를 복원하였다 소재지상세: 충남 홍성군 갈산면 백야로546번길 12 외 (행산리)', 'score': 0.8422770637184757}, {'text_segment': '국가유산명_국문: 김좌진 장군 사회장 약력서 국가유산명_한자: NaN 국가유산종목: 국가등록문화유산 시도명: 충남 시군구명: 천안시 시대: NaN 내용: ‘김좌진 장군 사회장 약력서’는 1930년 1월 만주에서 순국한 독립운동가 김좌진 장군의 사회장(1930년 3월)에서 낭독된 약력서이다 김좌진(金佐鎭 18891124-1930124) 장군은 일제강점기 만주지역에서 무장독립군을 이끌며 ‘청산리대첩’을 승리로 이끌었던 한국독립운동사의 무장투쟁을 대표하는 인물이다 본 약력서는 그의 출생과 성장 사망 주요 활동과 사상 가족관계 등을 연도별로 상세히 기록하고 있어 김좌진 장군의 전 생애를 순차적으로 알 수 있는 역사적으로 중요한 자료이다 소재지상세: 충청남도 천안시 동남구 독립기념관로 1 (목천읍 독립기념관)', 'score': 0.8000776961007294}, {'text_segment': '국가유산명_국문: 김좌진장군비 국가유산명_한자: 金佐鎭將軍碑 국가유산종목: 문화유산자료 시도명: 충남 시군구명: 홍성군 시대: 1949 내용: 독립운동에 일생을 바친 김좌진 장군의 업적을 기념하기 위해 세운 비이다 김좌진(1889∼1930) 장군은 홍성에서 태어나 15세에 집안의 노비를 풀어주고 그들에게 농사지어 먹고 살만한 논밭을 골고루 나누어 주었다 1905년 서울로 올라와 육군무관학교에 들어갔으며 1907년 고향에 돌아와 호명학교를 세우고 90여칸의 자기집을 학교건물로 쓰게 했다 광복단에 들어가 항일투쟁을 하다 1918년 만주로 건너가 31 독립선언에 전주곡이 되는 무오독립선언서에 39명의 민족지도자의 한사람으로 서명하였다 그 후 북로군정서의 총사령관으로서 독립군 양성에 주력하였고 청산리에서 일본군을 대파하는 등 항일독립운동에 큰 공을 세웠다 1930년 공산주의자 박상실의 흉탄에 맞아 자택 근처에서 순국하였다 1949년 대한청년단 홍성군단의 성금으로 이 비를 세웠다 소재지상세: 충청남도 홍성군', 'score': 0.7331315150053893}, {'text_segment': '국가유산명_국문: 대한민국임시정부 이교재 위임장 및 상해격발 국가유산명_한자: NaN 국가유산종목: 국가등록문화유산 시도명: 경남 시군구명: 창원시 시대: 일제강점기 내용: - ‘대한민국임시정부 이교재 위임장 및 상해격발’은 독립운동가 이교재(李敎載 1887~1933)가 상해의 대한민국 임시정부를 방문하여 국내에 들여온 문건들이다 ‘이교재 위임장’은 이교재를 경상남북도 상주(常駐)대표로 임명하고 있으며 ‘상해격발’은 이중광을 국내 및 일본의 특파원으로 임명하고  있다 이 문건들은 독립운동가 간의 연락과 조직운영 및 군자금 확보의 내용 등을 담고 있어 1930년 전후 임시정부가 국내와 지속적인 연결을 통하여 조직과 자금을 확보하고자 한 구체적인 증거로서의 역할을 하고 있다 또한 임시정부에서 국내 및 일본 각지의 특파원을 운용하려던 상황과 특파원  밀파 절차를 추정해볼 수 있게끔 해줄 중요한 자료적 가치를 지닌다 소재지상세: 경상남도 창원시 마산합포구 문신길 105 (추산동 창원시립마산박물관)', 'score': 0.7077339018239506}]",김좌진 장군
고려의 태조 왕건이 통일한 세 나라는 무엇인가요?,"[{'text_segment': '국가유산명_국문: 율리사 국가유산명_한자: 栗里祠 국가유산종목: 문화유산자료 시도명: 충남 시군구명: 서천군 시대: NaN 내용: 고려시대의 장군 신숭겸을 중심으로 평산 신씨 7인의 위패를 모신 사당으로 원래는 문중사당으로 세덕사라 불리웠다 신숭겸(？∼927)은 몸집이 크고 무예가 뛰어났으며 왕건을 도와 고려를 건국하는데 큰 공을 세웠다 고려 태조 10년(927) 대구 공산전투에서 후백제 견훤에게 포위당해 태조 왕건이 위급해지자 대신 왕건의 옷을 입고 싸워 전사한 인물이기도 하다 처음에는 조선 철종 1년(1850)에 세덕사를 지어 모셨고 흥선대원군의 서원철폐령으로 철거되었다가 1918년에는 율리사로 바꿔 다시 지었다 율리사는 앞면 3칸·옆면 1칸 건물이며 지붕은 옆면에서 볼 때 사람 인(人)자 모양을 한 맞배지붕이다 안에는 신숭겸 등 7인의 위패와 신숭겸 영정을 모시고 있다 그 외에 내삼문 강당 율리세덕사유허비 등이 남아 있다 소재지상세: 충남 서천군 비인면 율리 193번지', 'score': 0.8334082663059235}, {'text_segment': '국가유산명_국문: 안동 장태사공 성곡재사 국가유산명_한자: 安東 張太師公 城谷齋舍 국가유산종목: 시도기념물 시도명: 경북 시군구명: 안동시 시대: 1804년 내용: 성곡재사는 고려 태조 왕건을 도와 후 삼국 통일에 지대한 공을 세운 삼태사의 한사람인 안동 장씨(安東張氏) 장길(張吉)의 제단을 수호하고 제사를 준비하기 위한 집이다 1806년에 건립하고 1853년에 중건하였으며 1966년에 누문인 영휘루(永輝樓)를 건축하였다 소재지상세: 서후면 성곡리 551', 'score': 0.7661790948834518}, {'text_segment': '국가유산명_국문: 삼중대광사도광리군 목상 국가유산명_한자: 三重大匡司徒廣理君 木像 국가유산종목: 문화유산자료 시도명: 경남 시군구명: 밀양시 시대: NaN 내용: 고려 태조 왕건을 도와 후백제를 평정하는데 공을 세운 밀양손씨의 입향조이자 중시조인 손긍훈(孫兢薰)의 목상이다 손긍훈은 고려 건국공신으로 태조 왕건을 도와 후백제 견훤의 아들인 신검을 황산전투에서 사조잡은 공로로 좌명공신에 선정되고 광리군에 봉해졌으며 그가 죽은 후에 삼중대광사도에 추증되었다 1894년 갑오경정 이후 관향이 폐지되자 후손들이 춘복재의 현충사로 이봉하여 모셨으며 현재는 밀양시립박물관에 보관 중이다 목상은 붉은 관복을 입고 오른손에 긴 칼을 들고서 의자에 앉은 무인의 모습을 나무로 깎아 만들었는데 매서운 눈과 큰 키로 보아 힘찬 호령을 하는 듯한 표정을 하고 있다 이 상(像)은 원래 소상(塑像)이었다고 하나 목상으로 바뀐 시기는 구체적으로 알 수 없다 소재지상세: 경상남도 밀양시 밀양대공원로 100 (교동 밀양시립박물관독립운동기념관)', 'score': 0.7630412548676229}, {'text_segment': '국가유산명_국문: 나주완사천 국가유산명_한자: 羅州浣紗泉 국가유산종목: 시도기념물 시도명: 전남 시군구명: 나주시 시대: NaN 내용: 나주시청 앞쪽의 300여m 국도변에 있는 샘물이다 고려 태조 왕건과 장화왕후 오씨부인이 인연을 맺은 장소로 이 샘을 빨래샘 즉 ‘완사천(浣紗泉)’이라 부르고 있다 전하는 말에 의하면 왕건이 고려를 건국하기 전 나주에 10년간 머무르게 되었는데 어느날 진 위쪽 산 아래에 다섯가지 색의 상서로운 구름이 있어 가보니 샘에서 아리따운 여인이 빨래를 하고 있었다 왕건이 물 한그릇을 청하자 여인이 버들잎을 띄워 주었는데 급히 물을 마시지 않게 하기 위함이었다 한다 왕건은 여인의 총명함과 미모에 끌려 그녀를 아내로 맞이하였는데 그 분이 장화왕후 오씨부인이고 그 분의 몸에서 태어난 아들 무(武)가 제 2대 왕 혜종이 되었다 1986년에 새로 정비하였고 그 뒤 현재의 모습으로 남아있다 소재지상세: 전남 나주시 송월동 1096-7번지', 'score': 0.7614106836823851}, {'text_segment': '국가유산명_국문: 밀양 경덕단 국가유산명_한자: 密陽 景德壇 국가유산종목: 문화유산자료 시도명: 경남 시군구명: 밀양시 시대: NaN 내용: 경덕단은 신라 제55대 왕이었던 경명왕의 팔대군중 장자로서 왕통을 불사하고 밀성군에 책봉된 밀성대군 박언침과 신라말 태조 왕건을 도와 고려를 건국하는데 크게 공훈을 세운 삼중대광삼한벽공도대장군 박욱 그리고 고려 개국공신 요동독포사 박란 등 삼세의 묘소가 세대가 요원하여 무전함으로 후손 시독 박해철이 1927년에 후손들의 종의를 모아 건립한 단비이다 소재지상세: 경남 밀양시 무안면 무안리 854번지', 'score': 0.7210973357814612}]",후삼국
백제를 멸망하게 한 마지막 왕은 누구인가요?,"[{'text_segment': '국가유산명_국문: 김유신장군유허지 국가유산명_한자: 金庾信將軍遺墟址 국가유산종목: 시도기념물 시도명: 충북 시군구명: 진천군 시대: NaN 내용: 신라가 삼국통일을 이루는데 중심적인 역할을 한 김유신(595∼673) 장군이 태어난 곳이다 김유신은 금관가야의 마지막 왕인 구해왕의 증손으로 아버지 서현과 어머니 만명부인 사이에서 태어났다 신라 무열왕 7년(660) 상대등이 되어 신라군을 이끌고 당나라 군대와 함께 계백 장군이 거느린 백제군을 황산벌에서 무찔러 백제를 멸망시켰다 문무왕 8년(668) 나·당연합군이 고구려를 공략할 때도 신라군의 총사령관이 되어 고구려를 멸망시켰고 이어서 삼국의 영토에 야심을 드러낸 당나라 군대도 물리침으로써 삼국통일의 위업을 달성하였다 이곳에는 앞면 3칸·옆면 2칸의 재실 유허비와 최남선이 쓴 비문이 있다 뒤로는 장군의 탯줄을 묻은 태령산이 있고 주위에는 여보정 치마대들이 있다 해제사유: 사적 제414호 김유신탄생지및태실 로 승격지정됨에 따라 해제됨 소재지상세: 충북 진천군 진천읍 김유신길 170-4 (상계리)', 'score': 0.8247314989566803}, {'text_segment': '국가유산명_국문: 운주산성 국가유산명_한자: 雲住山城 국가유산종목: 시도기념물 시도명: 세종 시군구명:   시대: NaN 내용: 운주산성은 북으로 천안 청주는 물론 아산만을 한눈에 내려달 볼 수 있는 중요한 군사적 거점지역에 축조하였다 축조시기는 백제시대로 660년 백제가 멸망하고 풍왕과 복신 도침장군을 선두로 일어났던 백제부흥운동군의 최후의 구국 항쟁지로 알려져 있다 「신증동국여지승람」전의현 고적조에 간단한 설명이 나와 있는데 이 기록에 의하면 조선초기에는 이미 폐성되어 있었다는 기록이 남아 있다 운주산성은 내성과 외곽성이 함께 갖추어져 있으며 성내에서 백제시대 기와편이 출토되고 있다 소재지상세: 세종특별자치시 전동면 청송리 산90번지 외 4필지', 'score': 0.7471400473851226}, {'text_segment': '국가유산명_국문: 인용사지 국가유산명_한자: 仁容寺址 국가유산종목: 문화유산자료 시도명: 경북 시군구명: 경주시 시대: NaN 내용: 반월성을 배경으로 남산을 바라보는 곳에 있는 절터이다 인용사는 신라의 장군이며 외교가였던 김인문이 중국 당나라 감옥에 갖혀 있을 때 그의 안녕을 빌기 위해 신라 사람들이 세운 절이라고 한다 김인문은 신라 제29대 태종무열왕의 둘째 아들로 당나라에서 22년간 생활하면서 많은 벼슬을 했다 무열왕 7년(660)에는 당나라 장수 소정방과 함께 백제를 멸망시켰고 문무왕 8년(668)에는 고구려를 통합하여 신라가 삼국을 통일하는데 크게 공헌하였다 현재 절터에 남아있는 석물들로 당시에 쌍탑식 가람배치였음을 짐작할 수 있는데 이는 통일신라시대의 전형적인 모습이라 할 수 있다 또한 신라시대에 승려나 왕이 아닌 개인을 위해 일반인들이 세운 절로서는 처음이라는데 그 의의가 크다 소재지상세: 경북 경주시 인왕동 344-6번지 외', 'score': 0.7064513308813709}, {'text_segment': '국가유산명_국문: 삼충사 국가유산명_한자: 三忠祠 국가유산종목: 문화유산자료 시도명: 충남 시군구명: 부여군 시대: NaN 내용: 백제의 충신이었던 성충·흥수·계백을 기리기 위해 지은 사당이다 성충은 백제 의자왕(재위 641∼660) 때 충신으로 좌평으로 있으면서 잘못된 정치를 바로잡기 위해 애쓰다 옥중에서 단식을 하다 죽었다 흥수는 백제 의자왕 20년(660) 나당연합군이 공격해 오자 탄현을 지키다 대신들의 반대로 지키지 못하고 결국은 멸망하였다 계백은 나당연합군이 공격해 오자 결사대 5000여명을 뽑아 지금의 연산인 황산에서 싸우다 전사하였다 1957년 지은 이 사당은 1981년 다시 지어 현재의 모습을 하고 있으며 해마다 10월 백제문화제 때 삼충제를 지내고 있다 소재지상세: 충남 부여군 부여읍 쌍북리 40-1번지', 'score': 0.692422270502882}, {'text_segment': '국가유산명_국문: 두릉산성(두릉이성) 국가유산명_한자: 豆陵山城(豆陵伊城) 국가유산종목: 문화유산자료 시도명: 충남 시군구명: 청양군 시대: NaN 내용: 청양군 정선면 계봉산에 있는 이 산성은 두릉윤성 또는 계봉산성이라고 한다 『동국여지승람』에 계봉산성은 돌로 쌓은 성으로 성의 둘레가 1200척이라고 기록되어 있다 백곡리 백실부락 뒷쪽에 높게 솟은 2개의 산봉우리 정상에 약 540m에 이르는 성벽이 자연 지형을 따라 둘러쌓여 있다 이 산성은 백제의 수도 사비성 북방에 있어 국토 방위에 중요한 역할을 한 산성으로 백제 멸망 후 그 유민들의 부흥운동 근거지가 되기도 하였다 소재지상세: 충남 청양군 정산면 백곡리 산18번지', 'score': 0.6754941444424389}]",의자왕
조선의 법궁으로 한양에 세워진 첫 번째 궁궐은 무엇인가요?,"[{'text_segment': '국가유산명_국문: 경복궁 국가유산명_한자: 景福宮 국가유산종목: 사적 시도명: 서울 시군구명: 종로구 시대: 조선 태조 4년(1395) 내용: 조선시대 궁궐 중 가장 중심이 되는 왕조 제일의 법궁(法宮 임금이 사는 궁궐)으로 태조 4년(1395)에 한양으로 수도를 옮긴 후 처음으로 세운 궁궐이다 궁궐의 이름은 정도전이 『시경』에 나오는 “이미 술에 취하고 이미 덕에 배부르니 군자만년 그대의 큰 복을 도우리라”에서 큰 복을 빈다는 뜻의 ‘경복(景福)’이라는 두 글자를 따서 지은 것이다 1412년 태종은 경복궁의 연못을 크게 넓히고 섬 위에 경회루를 만들었다 이 곳에서 임금과 신하가 모여 잔치를 하거나 외국에서 오는 사신들에게 연회를 베풀었다 태종의 뒤를 이은 세종은 주로 경복궁에서 지냈는데 경회루 남측의 궐내각사 권역에 집현전을 짓고 학자들을 가까이 하였다 또한 경회루의 남쪽에는 시각을 알려주는 보루각을 세웠으며 궁궐의 서북쪽 모퉁이에는 천문 관측시설인 간의대를 마련해 두었다 또한 흠경각을 짓고 그 안에 시각과 4계절을 나타내는 옥루기륜을 설치하기도 하였다 경복궁은 임진왜란(1592)으로 인해 창덕궁·창경궁과 함께 모두 불에 탄 것을 1867년에 흥선대원군이 다시 세웠다 그러나 1895년 궁궐 안에서 명성황후 시해 사건이 벌어지고 고종은 러시아 공관으로 거처를 옮기면서 경복궁은 주인을 잃은 빈 궁궐이 되었다 1910년 한일강제병합으로 국권을 잃게 되자 일본인들은 건물을 헐고 근정전 앞에 조선총독부 청사를 짓는 등 궁궐의 대부분을 훼손함에 따라 점차 궁궐의 제 모습을 잃게 되었다 일제강점기 이후 궁궐 안에 남아있던 주요건물은 근정문·근정전·사정전·천추전·수정전·자경전·경회루·제수각·함화당·집경당·향원정·집옥재·협길당 등이 있다 중국에서 고대부터 전해 오던 도성(都城) 건물배치의 기본형식을 지킨 궁궐로서 궁궐의 왼쪽(동쪽)에는 역대 왕들과 왕비의 신위를 모신 종묘가 있으며 오른쪽(서쪽)에는 토지와 곡식의 신에게 제사를 지내는 사직단이 자리잡고 있다 건물들의 배치는 국가의 큰 행사를 치르거나 왕이 신하들의 조례를 받는 근정전과 왕이 일반 집무를 보는 사정전을 비롯한 정전과 편전 등이 앞부분에 있으며 뒷부분에는 왕과 왕비의 거처인 침전과 휴식공간인 후원이 자리잡고 있다 이는 전조후침(前朝後寢)의 제도인데 이러한 형식은 경복궁이 조선의 법궁으로서 특히 엄격한 규범을 나타내고자 했던 것으로 풀이된다 비록 궁궐 안 대부분의 건물들이 없어지기는 하였지만 정전·누각 등의 주요 건물들이 남아있고 처음 지어진 자리를 지키고 있어서 조선의 법궁의 모습을 확인할 수 있는 중요한 유적지이다 소재지상세: 서울특별시 종로구 사직로 161 (세종로 경복궁)', 'score': 0.7381958812475204}, {'text_segment': '국가유산명_국문: 창덕궁 국가유산명_한자: 昌德宮 국가유산종목: 사적 시도명: 서울 시군구명: 종로구 시대: 조선 태종 5년(1405) 내용: 창덕궁은 1405년(태종 5)에 창건한 조선왕조의 궁궐이다 처음에는 법궁인 경복궁에 이어 이궁(離宮 법궁 외에 별도로 지은 궁궐)으로 창건했지만 이후 역대 왕들이 주로 창덕궁에 거주하면서 실질적인 법궁의 역할을 하였다 1592년(선조 25)에 임진왜란으로 경복궁 창덕궁 창경궁이 소실되자 제일 먼저 1610년(광해군 2)에 중건되었고 1867년(고종 4) 경복궁이 중건될 때까지 270여 년 동안 법궁으로 사용되었다 창경궁과 함께 동궐(東闕)이라 불렀으며 조선 후기에 들어 옥류천 규장각 주합루 연경당 낙선재 등의 건물이 조성되면서 창덕궁의 영역은 점차 넓어지게 되었다 창덕궁은 크게 국왕의 즉위식 등 큰 행사를 치렀던 정전(인정전)과 국왕이 신하들과 정사를 돌보던 편전(선정전) 왕과 왕비의 생활공간인 내전(희정당 대조전 등) 그리고 휴식공간인 후원(부용지 애련지 등)으로 나누어진다 후원은 자연경관을 살려 울창한 숲과 연못 크고 작은 정자들이 마련되었다 창덕궁은 경복궁과 다르게 건물이 일직선으로 배치된 인위적인 구조를 따르지 않고 주변 산세 지형과 조화를 이루도록 자연스럽게 건축하여 가장 한국적인 궁궐이라는 평가를 받는다 왕가의 생활에 편리하면서도 친근감을 주는 창덕궁의 공간 구성은 경희궁이나 경운궁 등 다른 궁궐의 건축에도 영향을 주었다 비정형적 조형미를 간직한 동아시아의 대표적인 궁궐 건축물로 자연환경과의 완벽한 조화와 배치가 탁월하다는 문화유산적 가치를 인정받아 1997년 12월 6일 유네스코 세계유산에 등재되었다 소재지상세: 서울 종로구 율곡로 99 (와룡동)', 'score': 0.7015114390311497}, {'text_segment': '국가유산명_국문: 덕수궁 국가유산명_한자: 德壽宮 국가유산종목: 사적 시도명: 서울 시군구명: 중구 시대: 조선시대 내용: 조선시대의 궁궐로서 경운궁으로 불리다가 고종황제가 1907년 왕위를 순종황제에게 물려준 뒤에 이곳에서 계속 머물게 되면서 고종황제의 장수를 빈다는 뜻의 덕수궁으로 고쳐 부르게 되었다 덕수궁 자리에는 조선 9대 임금인 성종의 형 월산대군의 집이 있었다 임진왜란이 끝나고 한양으로 돌아온 선조는 궁궐이 모두 불에 타고 없어서 임시로 월산대군의 집을 거처로 정하고 선조 26년(1593)부터 궁으로 사용하기 시작하였다 그리고 근처의 계림군과 심의겸의 집 또한 궁으로 포함하였다 선조의 뒤를 이은 광해군은 즉위 3년(1611)에 이곳을 경운궁으로 고쳐 부르고 1615년 창경궁으로 옮길 때까지 왕궁으로 사용하였다 그후 선조의 왕비인 인목대비가 경운궁으로 쫓겨나와 있게 되었는데 그 후로 광해군은 이 곳을 서궁으로 낮추어 부르게 하였다 광해군이 인조반정으로 1623년에 물러나면서 인조는 즉조당과 석어당만을 남기고 나머지 건물들을 옛 주인에게 돌려주거나 없애버렸다 그 뒤로 고종황제가 러시아공관에서 옮겨오면서 다시 왕궁으로 사용되었는데 그 때부터 이 궁은 비로소 궁궐다운 건물들을 갖추게 되었다 1904년의 큰 불로 대부분의 건물들이 불에 타 없어지자 서양식 건물인 석조전들이 지어지면서 원래 궁궐 공간의 조화를 잃어버리게 되었다 그 중 가장 큰 변화는 정문이 바뀐 것이다 덕수궁의 정문은 남쪽에 있던 인화문이었는데 다시 지으면서 동쪽에 있던 대안문을 수리하고 이름도 대한문으로 고쳐 정문으로 삼았다 비록 조선 후기에 궁궐로 갖추어진 곳이지만 구한말의 역사적 현장이었으며 전통목조건축과 서양식의 건축이 함께 남아있는 곳으로 조선왕조의 궁궐 가운데 특이한 위치를 차지하고 있다 소재지상세: 서울 중구 세종대로 99 (정동)', 'score': 0.6784396641836701}, {'text_segment': '국가유산명_국문: 서울 한양대학교 구 본관 국가유산명_한자: NaN 국가유산종목: 국가등록문화유산 시도명: 서울 시군구명: 성동구 시대: 1950년대 내용: 「서울 한양대학교 구 본관」은 한국전쟁 직후 한양대학교 캠퍼스를 조성하는 과정에서 1956년 대학 본부로 건립되었다 외관을 석재로 마감하고 정면 중앙부에 열주량을 세우는 등 당시 대학 본관 건물에서 보여지는 신고전주의 양식의 디자인적인 요소들이 잘 보존되어 있다 또한 우리나라에서 유일하게 공학을 모태로 성장한 대학으로 경제개발기에 중추적인 역할을 한 기술인력을 배출한 한양대학교의 역사를 상징한다는 점에서 의미가 크다 소재지상세: 서울특별시 성동구 왕십리로 222 (사근동 한양대학교)', 'score': 0.6526632081408295}, {'text_segment': '국가유산명_국문: 연주대 국가유산명_한자: 戀主臺 국가유산종목: 시도자연유산 시도명: 경기 시군구명: 과천시 시대: NaN 내용: ‘연주대’는 관악산 정상에서 남쪽으로 조금 떨어진 곳에 크고 작은 바위가 우뚝 솟아 절벽을 이룬 봉우리에 축대를 쌓아 평평한 집터를 만든 곳이다 이름의 한자를 보면 ‘연(戀)’은 그리워 한다는 뜻이고 ‘주(主)’는 주군(主君) 즉 임금을 뜻하여 ‘임금을 그리워하는 곳’으로 풀이된다 연주대는 신라의 의상대사가 677년에 지은 작은 암자로 원래 ‘의상대’라 불렀다고 전한다 지금의 연주대라는 이름은 조선 시대에 붙인 것이다 이름과 관련된 전설로 가장 널리 알려진 것은 조선이 세워지고 수도가 개성에서 한양(지금의 서울)로 옮겨지면서 고려를 그리워한 사람들이 여기에 올라 옛 왕조와 충신들을 그리워했다는 이야기가 있다 또 다른 전설로는 조선이 세워지고 한양이 수도로 정해질 때 무학 대사(無學大師)의 권유로 태조 이성계가 직접 관악산 연주대에 올라 경치를 둘러보고 조선과 한양의 복을 빌기 위해 원각(圓覺) · 연주(戀主) 두 절을 지었고 이때부터 ‘연주대’라 불렸다는 이야기도 있다 연주대와 관련된 설화 중에는 세종의 형인 양녕 대군과 효령 대군의 이야기도 있다 태종이 셋째 왕자 충녕 대군(훗날 세종)을 세자로 정하려 하자 두 형은 궁을 나와 여러 곳을 유람하였는데 양녕 대군이 이곳에 올라 경치를 바라보며 시를 지었고 효령 대군은 스님이 되어 이곳에서 오랫동안 머물렀다는 이야기다 소재지상세: 경기 과천시 중앙동 산12-4번지', 'score': 0.6494339943317171}]",경복궁
임진왜란 중 한산도 대첩에서 조선 수군을 이끈 사람은 누구인가요?,"[{'text_segment': '국가유산명_국문: 통영 염언상 묘 국가유산명_한자: 統營 廉彦祥 墓 국가유산종목: 시도기념물 시도명: 경남 시군구명: 통영시 시대: NaN 내용: 조선 중기의 무신 염언상(1552∼)의 묘지이다 그는 어려서부터 군사에 관계된 서적을 꾸준히 읽었으며 선조 25년(1592)에 임진왜란이 일어나자 이순신 장군의 휘하에 들어가 전쟁에 참여하였다 임진왜란 최초의 해전인 거제 옥포대첩에서 적선 30여척을 격파하는 공을 세웠으며 임진왜란 3대 대첩의 하나인 한산도 대첩에서도 공을 세웠다 그후 이순신 장군이 모함을 받아 투옥되자 고향에 돌아와 의병들을 이끌고 남원 지방에서 활약하다가 권율 장군 휘하에서 활약하였다 묘의 형태는 원형분이며 입구에 ‘선무원종공신염언상사비(宣武原從功臣廉彦詳事蹟碑)’라고 적힌 비가 세워져 있다 원종공신이란 국가나 왕실의 안정에 공적이 있는 자에게 내리는 칭호를 가리킨다 소재지상세: 경남 통영시 정량동 162-19번지', 'score': 0.8009651753314391}, {'text_segment': '국가유산명_국문: 통영 한산도 이충무공 유적 국가유산명_한자: 統營 閑山島 李忠武公 遺蹟 국가유산종목: 사적 시도명: 경남 시군구명: 통영시 시대: 조선시대 내용: 임진왜란 때 충무공 이순신(1545∼1598) 장군이 왜군을 크게 무찌른 한산대첩을 기념하기 위하여 만들어진 역사적인 장소이다 충무공은 무과에 급제하여 전라좌도 수군절도사를 지내던 때 왜적의 침입이 있을 것에 대비하여 여수를 중심으로 배를 만들고 군비를 늘리는 등 일본의 침략에 대처하였다 선조 25년(1592)에 임진왜란이 터지자 옥포대첩 거북선이 최초로 모습을 드러낸 노량해전 당항포해전 한산대첩 등 곳곳에서 전승을 거두었고 정유재란 때에는 명량대첩 등에서 승리를 거두었다 그가 죽은 후 1604년 선무공신 1등에 올랐고 영의정에 추증되었으며 ‘충무(忠武)’라는 시호가 내려졌다 한산대첩은 매우 불리하였던 전쟁의 상황을 완전히 바꾸어 놓은 대표적인 해전으로 육지에서의 행주성대첩·진주성대첩과 함께 임진왜란 3대첩의 하나로 꼽히는 유명한 싸움이었다 선조 25년(1592) 이곳에 제승당(制勝堂)을 짓고 26년(1593)부터 30년(1597)까지 해군의 중심 진영으로 삼아 해상세력을 장악하고 나라의 어려움을 이겨나갔다 그러나 선조 30년(1597)에 제승당을 포함한 이곳 군영이 모두 불에 타서 폐허가 되었다 그 후 영조 15년(1739)에 제승당과 함께 ‘제승당유허비’를 세운 후 여러 차례 공사가 이루어졌고 일제시대 때 지방 유지들에 의해 다시 세워지게 되었다 원래 제승당은 임진왜란 중 충무공이 부하들과 함께 작전계획을 세우고 일을 보던 ‘운주당’이란 건물 자리에 영조 때 집을 짓고 ‘제승당’이라는 이름을 붙인 것이다 경내에는 제승당을 비롯하여 충무공의 영정을 모신 ‘충무사’와 ‘한산정’ ‘수루’ 등이 있으며 산봉우리에는 한산대첩비와 함께 거북등대가 있다 <br/><b>※(한산도이충무공유적 → 통영 한산도 이충무공 유적)으로 명칭변경 되었습니다(20110728 고시) </b> 소재지상세: 경남 통영시 한산면 한산일주로 70 (두억리)', 'score': 0.7885351479053497}, {'text_segment': '국가유산명_국문: 이치전적지 국가유산명_한자: 梨峙戰蹟地 국가유산종목: 시도기념물 시도명: 전북 시군구명: 완주군 시대: 25년(1592) 내용: 이치는 완주와 금산의 경계를 이루는 고개로 선조 25년(1592) 임진왜란 때 광주목사 권율(權慄)과 동복현감 황진(黃進)이 관군 1500명과 함께 적장 고바야카와가 이끄는 부대를 격퇴함으로써 임진왜란의 첫 승리를 장식한 전적지이다 이치전투는 이순신의 한산도대첩 권율의 행주대첩과 함께 임진왜란의 3대 대첩으로 손꼽히고 있다 이른 아침부터 시작되어 해질무렵까지 계속된 치열한 전투에서 우리보다 우세한 적을 대항하여 승리로 이끌 수 있었던 것은 장수들의 성실한 진두지휘와 향토병들의 불굴의 투지 험한 지세를 이용한 철저한 대비 차질없이 진행된 군수품 보급에 있었다 이치전투는 거의 같은 시기에 벌어진 웅치전투와 더불어 왜적의 기세를 꺾어 전라도 땅을 침범하지 못하게 함으로써 정유재란(1597) 때까지 7년 동안 군량보급과 병력보충에 지대한 공헌을 했다 소재지상세: 전북 완주군 운주면 산북리 산12-15번지', 'score': 0.7510863912611851}, {'text_segment': '국가유산명_국문: 진도정유재란순절묘역 국가유산명_한자: 珍島丁酉再亂殉節墓域 국가유산종목: 문화유산자료 시도명: 전남 시군구명: 진도군 시대: 조선시대 내용: 이 묘역은 정유재란 때 나라를 위해 목숨을 바친 진도군내 사족인 조응량(曺應亮·선무원종공신)을 비롯한 전사자들의 무덤들로 모두 232기이다 진도는 임진왜란 때 이미 적의 침입을 받아 많은 희생자를 내었지만 정유재란 때는 진도에서 가까운 울두목(명량)을 중심으로 가장 큰 수군전이 전개되어 가장 많은 희생자가 생겼다 1597년 9월 15일 진도 벽파진에 도착한 이순신 장군은 16일 명량대첩에서 대승을 거두었으나 곧바로 신안 당사도로 후퇴해 버려 우수영과 진도는 왜군의 침략을 받았다 당시 진도관군은 군수인 송덕일(宋德馹)이 이끌었다 명량대첩때 전사한 진도사람 중 관군으로 이름이 나오는 인물은 조응량 등 8명이다 고군면 도평리 묘역일원에는 정유재란때 전사한 진도군내 사족인 조응량 그의 아들 명신(命新·선무원종공신) 박헌(朴軒·병조참판증직) 김성진(金聲振·선무원종공신 남원전투순직) 김홍립(金弘立) 등이 묻혀있다 이 묘지 지대는 벽파진이나 명량진에서 15리 거리이며 처음 진도군이 생길 때인 1440년대는 창녕조씨와 김해김씨들에게 나누어준 땅이었다고 한다 정유재란 후에는 조씨와 김씨의 두 문중의 땅으로 분리되었는데 이후 일부 무연고자들이 묻힌 일도 있으나 200여기 정도는 정유재란 때 순절한 사람들의 무덤으로 전해온다 명량대첩 때 사족들의 순절이 문중족보나 「호남절의록」 등에 기록되어 있다 이에 반해서 이름 없이 종군했던 현지 향민들의 공헌은 거의 소홀히 되어 오고 있다 이 묘역에 묻힌 많은 봉분 가운데 창녕조씨나 김해김씨 등 진도내 토반씨족 인물들 16기 이외에는 주인없는 무덤들이다 이 묘역은 이름이 밝혀진 무덤의 주인공들이나 모든 묘들이 북향을 하고 싸움터인 울두목을 향하고 있다는 점등으로 보아 임진왜란·정유재란의 희생자 묘역임이 분명하여 가치가 있다 소재지상세: 전남 진도군 고군면 도평리 산117-3번지 외', 'score': 0.7436507750895247}, {'text_segment': '국가유산명_국문: 권율장군이치대첩비 국가유산명_한자: 權慄奬軍梨峙大捷碑 국가유산종목: 문화유산자료 시도명: 충남 시군구명: 금산군 시대: NaN 내용: 임진왜란 때 권율 장군이 승리로 이끈 이치대첩을 기념하고 있는 비이다 이치는 대둔산 중허리를 넘어 전북 완주로 통하는 교통의 요지이며 전략상 중요한 곳으로 임진왜란 당시 경상도와 충청도 일대를 휩쓸고 승승장구하던 2만여 병력의 왜적이 호남으로 나아가 군량미를 얻고자 이곳을 넘으려 하였다 이 때 먼저 길목을 지키고 있던 권율 장군이 1500여 군사를 이끌고 결사전을 벌인 끝에 적을 섬멸하여 그들의 호남진출을 막아 내었다 이 대첩은 행주대첩 진주대첩보다 앞서는 임진왜란 최초의 육지에서 승리한 싸움이다 고종 3년(1866) 금성면 상가리에 이치대첩비(梨峙大捷碑)와 대첩사(大捷祠)를 함께 세워 그 뜻을 기렸는데 1944년 6월 일제에 의해 폭파되었다 현재의 비석은 1964년에 진산면 묵산리에서 이치를 바라볼 수 있는 산 중턱에 다시 세운 것으로 연재(淵齋) 송병선(宋秉璿)이 짓고 송성용이 쓴 비문을 다시 새긴 것이다 소재지상세: 충청남도 금산군 진산면 묵산리 산 79-34', 'score': 0.7031165307634952}]",이순신
정약용이 저술한 책은 무엇인가요?,"[{'text_segment': '국가유산명_국문: 신안 우이도 유암총서와 운곡잡저 국가유산명_한자: 新安 牛耳島 柳菴叢書와 雲谷雜櫡 국가유산종목: 문화유산자료 시도명: 전남 시군구명: 신안군 시대: NaN 내용: 『유암총서(柳菴叢書)』『운곡잡저(雲谷雜&#27361;)』는 이강회(李綱會; 1789~)가 신안 우이도에 칩거하면서 자신의 글과 스승인 정약전 정약용 형제의 글을 한데 묶어 놓은 문집의 초고본에 해당한다 다른 곳에서는 발견할 수 없는 정약전의 저서 「표해시말(漂海始末)」(유암총서 수록)&#8228;「송정사의(松政私議)」(운곡잡저 일권에 수록)가 담겨져 있으며 정약용의 속담 한역(俗談漢譯) 저술인 「백언시(百諺詩)」는 『여유당전서(與猶堂全書)』에 수록된 「이담속찬(耳談續纂)」의 초고본으로서 높은 가치를 지닌다 『표해시말』에는 우이도 어부 문순득 일행이 유구를 비롯하여 당시 스페인이 지배하던 필리핀과 포르투칼의 거류지였던 마카오를 경험한 내용이 담겨있는 데 현재 발견된 국내 표류기록 가운데 이 지역과 관련된 유일한 자료이다 그중에서도 여송(필리핀)에 대한 내용이 매우 상세한데 여송에 대한 내용이 담겨져 있는 표류기는 이 문헌밖에는 없다 「표해시말」의 주인공 문순득(文淳得; 1777~1847)은 우이도에서 살던 중 1801년(순조 1) 12월 출항하여  이듬해인 1802년 1월 18일 태사도(흑산도 인근)에서 홍어를 사 가지고 돌아오던 중 표류하게 되었다 1월 29일 유구(琉球; 현 오끼나와)에 도착하여 8개월간 체류하다가 10월 출항하였으나 다시 표류하여 여송(呂宋; 현 필리핀)에 당도하여 8개월간 머물렀다 그 후 중국 오문(마카오) 광동 북경과 의주를 거쳐 한양에 도착하였고 고향 우이도에는 1805년 1월에 도착하였다 문순득의 표류행적은 당시 우이도에서 유배생활을 하던 정약전에게 표류과정과 유구와 여송 지역의 풍속 가옥 언어 의복 선박 토산품 등의 내용을 구술하여 기록되었다가 정약용의 제자 이강회의 문집 『유암총서』에 필사되어 현전하게 됐다 『유암총서』와 『운곡잡저』는 그 동안 학계에 잘 알려져 있지 않았던 이강회의 실학사상이 담긴 저술들이 다수 수록되어 주목된다 특히 수레와 선박의 운용과 제작을 주장한 이강회의 저작에서 찾아볼 수 있는 사상적 입장 조선후기 이용후생학의 흐름을 밝히는 새로운 자료가 된다 그 동안 중앙학계의 학자들 중심으로 전개되던 실학이 정약용을 거쳐 지방으로 확산된 사례를 입증하고 있다 『유암총서』와 『운곡잡저』는 다산 정약용을 통해 북학파의 영향을 받은 지방학자 이강회가 유배인의 높은 학문과 표류인을 통해 외국문물을 접할 수 있는 우이도에 머물면서 실학정신에 입각하여 남긴 저서로서 역사적 학술적 가치를 지닌다 소재지상세: 전라남도 신안군 우이진리길 47-4 (도초면)', 'score': 0.8348415771030377}, {'text_segment': '국가유산명_국문: 강진 정약용 유적 국가유산명_한자: 康津 丁若鏞 遺蹟 국가유산종목: 사적 시도명: 전남 시군구명: 강진군 시대: 조선시대 내용: 조선 후기의 실학자인 다산 정약용(1762∼1836) 선생이 유배되어 11년간 머물면서 많은 책을 저술했던 곳이다 정약용은 여유당(與猶堂) 등의 여러 호를 가지고 있으며 천주교 이름으로는 요한(Johan)이라 하였다 정조의 총애를 한 몸에 받았으며 유형원과 함께 수원성을 설계하고 거중기 등의 신기재를 이용하여 수원 화성을 쌓기도 했다 정조가 죽자 신하들의 모함을 받아 투옥되어 유배되었고 그 후 18년 간의 유배생활 동안 그는 많은 저서를 남겼다 정약용의 사상은 한국사상의 원형과 직결된다고 할 수 있다 이 곳에서 11년 동안 머물면서 『목민심서』와 『경세유표』 『흠흠신서』를 비롯한 500여 권에 달하는 많은 저서를 남겼다 그리고 이를 총정리한 『여유당전서』는 ‘철학’ ‘법제’ ‘종교’ ‘악경’ ‘의술’ ‘천문’‘측량’ ‘건축’에 이르기까지 우리나라 장래에 도움이 될 학문의 방향을 제시하였다 이는 세계적으로도 학술적 연구자료로 평가되고 있다 옛 초당은 무너져서 1958년 강진의 다산유적보존회가 주선하여 건물이 있던 자리에 지금의 초당을 다시 지은 것이다 작고 소박한 남향집으로 ‘다산초당’이라는 현판이 걸려 있다 초당 뒤 언덕 암석에는 다산이 직접 깎은 ‘정석(丁石)’이라는 글자가 새겨져 있으며 초당 왼쪽으로 자그마한 연못이 있다 앞 뜰에는 차를 달였다는 ‘청석’이 있고 한 켠에는 ‘약천(藥泉)’이라는 약수터가 있어 당시 다산의 유배생활을 짐작하게 한다 <br/><b>※(정다산유적 → 강진 정약용 유적)으로 명칭변경 되었습니다(20110728 고시) </b> 소재지상세: 전남 강진군 도암면 만덕리 산103-2번지', 'score': 0.765288919210434}, {'text_segment': '국가유산명_국문: 한국독립운동사략(상편) 국가유산명_한자: NaN 국가유산종목: 국가등록문화유산 시도명: 충남 시군구명: 천안시 시대: NaN 내용: 31운동 당시 독립선언서에 서명한 민족대표 33인중 1인인 김병조 (金秉祚 1877∼1948)가 저술한 책으로서 31운동의 배경 각 지방에서 발표된 독립선언서와 국내외 운동의 전개상황 일제의  탄압 실태 임시정부의 수립과 통합과정 등을 정리하고 있다 이 책은 31운동 연구의 기본 문헌이 되고 있으며 방대한 자료를 기초로 하고 있어 한국 독립운동사 연구에 매우 귀중한 자료로서의 가치를 지니고 있다 소재지상세: 충청남도 천안시 동남구 독립기념관로 1 (목천읍 독립기념관)', 'score': 0.7088982806452391}, {'text_segment': '국가유산명_국문: 매천 황현 유묵·자료첩(11책) 국가유산명_한자: NaN 국가유산종목: 국가등록문화유산 시도명: 광주 시군구명: 광산구 시대: 조선시대~대한제국 내용: ㅇ 황현의 저술뿐만 아니라 그의 지기(知己)들과 당대의 지식인들과 주고받은 서간 중요사건에 대한 신문기사 모음 등 다양한 자료를 모아놓은 유묵․자료첩 11책이다 황현은 당대의 문인들과 교유하며 수많은 글을 남겼는데 그의 글을 모아놓은 이 유묵·자료첩은 19세기말 20세기초의 국가적 위기와 민족의 존망 사회 상황 그리고 지식인들의 동향을 살필 수 있는 매우 귀중한 희귀 자료라 할 수 있다 소재지상세: 광주광역시 광산구', 'score': 0.7083674118765471}, {'text_segment': '국가유산명_국문: 창원 길상사 승가예의문 국가유산명_한자: 昌原 吉祥寺 僧家禮儀文 국가유산종목: 문화유산자료 시도명: 경남 시군구명: 창원시 시대: 조선 내용: 창원 길상사 승가예의문(昌原 吉祥寺 僧家禮儀文)은 경상남도 창원시에 있는 조선시대의 책이다 2014년 1월 23일 경상남도 문화유산자료로 지정되었다 승가예의문(僧家禮儀文)은 불교의 상례에 관해 저술한 책으로 현존하는 판본이 약 5종이며 전본이 많지 않다 본서(本書)와 동일본이 동국대학교에 소장되어 있다 책 상태가 양호하며 간행처와 간기가 남아 있어 임란이후의 불서판본 연구에 좋은 자료이다 소재지상세: 경상남도 창원시', 'score': 0.6772465254561855}]",목민심서
독도가 위치한 바다는 어디인가요?,"[{'text_segment': ""국가유산명_국문: 독도 천연보호구역 국가유산명_한자: 獨島 天然保護區域 국가유산종목: 천연기념물 시도명: 경북 시군구명: 울릉군 시대: NaN 내용: 독도는 동도·서도 두 섬과 그 주위에 흩어져 있는 동 · 서도 외 89개의 부속도서로 구성되어 있다 독도는 철새들이 이동하는 길목에 위치하고 동해안 지역에서 바다제비·슴새·괭이갈매기의 대집단이 번식하는 유일한 지역이므로 1982년 11월 20일 ‘독도 해조류 번식지’로 지정하여 보호해 왔다 그러나 독도에 독특한 식물들이 자라고 화산폭발에 의해 만들어진 섬으로 지질적 가치 또한 크고 섬 주변의 바다생물들이 다른 지역과 달리 매우 특수하므로 1999년 12월 ‘독도 천연보호구역’으로 명칭을 변경하였다 독도는 신라 지증왕(재위 500∼514) 이래로 내려온 우리 영토로서 역사성과 더불어 자연과학적 학술가치가 매우 큰 섬이므로 천연기념물로 지정하여 보호하고 있다 독도는 섬 전체가 공개제한지역으로 관리 및 학술목적 등에 한해 국가유산청장의 허가를 받아 출입할 수 있었으나 독도에 대한 국민적 관심 증대에 따른 접근성 강화 및 방문객 유치를 위해 2005년부터 공개제한지역 일부를 해제 일반인의 관람을 허용하고 있다('053월 동도 공개제한 해제 '096월 서도 일부 공개제한 해제)  소재지상세: 경북 울릉군 울릉읍 독도리 (독도일원)"", 'score': 0.8293589055538177}, {'text_segment': '국가유산명_국문: 독도 사철나무 국가유산명_한자: 獨島 사철나무 국가유산종목: 천연기념물 시도명: 경북 시군구명: 울릉군 시대: NaN 내용: 독도에서 현존하는 수목 중 가장 오래된 나무로 독도에서 생육할 수 있는 대표적인 수종이라는 의미뿐만 아니라 국토의 동쪽 끝 독도를 100년 이상 지켜왔다는 영토적·상징적 가치가 크다 소재지상세: 경상북도 울릉군 울릉읍 독도리 30-0', 'score': 0.6831410261964721}, {'text_segment': '국가유산명_국문: 울진 대풍헌 현판 일괄 국가유산명_한자: 蔚珍 待風軒 懸板 一括 국가유산종목: 시도유형문화유산 시도명: 경북 시군구명: 울진군 시대: 1851-1906 내용: 울진 대풍헌은 조선시대에 울릉도·독도를 관할하기 위해 파견된 수토사들이 순풍을 기다리며 머물렀던 곳으로 이번에 문화유산으로 신청된 유물은 이 대풍헌의 안팎에 걸려있는 현판 가운데 1910년 이전에 만들어진 12점이다 목록은 기성구산동사(1851) 대풍헌(1851) 구산동사중수기(1851 6) 평해군수 이용익 영세불망지판(1871 4) 평해군수 심능무․이윤흡 영세불망지판(1870 7) 월송만호 장원익 영세불망지판(1870 7) 이방 황지해 영세불망지판(1872 8) 전임 손주형·손종간·손수백 영세불망지판(1878 11) 도감 벅억이 영세불망지판(1878 11) 구산동사기(1888 4) 동계완문(1904 2/ 1904 5 13) 중수기(1906 5)이다 이 유물들은 조선 정부가 19세기에도 지속하여 울릉도·독도를 실질적으로 지배·관리하고 있었다는 사실을 알 수 있게 해 주는 중요한 자료이다 특히 울릉도·독도의 수토와 관련된 사료를 찾기 어려운 현 상황에서 이 현판들이 갖는 자료적인 가치와 독도문제의 중요성 등을 감안하여 유형문화유산으로 지정한다 소재지상세: 경상북도 울진군', 'score': 0.6696604317267045}, {'text_segment': '국가유산명_국문: 울진 대풍헌 소장 문서 국가유산명_한자: 蔚珍 待風軒 所藏 文書 국가유산종목: 문화유산자료 시도명: 경북 시군구명: 울진군 시대: NaN 내용: 대풍헌 소장 문서들은 울릉도를 순찰하는 수토사들의 접대를 위해 소요되는 각종 경비를 전담했던 구산동민들의 요청에 따라 부담을 경감할 수 있는 방책에 대해 관아(평해군)에서 결정해준 내용의 완문(完文)과 절목(節目)이다 완문(完文)의 크기는 가로 275× 세로 29cm이다 수토절목(搜討節目)의 크기는 가로 33× 세로 421cm이다 완문과 수토절목의 내용을 살펴보면 삼척진영 사또와 월송만호가 3년에 한 번씩 울릉도를 수토할 때 평해 구산리(구산항)에서 출발하는데 바람의 형편에 따라 머무는 기간이 길어지기도 하였다 관아에서는 구산리 주변 9개 마을에 돈을 풀어서 생긴 이자로 그 경비를 충당하였으나 각 마을의 동세(洞勢)가 각각 다르니 민원이 자주 일어나 그 해결 방도를 논의한 바를 관부에서 결정한 것이다 이들 문서를 통해서 조선후기에 울릉도·독도를 수토할 시 당시 평해군의 구산리(구산항)가 기점이 되었다는 것을 알 수 있으며 그 경비의 조달방법을 통하여 당시 연해 촌락주민들의 생활상의 편린을 엿 볼 수 있다 또 이 문서들에 의해 19세기에도 여전히 조선정부가 울릉도·독도를 우리의 영토로 인식하였으며 정기적으로 상황을 파악하려고 순찰하였던 것을 알 수 있다 제작시기는 신미년 완문은 1811년(조선 순조 11) 계미년 수토절목은 1823년(조선 순조 23)으로 추정되고 있다 소재지상세: 경상북도 울진군', 'score': 0.6294668336039384}, {'text_segment': '국가유산명_국문: 이육사 친필원고 ‘바다의 마음’ 국가유산명_한자: NaN 국가유산종목: 국가등록문화유산 시도명: 경북 시군구명: 경산시 시대: NaN 내용: ｢이육사 친필원고 ‘바다의 마음’｣은 시인이자 독립운동가인 이육사(이원록 1904～1944)가 남긴 시 ‘바다의 마음’의 친필원고로 3행 3연으로 구성되어 있다 이육사는 당시 신문과 잡지에 글을 발표하면서 항일․민족정신을 고취하는 활동을 하였고 여러 독립운동 단체에 가담하여 투쟁하다 1944년 1월 16일 베이징 일본총영사관 감옥에서 순국하였다 이육사의 친필 시 원고는 문학사적 중요성에 비하여 극히 희귀한 편으로 국가등록문화유산  ‘편복(蝙蝠)’ 외에는 이번에 등록하는 ‘바다의 마음’이 유일한 것으로 전해지고 있다 정부에서는 고인의 공훈을 기리어 1990년 대한민국 건국훈장 애국장을 추서하였다 소재지상세: 경상북도 경산시', 'score': 0.6290171568805403}]",동해
목화씨를 우리나라에 들여온 사람은 누구인가요?,"[{'text_segment': '국가유산명_국문: 강성서원 국가유산명_한자: 江城書院 국가유산종목: 문화유산자료 시도명: 전남 시군구명: 장흥군 시대: NaN 내용: 삼우당 문익점(1329∼1398)과 풍암 문위세(1534∼1600)를 기리기 위해 세운 서원이다 문익점은 고려시대의 문신으로 원나라에서 목화씨를 들여와 우리나라 의생활을 크게 변화시켰다 문위세는 문익점의 9대손으로 임진왜란 때 의병을 일으켜 공을 세웠고 정유재란 때 많은 왜적을 물리쳤다 원래 문위세를 추모하기 위해 인조 22년(1644)에 월천사를 지었는데 영조 10년(1734)에 문익점의 위패를 모시면서 그를 중심으로 하고 문위세를 추가로 모시게 되었다 정조 9년(1785) 임금으로부터 ‘강성’이라는 현판을 받아 사액서원이 되었다 그 후 흥선대원군의 서원철폐령으로 폐쇄되었다가 1905년에 강당을 중수하고 1929년에 사당인 숭덕사를 다시 세웠다 감성서원에는 숭덕사를 비롯해 배우는 공간인 강당 내삼문 외삼문이 있다 숭덕사는 앞면 3칸·옆면 1칸의 규모이며 지붕은 옆면에서 볼 때 사람 인(人)자 모양인 맞배지붕이다 강당은 앞면 5칸·옆면 2칸이며 지붕은 옆면에서 볼 때 여덟 팔(八)자 모양인 팔작지붕으로 꾸몄다 숭덕사 안쪽 중앙에 문익점의 위패가 있고 왼쪽에는 문위세의 위패를 봉안하고 있으며 해마다 9월 9일에 제사를 지낸다 소재지상세: 전남 장흥군 유치면 조양리 산365-1677-2', 'score': 0.8780041635036469}, {'text_segment': '국가유산명_국문: 고양시 길상사 묘법연화경 국가유산명_한자: 妙法蓮華經 국가유산종목: 시도유형문화유산 시도명: 경기 시군구명: 고양시 시대: NaN 내용: 묘법연화경은 줄여서 ‘법화경’이라고 부르기도 하는데 우리나라 천태종의 근본경전으로 부처가 되는 길이 누구에나 열려 있다는 것을 기본사상으로 하고 있다 화엄경과 함께 우리나라 불교사상 확립에 크게 영향을 미쳤으며 우리나라에서 유통된 불교경전 가운데 가장 많이 간행된 경전이다 이 묘법연화경은 1561년에 전라도 장흥 지제산 천관사에서 간행한 것이다 소재지상세: 경기도 고양시 일산동구 식사로36번길 17 (식사동)', 'score': 0.8165970555955543}, {'text_segment': '국가유산명_국문: 함안 주세붕 묘역 국가유산명_한자: 咸安 周世鵬 墓域 국가유산종목: 시도기념물 시도명: 경남 시군구명: 함안군 시대: 조선시대 내용: 조선 초기의 문신이며 대학자였던 신재(愼齋) 주세붕(1495∼1554) 선생의 묘소이다 어려서부터 효성이 지극하였으며 학문에도 열성적이었다 중종 17년(1522) 문과에 급제한 후 여러 관직을 두루 거쳐 중종 36년(1541)에 풍기 군수가 되었다 중종 38년(1543)에는 풍기 지방에 우리나라 최초의 서원인 백운동서원(뒤의 소수서원)을 세웠다 명종 6년(1551)에는 황해도 관찰사가 되어 해주에 수양서원을 창설하여 최충을 모시기도 하였다 죽은 뒤 선생의 유언에 따라 고향에 장사 지내고 조정에서는 예조판서의 벼슬을 내렸다 선생의 묘는 3기의 묘중 가운데 위치하는 둥근 무덤으로 앞에는 묘갈과 상석이 옆에는 비석과 망주가 잘 갖추어져 있다 사각의 망주에는 &#39;누구인들 부모가 없으며(誰無父母) 누구인들 사람의 자식이 아니겠는가(孰非人子)&#39;라는 시경의 글귀가 새겨져 있어 그의 효성을 잘 보여준다 묘역 위쪽의 네모난 무덤은 아버지 문보(文俌)와 어머니 창원 황씨를 함께 모셨다 무덤주위는 잘 다듬어진 둘레돌과 상석이 갖추어져 있고 둘레돌의 표면에는 가계 현황이 기록되어 있다 아랫쪽에 둥근 무덤은 큰 조카 조(造)의 묘이다 소재지상세: 경남 함안군 칠서면 계내리', 'score': 0.8052402549578366}, {'text_segment': '국가유산명_국문: 남평문씨본리세거지 국가유산명_한자: 南平文氏本里世居地 국가유산종목: 시도민속문화유산 시도명: 대구 시군구명: 달성군 시대: NaN 내용: 이곳은 고려말의 충신이며 원나라로부터 목화씨를 가져와 우리나라 의복문화에 혁신을 가져온 문익점의 18세손인 문경호가 1840년을 전후하여 터를 잡아 남평문씨 일족이 모여 살던 곳이다 원래 인흥사의 절터였던 곳을 구획하여 집터와 도로를 반듯하게 정리하고 집을 지었다 현재 아홉 가구의 살림집과 수봉정사 광거당 인수문고 등이 한울속에 정연하게 자리잡고 있는데 풍치 있는 토담으로 둘러싸인 부지 안에 총 70여 채의 전통와가가 들어서 있다 수봉정사는 세거지의 입구에 있는 정자로 정원을 매우 아름답게 꾸민 곳이다 주로 손님을 맞고 일족의 모임을 열 때 사용하던 큰 규모의 건물이다 광거당은 문중의 자제들이 학문과 교양을 쌓던 수양장소이다 또 인수문고는 문중의 서고로 규장각 도서를 포함한 책 1만여 권을 소장하고 있다 처음에는 작은 규모였으나 후에 크게 늘려지었고 도서열람을 위한 건물도 따로 지어놓았다 소재지상세: 대구 달성군 화원읍 인흥3길 16 (본리리)', 'score': 0.7991136544493879}, {'text_segment': '국가유산명_국문: 감지금니묘법연화경 권6~7 국가유산명_한자: 紺紙金泥妙法蓮華經 卷六~七 국가유산종목: 시도유형문화유산 시도명: 충북 시군구명: 단양군 시대: 1294년(충렬왕 20년) 내용: 묘법연화경은 줄여서 ‘법화경’이라고 부르기도 하는데 우리나라 천태종의 근본경전으로 부처가 되는 길이 누구에게나 열려 있다는 것을 기본사상으로 하고 있다 화엄경과 함께 우리나라 불교사상의 확립에 크게 영향을 끼쳤으며 우리나라에서 유통된 불교경전 가운데 가장 많이 간행된 경전이다 이 책은 검푸른 종이에 금가루를 사용하여 불경을 옮겨 쓴 것으로 특히 권7 말미에는 131자의 발원문이 있어 제작시기(지원(至元) 31년 1294년)와 제작 장소 필사자 등을 알 수 있는 매우 귀중한 기록 문화유산이다 소재지상세: 대강면 방곡3길 31', 'score': 0.7976049477833475}]",문익점
고려 청자의 색깔은 무엇으로 유명한가요?,"[{'text_segment': '국가유산명_국문: 사기장(이은규) 국가유산명_한자: 砂器匠 국가유산종목: 시도무형유산 시도명: 전북 시군구명: 부안군 시대: NaN 내용: 1955년 태어난 이은규는 유근영․이은구 등에게 사사받았다 부안 유천리 가마터는 강진 사당리와 함께 고려시대 상감청자의 제작지로 유명한 곳으로서 이은규는 옛 고려청자의명성 재현과 새로운 작품의 제작을 위해 노력하고 있다 소재지상세: 전북특별자치도 부안군', 'score': 0.7520012973641181}, {'text_segment': '국가유산명_국문: 인천 선린동 공화춘 국가유산명_한자: 仁川 善隣洞 共和春 국가유산종목: 국가등록문화유산 시도명: 인천 시군구명: 중구 시대: 1905년 내용: 1908년 무렵 건립된 이 건물은 개항 이후 인천항을 통해 들어온 중국인이 지은 중국 요릿집이다 중국 산동 지방의 장인이 참여하여 지은 중정형(中庭型)의 중국식 건물로 현재 정면은 다양한 색깔의 타일로 마감하였고 내부는 다양한 문양과 붉은 색을 사용하여 화려하게 장식하였다 처음에는 무역상들에게 숙식을 제공하던 곳으로 이용되었다 그러다가 중화요리가 대중적인 인기를 얻으면서 음식점의 공간이 확대되어 대형 연회장을 갖춘 유명한 중국 요릿집으로 1980년대까지 그 명성을 날렸다 소재지상세: 인천광역시 중구 차이나타운로 56-14 (선린동 짜장면박물관)', 'score': 0.7470300344683962}, {'text_segment': '국가유산명_국문: 소목장(가구) 국가유산명_한자: 小木匠 국가유산종목: 시도무형유산 시도명: 경기 시군구명: 남양주시 시대: NaN 내용: 목재를 다루는 장인을 목수木手라 하고 궁궐·사찰·집을 짓은 목수를 대목장大木匠이라 하고 가구·창호 등을 만드는 목수를 소목장이라 한다 소목장에게는 나무가 가진 아름다움을 최대한 살려 한국 고유의 조형미를 창출해 내는 능력이 요구된다 즉 나무 자체에 대한 이해는 물론 목구조에 대한 지식도 필요하며 무엇보다도 예술적 감각을 갖추어야 한다 아울러 완성된 가주는 실용성과 함께 예술성을 갖추어야 하며 무엇보다도 기후의 변화 등에도 잘 견딜 수 있게 내구성이 강해야 한다 목가구의 제작 과정은 다양하고 복잡하며 정교하다 짜임기법만도 주먹장짜임 연귀짜임 장부짜임 제비촉짜임 등 다양하다 못질 풀칠 한 번 하지 않고 튼튼한 틀을 짜낸다 여기에 금속 나전 화각 등을 결합하고 옻나무의 진액인 옻을 도료로 사용해 내구성과 아름다움을 더한다 십장생 용문 운문 글씨문 사군자 등 여러 문양을 조각하고 상감해 예술적 가치를 부여한다 목상감기법은 문양대로 나무를 파내고 흑단 화류 괴목 자개 백동 은 등 다른 색깔의 나무와 재료를 끼워 넣어 다양한 색깔로 문양을 표현한다 이렇게 다양한 기법들이 우리의 전통적인 가구를 만드는데 사용되고 있다 기능 보유자 권우범은 아버지에게 전통공예 기술을 전수받았고 오양환 선생 문하에서 현대적인 기술을 익혔으며 김오겸 선생을 찾아가 불상·말·호랑이·용·독수리 등 입체 작품 제작을 배웠다 1970년 스무 살에 상공부가 주최한 1회 우수공예품대회에서 스승과 함께 출품했는데 스승은 입선을 하고 권 씨는 특선하여 청출어람이란 말을들었다 그는 온고지신을 강조한다 목조가옥의 좌식생활에 알맞게 만들어진 전통가구는 이제 시멘트구조의 아파트 입식구조에 적합하게 제작되어야 한다고 주장하고 또 그것을 실천에 옮기고 있다 그러면서도 전통공예의 소박한 질감 분할의 미 등 장점을 계승 발전시키고 새로운 감각을 접목시켜 시대를 앞서가는 새로운 개념의 명품을 만들어야 진정한 전통의 계승이라 말한다 소재지상세: 경기도 남양주시', 'score': 0.7176690905548875}, {'text_segment': '국가유산명_국문: 청자 상감운학모란국화문 매병 국가유산명_한자: 靑磁 象嵌雲鶴牡丹菊花文 梅甁 국가유산종목: 보물 시도명: 서울 시군구명: 용산구 시대: 고려시대(12세기 중엽) 내용: 청자상감이란 흙으로 그릇을 빚어 표면에 무늬나 그림을 새기고 그 자리를 백토나 자토로 메운 뒤 유약을 발라 구운 후 투명한 청자 유약을 통해 흰색 또는 검은색 무늬가 보이도록 한 것으로 12세기 전반에 발생하여 12세기 중엽에 전성기를 이루었다 청자 상감운학모란국화문 매병(靑磁 象嵌雲鶴牡丹菊花文 梅甁)는 높이 322㎝ 아가리 지름 7㎝ 밑지름 145㎝인 이 병은 고려시대에 많이 만들어진 상감청자 매병들에 비해 어깨가 처져서 부드러운 느낌을 주며 밑이 넓어서 안정감이 있다 유약은 잘 녹아서 투명하며 색깔도 매우 아름답다 아가리는 작고 위가 약간 바깥으로 말리면서 곧게 서 있고 어깨에는 흑백으로 상감된 연꽃무늬를 둘렀다 굽 위에는 번개무늬를 두르고 바로 그 윗부분에는 다시 연꽃무늬 장식을 넣었다 그릇 몸통에는 흑백으로 된 원 안에 모란과 국화 한 가지씩을 두었고 원 사이사이에는 구름과 학이 있다 이 작품은 12세기 중엽에 만들어진 것으로 추정된다 소재지상세: 서울 용산구 이태원로55길 60-16 삼성미술관 리움 (한남동)', 'score': 0.7131621869078464}, {'text_segment': '국가유산명_국문: 해남화원면청자요지 국가유산명_한자: 海南花源面靑瓷窯址 국가유산종목: 시도기념물 시도명: 전남 시군구명: 해남군 시대: 고려시대 내용: 해남 화원면 청자요지는 우리나라에서 초기 청자 가마가 집단적으로 분포하고 있는 유일한 곳으로 우리나라 초기 청자의 발생을 살필 수 있는 곳이다 따라서 우리나라 자기 발생의 단서와 초기 청자의 기형 변화를 파악하는데 매우 중요한 가마터로 주목받고 있다 이곳에서 출토된 유물은 청자 흑유 도기 요도구 등으로 청자의 기종은 대접과 완 접시 화형접시 병 유병 편병 항아리 등이다 이 곳 화원면 청자요지는 신덕리 일대에서 54곳 금평리 일대에 2곳 등 개별 가마터 80~90기가 분포하는 것으로 추정하고 있다 신라 말 또는 고려 초에 조성된 것으로 보고 있는 화원면 청자요지는 해무리굽과 무문을 특징으로 하는 전형적인 ‘초기청자’로 그 발생 시기에 대해서는 여러 가지 견해가 있지만 9세기 전반기 발생설이 주장되고 있다 화원면 청자의 계통은 기본적으로 중국 청자의 제작 기법을 기반으로 하면서도 전통 도기의 제작 기법을 가미하여 성립된 것으로 보고 있다 소재지상세: 전남 해남군 화원면 신덕리 산102번지 외  금평리 428-1외 일원', 'score': 0.7105668738957949}]",비취색
수원 화성을 축조한 조선의 왕은 누구인가요?,"[{'text_segment': '국가유산명_국문: 수원축만제 국가유산명_한자: 水原祝萬提 국가유산종목: 시도기념물 시도명: 경기 시군구명: 수원시 시대: NaN 내용: 수원시 팔달구 화서동에 있다 화성부 서쪽에 축조된 수리시설로 수원 화성의 서쪽에 있다 하여 서호(西湖)라고도 불린다 정조가 화성을 쌓으면서 1795년(정조 23)에 내탕금 3만냥을 들여 축조한 관개저수지다 축만제는 천년만년 만석의 생산을 축원한다는 뜻을 가지고 있다 제방 양쪽 끝에 두 개의 수문이 설치되어 있는데 이는 축만제에 가두어둔 물을 활용하기 위한 장치였다 국가적으로 중요한 제방이었으므로 제언 관리를 위하여 감관 1명 감고 1명이 배치되어 있었다 축만제 아래쪽에 설치한 축만제 둔전은 총 규모가 답 83석 15두 4승락에 달했다 정조는 즉위한 이후 농업기술과 농업환경 개선의 핵심은 수리시설이라고 파악했다 그리하여 화성을 축성하면서  주변에 만석거 만년제 축만제 등을 쌓았다 여러 제언이 축조된 후 물이 관리되자 버려졌던 땅들이 비옥한 전토로 바뀌었다 축만제는 조선후기 농업수리 역사에서 중요한 위치를 점하고 있다 소재지상세: 수원시 팔달구 화서동 436-1 외', 'score': 0.8360525369644165}, {'text_segment': '국가유산명_국문: 채제공 관련 고문서 일괄 국가유산명_한자: 蔡濟恭 關聯 古文書 一括 국가유산종목: 시도유형문화유산 시도명: 경기 시군구명: 수원시 시대: NaN 내용: 정조시대의 대표적인 재상(宰相)으로서 초대 화성유수(華城留守)를 지낸 번암 채제공(蔡濟恭 1720~1799) 관련 고문서다 총 48종 60점으로 정조가 직접 작성하여 내려준 문서와 어찰(御札) 채제공이 화성유수와 장용외사(壯勇外使)를 지내며 받은 공문서 주변 인물과 주고받은 편지들이다 정조의 친필 편지 수원화성 축성을 감독하는 신하들에게 내린 윤음(綸音) 수원부의 무사들에게 활쏘기 시험을 시행한 후 시상자와 포상 내역을 기록한 무사시취방(武士試取榜) 등의 고문서 자료를 통해 정조의 국정 운영 모습을 살펴볼 수 있다 아울러 정조가 신임한 초대 화성유수 채제공의 실제 활동을 확인할 수 있어 정조의 사상과 조선후기 수원화성의 전반적인 이해를 위한 중요자료로 평가된다 소재지상세: 경기도 수원시 팔달구 창룡대로 21 (매향동 수원화성박물관)', 'score': 0.7264830650871856}, {'text_segment': '국가유산명_국문: 정조사 조심태어찰첩 국가유산명_한자: 正祖 賜 趙心泰 御札帖 국가유산종목: 시도유형문화유산 시도명: 경기 시군구명: 수원시 시대: NaN 내용: 정조가 수원부사 화성유수 장용대장을 역임한 조심태(趙心泰 1740∼1799)에게 보낸 어찰을 모은 첩이다 어찰은 모두 13통인데 2통은 2장의 종이에 나머지 11통은 1장의 종이에 썼다 조심태가 수원부사로 임명된 1789년부터 장용대장으로 활동하던 1798년 사이에 정조가 보낸 것으로 추정된다 수원을 중심으로 요동치던 당시의 정국 현황을 파악할 수 있는 매우 중요한 어찰첩이다 어찰 내용을 살펴보면 정조는 수원에 있던 조심태와 수시로 편지를 교환하면서 현지의 사정을 파악하고 그때그때 필요한 조치를 처리해 나갔으며 모종의 비밀 업무도 지시한 후 그 결과를 기다렸음을 알 수 있다 조심태는 정조와 서로 밀서를 주고받던 핵심 측근 관료였다 현재까지 알려진 조심태 관련 정조 어찰첩으로는 유일하다 조심태는 1768년(영조 44) 무과 급제하고 여러 무관직을 두루 거쳐 1789년 수원부사를 역임하였다 이때 현륭원(顯隆園)을 옮겨오는 일과 수원의 도시 기반 시설을 구축하는 일 등 어려운 임무를 차질 없이 처리하였다 이후 총융사 금위대장 어영대장 등을 지내다가 1794년 승격된 화성유수로 다시 제수되었고 수원화성 축성의 주요 직책을 겸하였다 정조가 번암 채제공과 함께 가장 총애하던 무반계 신하였다 소재지상세: 경기도 수원시 팔달구 창룡대로 21 (매향동 수원화성박물관)', 'score': 0.7124090588223135}, {'text_segment': '국가유산명_국문: 수원 서북공심돈 국가유산명_한자: 水原 西北空心墩 국가유산종목: 보물 시도명: 경기 시군구명: 수원시 시대: 조선시대 내용: 화성의 화서문 옆에 위치하고 있으며 조선 정조 20년(1796)에 건립되었다 수원 서북공심돈은 화성 서북측 성벽에서 돌출시켜 남측면의 일부만 성곽에 접하고 나머지 3면이 돌출된 평면을 이루고 있다 3층 구조로 하부 치성(雉城)은 방형의 석재를 사용하였고 1층과 2층 외벽과 3층 하부는 전돌로 쌓았다 1 2층 각 면에는 6개의 총안(銃眼)이 있으며 3층에는 여장(女墻)을 쌓고 같은 높이에 4개의 총안을 내었다 3층 포루(鋪樓)는 정면 2칸 측면 2칸의 팔작 기와지붕으로 벽면 위쪽의 판문에는 전안(箭眼)이 설치되어 있다 치성의 북측면과 서측면에는 각 2개소의 현안(懸眼)을 두어 성에 접근하는 적을 방어할 수 있도록 하였고 하부는 성벽의 석재를 오목하게 “∪”자형으로 가공하여 상부 전돌 현안과 연결되게 하였다 수원 서북공심돈의 성제(城制)는 현존 성곽 건축에서는 화성에서만 볼 수 있는 것으로 재료의 유연성과 기능성이 우수하며 치성의 석재 쌓기 기법과 상부 공심돈의 전돌 축조 기법 현안과 총안 전안 등의 중요한 시설 등 독창적인 건축형태와 조형미를 가지고 있다 소재지상세: 경기 수원시 팔달구 장안동 332번지', 'score': 0.6886965697908394}, {'text_segment': '국가유산명_국문: 수원 화령전 운한각·복도각·이안청 국가유산명_한자: 水原 華寧殿 雲漢閣·複道閣·移安廳 국가유산종목: 보물 시도명: 경기 시군구명: 수원시 시대: 조선시대 내용: 수원 화령전은 화성 축조(1793～1796)를 주도 했던 정조(1752～1800)가 승하한 뒤 어진을 모실 영전 건축으로 1801년 건립되었으며 전주의 경기전과 함께 궁궐 밖에 남아있는 드문 사례로 정조 이후의 모든 왕들이 직접 방문하여 제향을 하였다는 점에서 그 위상이 더욱 높다고 할 수 있다 운한각 복도각 이안청은 화령전의 중심 건축군으로 정전인 운한각과 직각으로 이안청이 배치되고 복도각으로 연결된 ㄷ자형 구성으로 조선초기 정자각 정전에 이안청이 별도로 있는 영전과는 달리 조선후기 변화된 새로운 형식의 영전 공간구성을 보여주고 있다 또 정전의 평면구성이 중앙에 어진을 봉안하는 합자를 두고 좌우에 온돌이 있는 협실을 두었으며 여러 물품을 보관했던 퇴칸은 주칸의 크기를 달리해 격식을 두는 건축제도를 보여준다 소재지상세: 경기도 수원시 팔달구 신풍로23번길 15 (신풍동)', 'score': 0.6843386612487052}]",정조
대한민국 임시정부의 주석으로 독립운동을 이끈 인물은 누구인가요?,"[{'text_segment': '국가유산명_국문: 대한민국임시정부 성립 축하문과 선언서 국가유산명_한자: NaN 국가유산종목: 국가등록문화유산 시도명: 서울 시군구명: 동작구 시대: 1919년 내용: 「대한민국임시정부 성립 축하문과 선언서」는 1919년 3·1 만세운동(이하 ‘3·1운동’) 이후 상해에서 수립된 대한민국임시정부가 같은 해 9월 국내의 ‘한성정부’ 연해주의 ‘대한국민의회’와 통합되어 ‘대한민국임시정부’로 출범하자 이를 기념하고 제2차 독립시위운동을 촉구하고자 대한민족대표 30인의 이름으로 10월 31일 발행된 활판 인쇄 전단지이다 당시 다이쇼일왕의 천장절인 10월 31일에 맞춰 해당 문서들을 발표함으로써 3·1운동과 같은 전국적 시위운동을 다시 한번 전개하여 일제에 저항하고자 했으며 그 결과 국내 곳곳에서 대규모 만세시위가 일어나는 등 초기 임시정부 독립운동의 역사를 보여주고 있다 그 동안 문헌을 통해서만 그 존재가 알려져 있었으나 1967년 김양선(1907~1970) 교수가 숭실대학교에 기증하면서 유일한 실물 전단 형식의 문건이 알려졌다 이 문서들은 3·1운동 이후 대한민국임시정부의 수립과 당시의 독립운동 전개 양상을 보여주는 중요한 자료라는 점에서 국가등록문화유산으로 보존할 만한 충분한 가치가 있다 소재지상세: 서울특별시 동작구 상도로 369 (상도동 숭실대학교) 한국기독교박물관', 'score': 0.96263339416301}, {'text_segment': '국가유산명_국문: 독립신문(獨立新聞) 상해판(2020) 국가유산명_한자: NaN 국가유산종목: 국가등록문화유산 시도명: 경기 시군구명: 파주시 시대: 일제강점기 내용: ‘독립신문(獨立新聞) 상해판’은 1919년 8월부터 1926년 11월까지 중국 상하이(上海)에서 국한문으로 발행된 대한민국임시정부의 기관지로서 임시정부의 활동상을 소개하고 국내의 독립운동 동향 만주와 연해주의 독립군 전투를 비롯한 활동 내용 등 독립운동 전반에 관한 풍부한 내용을 담고 있다 해당 유물은 대한민국 임시정부의 역할과 존재가치를 실증하고 있으며 민족의 독립의식을 고취하여 대한민국임시정부가 독립운동을 하는 데 중요한 역할을 하였으므로 귀중한 가치를 지니고 있다 다만 해당 신문 발행에 참여한 이광수와 주요한은 「일제강점하 반민족행위 진상규명에 관한 특별법」에 따른 친일반민족행위진상규명 보고서에 포함된 인물이다 소재지상세: 경기도 파주시 헤이리로 30 (탄현면 국립민속박물관 파주)', 'score': 0.9102978408336639}, {'text_segment': '국가유산명_국문: 대한민국임시정부 특발 추조 편지 및 소봉투 국가유산명_한자: NaN 국가유산종목: 국가등록문화유산 시도명: 부산 시군구명: 서구 시대: 일제강점기 내용: ‘대한민국임시정부 특발 추조 편지 및 소봉투’는 독립운동가 이교재(李敎載 1887~1933)가 임시정부로부터 수령해온 문건들로 임시정부 활동을 위한 지원금을 요청한 내용과 사망한 독립 운동가에게 조의를 표하는 내용 등을 담고 있다 해당 문건들은 만주사변이 발발하자 국제정세의 대변동으로 독립운동 재흥의 호기가 왔다고 판단한 임시정부가 재정부족을 해결하기 위해 독립운동 자금 조달을 어떻게 계획하였고 그 실행방법을 추정해볼 수 있는 중요한 자료이다 소재지상세: 부산광역시 서구 구덕로 225 (부민동2가 동아대학교 석당박물관)', 'score': 0.9031180206155226}, {'text_segment': '국가유산명_국문: 한국광복군 총사령부 성립 전례식 서명문 국가유산명_한자: NaN 국가유산종목: 국가등록문화유산 시도명: 충남 시군구명: 천안시 시대: 1940년 내용: ‘한국광복군 총사령부 성립 전례식 서명문’은 1940년 9월 17일 중국 충칭의 가릉빈관에서 임시정부 주석이자 광복군창설위원회 위원장인 김구 주관하에 거행된 한국광복군 총사령부 성립 전례식 관련 유물이다 서명문은 전례식에 참석한 중국 측 인사 및 서방 외교사절 신문사 대표들이 서명한 원본 방명록으로 충칭 시기 대한민국임시정부와 한국광복군의 독립운동과 외교 활동 및 언론 창구를 확인할 수 있는 자료이다 소재지상세: 충청남도 천안시 동남구 독립기념관로 1 (목천읍 독립기념관)', 'score': 0.8775910063935026}, {'text_segment': '국가유산명_국문: 김붕준 일가 유물 국가유산명_한자: 金朋濬 一家 遺物 국가유산종목: 국가등록문화유산 시도명: 경기 시군구명: 파주시 시대: 1920~1944년 내용: 대한민국임시의정원 의장과 대한민국임시정부 국무위원 등을 역임한 김붕준(金朋濬 1888∼1950) 일가는 부인 노영재 장남 김덕목 큰 딸과 사위(김효숙과 송면수) 둘째 딸과 사위(김정숙과 고시복) 등 7명이 독립운동에 헌신했던 대표적인 독립운동 가문이다 역대 임시의정원 개최 일람표는 임시정부가 중국 광주에 대표부를 설치하였다는 사실을 알게 해주며 아들 김덕목의 중산대학 졸업앨범과 중국국민당 당원증 졸업증서 등은 임시정부와 중국 국민당과의 관계를 알 수 있어 사료적 가치가 매우 높다 특히 임시정부에서 활동한 임시정부요인과 그 가문의 중국에서의 활발한 독립 활동과 생활상등을 폭넓게 알 수 있는 자료로 가치가 높다 소재지상세: 경기도 파주시 헤이리로 30 (탄현면 국립민속박물관 파주)', 'score': 0.8621974952616471}]",김구
홍익인간의 의미는 무엇인가요?,"[{'text_segment': '국가유산명_국문: 정선 필 청풍계지각 국가유산명_한자: 鄭敾 筆 淸風溪池閣 국가유산종목: 시도유형문화유산 시도명: 부산 시군구명: 서구 시대: 조선시대 내용: &lt;정선 필 청풍계지각&gt;은 겸재 정선(鄭敾 1676∼1759)이 청풍계(淸風溪)의 풍경과 그 속에 자리 잡은 청풍지각(淸風池閣)을 표현한 진경산수화이다 청풍계는 ‘맑은 바람이 부는 계곡’ 이란 의미로 서울 인왕산 기슭의 골짜기인 현재 종로구 청운동 일대를 말한다 이 작품은 정선의 노년시절 무르익은 화법에 청풍지각을 중심으로 그려진 유일한 작품으로 예술적 가치를 인정받아 부산광역시지정 문화유산자료에서 유형문화유산으로 승격되었다 화면 우측에는 ‘청풍계지각(淸風溪之閣)’의 제목과 ‘겸재(謙齋)’라는 호가 쓰여 있어 정선의 작품임을 확인할 수 있다 무엇보다 작은 화폭에 청풍지각이 완전히 표현되어 있는 점이 정선의 다른 청풍계 그림에서 찾아볼 수 없다 소재지상세: 부산광역시 서구 구덕로 225 (부민동2가 동아대학교석당박물관)', 'score': 0.7244373857975006}, {'text_segment': '국가유산명_국문: 백자장군 국가유산명_한자: 白磁장군 국가유산종목: 시도유형문화유산 시도명: 서울 시군구명: 종로구 시대: NaN 내용: 16세기 후반～17세기 경 廣州 分院의 官窯에서 제작된 것으로 추정되는 素文 白磁 장군이다 이 白磁甁은 굽이 없는 원통형의 몸체 중앙에 구멍을 뚫고 구연을 만든 장군병으로 물레를 이용하여 성형을 했는데 한쪽 면에는 성형할 때의 흔적이 남아 있다 규모가 크며 전체적으로 높이도 높다 몸체 한 부분이 굵어 그 쪽으로 세우게 되어 있고 굽은 안 바닥이 조금 오목해진 平底이다 胎土가 치밀하며 釉藥은 병 전체에 걸쳐 순백색으로 깔끔하게 施釉되었다 이 병에 있어서 특이한 점은 ‘口右’라는 銘文이 陰刻되어 있다는 것인데 이 銘文이 무엇을 의미하는 지는 아직 분명치 않다 이와 관련하여 ‘口’는 干支를 ‘右’는 左․右의 右를 표시하며 이러한 ‘干支․左右’ 銘을 새기는 것은 17세기의 官窯에서 進上品을 표시한 것이라는 견해도 있다 胎土와 施釉 상태 만듦새 등에서 판단할 때 이 백자장군은 현존하는 장군 甁 중에서 상태가 매우 양호한 편이다 소재지상세: 서울특별시 종로구 새문안로 55 (신문로2가 서울역사박물관)', 'score': 0.7043874525679397}, {'text_segment': '국가유산명_국문: 하동 쌍계사 마애여래좌상 국가유산명_한자: 河東 雙磎寺 磨崖如來座像 국가유산종목: 문화유산자료 시도명: 경남 시군구명: 하동군 시대: NaN 내용: 경상남도 하동군 화개면 쌍계사 대웅전의 동쪽에 있는 큰 암석의 한 면을 움푹 들어가게 파내고 그 안에 불상을 돋을새김 하였다 머리 위에는 상투 모양의 머리묶음이 높고 크게 표현되었으며 옷은 두툼하여 옷주름이 무릎 부분 이외에는 뚜렷하지 않다 왼손은 오른손 위에 올려 놓고 있어 무엇인가를 받들고 있는 듯하다 스님으로 보일 만큼 매우 순박한 모습의 이 불상은 옷이나 손모양 등에서 특이한 점이 보이며 고려시대에 만든 것으로 추정된다 소재지상세: 경상남도 하동군 쌍계사길 59 (화개면) 쌍계사', 'score': 0.6806441432012289}, {'text_segment': '국가유산명_국문: 보성 도촌리 분청사기 요지 국가유산명_한자: 寶城 道村里 粉靑沙器 窯址 국가유산종목: 시도기념물 시도명: 전남 시군구명: 보성군 시대: NaN 내용: 보성 도촌리 분청사기 요지는 역사성과 학술성 예술성 공간성 등을 고루 갖추고 있는데 무엇보다 전라남도를 대표하는 기법인 덤벙 분장 기법을 유감없이 표현하고 있는 분청사기를 생산한 요지이다 발굴조사와 지표조사 결과 유적이 양호하게 남아 있고 출토 유물 역시 보성 덤벙 분청사기의 성격을 알 수 있는 도촌리 학동 분청사기 1호 요지와 도촌리 가장 분청사기 2호 요지를 지정관리중임 소재지상세: 전라남도 보성군 득량면 도촌리 66-1', 'score': 0.6602161820136325}, {'text_segment': '국가유산명_국문: 세종 구 산일제사 공장 국가유산명_한자: NaN 국가유산종목: 국가등록문화유산 시도명: 세종 시군구명:   시대: 일제강점기 내용: 최초 산일제사공장의 건물로서 톱날형 지붕 구조는 북쪽에 창을 높게 설치하여 내부에 균일한 빛을 받기위한 것이며 이는 초기 산업유산으로서 제사공장 건축을 이해할 수 있다는 측면에서 의미가 있다 또한 한국전쟁 당시 조치원여자고등학교 임시교사로 사용되었던 장소로 지역적 역사적 의미를 지닌 건물로 보존가치가 크다 * 제사공장(製絲工場) : 누에고치에서 실을 만드는 공장 소재지상세: 세종특별자치시 조치원읍 남리 60-1', 'score': 0.655401856204838}]",널리 인간을 이롭게 한다
청동기 시대에 무덤으로 사용된 대표적인 유적은 무엇인가요?,"[{'text_segment': '국가유산명_국문: 울산매곡동생활유적 국가유산명_한자: 울산매곡동생활유적 국가유산종목: 시도기념물 시도명: 울산 시군구명: 북구 시대: NaN 내용: 울산 매곡동 생활유적은 현재 매곡지방산업단지 부지에 위치하는 유적이다 2002년부터 2004년까지 이루어진 발굴조사를 통해 유적이 알려지게 되었으며 청동기시대 집터 삼국시대 무덤과 숯가마 구덩이 조선시대 무덤 숯가마 등 여러 시대의 다양한 유구가 확인되었다 매곡동 생활유적은 청동기시대부터 조선시대에 이르는 복합유적으로 이 지역의 고대인들의 생활상을 연구하는데 중요한 자료이다 발굴된 청동기시대 유구는 집자리가 대표적인데 모두 네모꼴의 움집[竪穴住居] 구조이다 집자리에서는 배수시설 기둥자리 화덕자리 등이 확인되었는데 특히 배수시설은 울산지역 청동기시대 집터의 중요한 특징 중에 하나이다 기둥자리는 집의 규모에 따라 4개~8개가 확인되는데 대부분 4개~6개의 기둥자리를 갖고 있다 화덕은 집터 바닥에서 확인되는데 음식을 조리하거나 난방의 기능을 하였다 삼국시대 유구는 무덤 구덩이 숯가마 등 다양하다 특히 숯가마는 이 일대에 가장 많이 분포하는데 이곳에서 숯을 제작해 경주에 보급하였을 것으로 추정된다 숯가마는 불구덩이 앞의 전면작업장 불을 피우는 연소부 숯을 적재해 굽는 소성부 연기가 배출되는 연도부 측면 구멍인 측구 측면작업장 등으로 이루어졌다 고대의 숯은 대부분 제철작업에 연료로 사용되는데 인근에 달천철장이 위치하는 것을 볼 때 이 일대에서 활발한 제철활동이 있었던 것을 짐작할 수 있다 소재지상세: 울산광역시 북구 매곡동 351-10', 'score': 0.830114483833313}, {'text_segment': '국가유산명_국문: 다운동고분군 국가유산명_한자: 茶雲洞古墳群 국가유산종목: 시도기념물 시도명: 울산 시군구명: 중구 시대: NaN 내용: 청동기시대부터 통일신라시대에 걸쳐 조성된 대규모 고분군으로 태화강과 척과천 사이의 구릉지대에 형성되어 있다 1993년과 1995년의 발굴조사 결과 청동기시대의 마을과 무덤 위에 다시 삼국시대 및 통일신라시대의 무덤이 더해진 복합유적임을 알게 되었다 청동기시대 문화층에서는 긴 네모꼴의 움집터들이 확인되었고 민무늬토기 등 청동기시대를 대표하는 토기와 돌촉 등의 석기류가 출토되었다 삼국시대 초기 유적층에서는 둘레에 도랑이 돌려진 널무덤[木棺墓] 덧널무덤[木槨墓] 삼국시대 후기 유적층에서는 구덩식돌널무덤[竪穴式石槨墓] 굴식돌방무덤[橫穴式石室墳]이 발견되었고 널무덤이나 돌널무덤 사이로 자그마한 독무덤[甕棺墓]들이 확인되었다 여러 형태 무덤에서는 껴묻거리로 금동제 허리띠장식 금동관 등 금동제 장식품들과 토기류 철기류가 다량 출토되었다 특히 1995년 조사된 다운동 7호 집터에서는 팥 조 수수 등의 곡물들이 탄화된 상태로 발견 되었는데 이것들은 청동기시대 울산지역의 농경문화를 연구하는데 중요한 자료이다 소재지상세: 울산 중구 다운동 산147번지 일원', 'score': 0.8161180921866574}, {'text_segment': '국가유산명_국문: 산청특리지석묘군 국가유산명_한자: 山淸特里支石墓群 국가유산종목: 시도기념물 시도명: 경남 시군구명: 산청군 시대: 청동기시대 내용: 지석묘는 청동기시대의 대표적인 무덤으로 고인돌이라고도 부르며 주로 경제력이 있거나 정치권력을 가진 지배층의 무덤으로 알려져 있다 우리나라의 고인돌은 4개의 받침돌을 세워 돌방을 만들고 그 위에 거대하고 평평한 덮개돌을 올려 놓은 탁자식과 땅 속에 돌방을 만들고 작은 받침돌을 세운 뒤 그 위에 덮개돌을 세운 바둑판식으로 구분된다 이곳의 고인돌 유적은 금호강변을 따라 자리잡고 있는 특리 사평 마을의 논밭과 농가 곳곳에서 확인되고 있다 이 곳에서는 고인돌의 덮개돌 35기가 무리지어 확인되었고 주위에서는 신석기시대의 것으로 보이는 토기조각도 발견되었다 금호강변의 충적지대에 위치한 지리적 조건으로 볼 때 고인돌 유적 뿐 아니라 당시의 주거지 유적이 발견될 가능성도 남아있다 경상남도 내륙 지방에서는 드물게 대규모로 발견된 고인돌 유적이라는 점에서 중요한 자료로 평가된다 소재지상세: 경남 산청군 금서면 특리 291번지 외 14필지', 'score': 0.786093257308483}, {'text_segment': '국가유산명_국문: 충주 조동리 고인돌 국가유산명_한자: 忠州 早洞里 支石墓 국가유산종목: 시도기념물 시도명: 충북 시군구명: 충주시 시대: 청동기시대 내용: 지석묘는 청동기시대의 대표적인 무덤으로 고인돌이라고도 부른다 우리나라의 고인돌은 4개의 받침돌을 세워 돌방을 만들고 그 위에 거대하고 평평한 덮개돌을 올려놓는 탁자식과 땅속에 돌방을 만들고 작은 받침돌을 세운 뒤 그 위에 덮개돌을 올린 바둑판식으로 구분된다 충주 조동리의 지석묘는 조동리 탑평마을 중심부에 위치하며 민가에 둘러싸여 있다 여러 개의 자연돌을 고임돌로 사용하고 그 위에 커다란 덮개돌을 올려 놓은 전형적인 바둑판식 고인돌의 형태를 갖추고 있다 특히 다른 지방의 고인돌과 달리 덮개돌 위에 평면 타원형의 돌을 올려 놓아 3층의 탑과 같은 구조를 이루고 있어 매우 특이한 구조를 갖추고 있다 덮개돌 위의 2층은 본래 고인돌 축조와는 시기 차이가 있는 것으로 보이며 이는 불교 전래 이후 탑의 모습을 모방하여 쌓은 것으로 추정되어 고인돌과 불교가 결합하는 과정에서 형성된 독특한 양식으로 주목된다 조동리 지석묘는 바둑판식 고인돌로서 3층 구조의 특이한 외부구조를 갖추고 있고 보존상태도 매우 양호하며 청동기시대의 묘제연구에 중요한 학술 자료가 된다 특히 조동리 선사시대(신석기∼청동기) 생활유적과 인접하고 있어 중원지방의 청동기시대 생활문화상을 연구하는데 매우 중요한 유적이다 소재지상세: 충북 충주시 동량면 조동리 1756번지', 'score': 0.7764601475720061}, {'text_segment': '국가유산명_국문: 울주교동리생활유적 국가유산명_한자: 울주 교동리생활유적 국가유산종목: 시도기념물 시도명: 울산 시군구명: 울주군 시대: NaN 내용: 교동리 생활유적은 울주군 교동리에 있는 경부고속도로 서울산 나들목의 서쪽 구릉 일대에 자리잡고 있다 본 유적이 입지하는 구릉은 경부고속철도 역사가 있는 곳까지 이어져있으며 구릉 전체에 청동기시대부터 조선시대의 유구가 분포한다 이곳은 울산지역에서 가장 규모가 큰 청동기시대~삼한시대 취락유적이며 청동기시대 취락연구에 중요한 유적으로 평가받고 있다 발굴조사에서는 청동기시대 집자리 삼한시대 환호 조선시대 무덤 등이 확인되었다 울산지역의 청동기시대 집자리는 긴 네모꼴 네모꼴의 형태가 있으며 긴 네모꼴은 청동기시대의 이른 시기 네모꼴은 늦은 시기에 해당된다 이 유적의 청동기시대 집터는 대부분 긴 네모꼴 또는 네모꼴의 모양이만 한반도 서남부지역에서 주로 확인되는 둥근모양의 집자리(소위 송국리형집자리)도 1기가 확인되었다 유물은 각종 토기류 뿐만 아니라 별모양석기 등의 의기류와 목제 괭이 그물추 등이 출토되어 당시 사람들의 다양한 의례활동과 생업활동을 엿볼 수 있다 삼한시대 유구는 환호와 구덩이가 조사되었다 환호는 도랑을 파서 마을이나 구릉을 감싸는 시설이다 예전에는 마을을 보호하는 방어시설로 생각했으나 최근에는 의례공간으로 외부와 경계 짓는 시설로 보는 견해가 많다 우리나라에서 조사된 환호는 청동기시대의 것이 대부분이며 삼한시대 환호는 영남지방의 다른 지역에서도 조사된 사례가 드문 귀중한 자료이다 소재지상세: 울산광역시 울주군 반구대로 716 (삼남면)', 'score': 0.7593620125955098}]",고인돌
상하이 홍커우 공원에서 일본군 고관들을 처단한 독립운동가는 누구인가요?,"[{'text_segment': '국가유산명_국문: 망우 독립유공자 묘역 - 서동일 묘소 국가유산명_한자: 忘憂 獨立有功者 墓域 - 徐東日 墓所 국가유산종목: 국가등록문화유산 시도명: 서울 시군구명: 중랑구 시대: NaN 내용: 서동일(徐東日)은  1923년 1월 중국 북경(北京)으로 망명하여 국권회복을 위하여 군대를 양성하고 무력으로 독립을 쟁취하기 위해 국민당(國民黨)을 조직하자 가입하여 경북 대구 일대에서 군자금을 모집하여 북경에 전달하였으며 1925년 무언실행(無言實行)을 행동지침으로 일제 앞잡이를 처단하는 다물단(多勿團)이 조직되자 이에 가입하고 군자금 모집활동을 하다 일본경찰에 의해 체포되어 옥고를 치른 독립 운동가이다 소재지상세: 서울특별시 중랑구 망우동 산 57-3', 'score': 0.8889185554648522}, {'text_segment': '국가유산명_국문: 서재필 진료가운 국가유산명_한자: 徐載弼 診療가운 국가유산종목: 국가등록문화유산 시도명: 충남 시군구명: 천안시 시대: 1952년 이전 내용: 독립운동가 서재필이 의사로서 미국에서 활동할 때 착용한 진료가운이다 갑신정변 이후 미국에 망명하여 의사로 활동하면서 독립운동을 전개하였던 미주지역 독립운동의 대표적 인물인 서재필이 의사로서의 본직을 지녔으나 애국적 열망으로 독립운동가로서의 활동에 헌신한 의사 서재필의 모습을 입증해 주는 귀중한 유물이다 소재지상세: 충청남도 천안시 동남구 독립기념관로 1 (목천읍 독립기념관)', 'score': 0.769892629495287}, {'text_segment': '국가유산명_국문: 박상진 의사 옥중 편지 및 상덕태상회 청구서 국가유산명_한자: NaN 국가유산종목: 국가등록문화유산 시도명: 울산 시군구명: 남구 시대: 1910년대 내용: 「박상진 의사 옥중 편지 및 상덕태상회 청구서」는 의열투쟁 비밀단체 ‘광복회’를 결성하고 총사령을 역임한 박상진(朴尙鎭 1884-1921)의 유물로 ‘광복회’ 연락거점의 실체와 투옥당시 상황을 알 수 있다 「옥중 편지」는 ‘광복회’가 친일부호 처단 사건 등으로 대거 체포될 당시 투옥된 박상진이 공주 감옥에서 동생들에게 쓴 편지로 공판을 위해 뛰어난 변호사를 선임 해줄 것을 요청하는 등의 내용을 담고 있다 「상덕태상회 청구서」는 미쓰이물산(부산출장소)이 물품의 대금을 요청하는 청구서로 ‘광복회’의 비밀연락 거점지로 삼았던 ‘상덕태상회’의 실체 규모 존속기간 등을 파악할 수 있는 자료이다 이 유물들은 1910년대 국내외 조직을 갖추고 군대양성 무력투쟁 군자금모집 친일파 처단 등 항일 독립운동의 큰 역할을 한 ‘광복회’와 총사령 박상진 의사를 재조명 할 수 있는 귀중한 가치를 지닌다 소재지상세: 울산광역시 남구 두왕로 277 (신정동 박물관) 울산박물관', 'score': 0.7599721133553626}, {'text_segment': '국가유산명_국문: 대한민국임시정부 특발 추조 편지 및 소봉투 국가유산명_한자: NaN 국가유산종목: 국가등록문화유산 시도명: 부산 시군구명: 서구 시대: 일제강점기 내용: ‘대한민국임시정부 특발 추조 편지 및 소봉투’는 독립운동가 이교재(李敎載 1887~1933)가 임시정부로부터 수령해온 문건들로 임시정부 활동을 위한 지원금을 요청한 내용과 사망한 독립 운동가에게 조의를 표하는 내용 등을 담고 있다 해당 문건들은 만주사변이 발발하자 국제정세의 대변동으로 독립운동 재흥의 호기가 왔다고 판단한 임시정부가 재정부족을 해결하기 위해 독립운동 자금 조달을 어떻게 계획하였고 그 실행방법을 추정해볼 수 있는 중요한 자료이다 소재지상세: 부산광역시 서구 구덕로 225 (부민동2가 동아대학교 석당박물관)', 'score': 0.7599006213958692}, {'text_segment': '국가유산명_국문: 지청천 일기 국가유산명_한자: NaN 국가유산종목: 국가등록문화유산 시도명: 충남 시군구명: 천안시 시대: 일제강점기 내용: 독립운동가이자 정치가인 지청천(池靑天 1888～1957)이 1951년부터 1956년까지 기록한 국한문 혼용의 친필일기이다 지청천은 1919년 31운동이 일어나자 만주로 망명하여 항일투쟁을 계속하였고 광복군 총사령관에 임명되었으며 환국 후에는 제헌 국회의원 등을 역임하였다 지청천은 1919년부터 일기를 썼다고 하는데 한국전쟁 당시 분실되어 현전하는 것은 5책이며 항일무장투쟁을 이끈 독립운동가의 의식이 담긴 친필원고라는 점과 한국 현대 정치사를 연구하는 사료로서 중요한 가치가 있다고 평가받고 있다 정부에서는 고인의 공훈을 기리기 위하여 1962년에 건국훈장 대통령장을 추서하였다 소재지상세: 충청남도 천안시 동남구 독립기념관로 1 (목천읍 독립기념관)', 'score': 0.753477386456294}]",윤봉길
발해를 건국한 인물은 누구인가요?,"[{'text_segment': '국가유산명_국문: 발해태조건국지·명림답부전 국가유산명_한자: 渤海太祖建國誌·明臨答夫傳 국가유산종목: 국가등록문화유산 시도명: 서울 시군구명: 서대문구 시대: NaN 내용: 『발해태조건국지』는 1925년 대한민국임시정부의 대통령을 맡기도 한 박은식(朴殷植 1859~1925)이 1911년에 서간도 환인현(桓仁縣) 홍도천에 있던 윤세복(尹世復)의 집에서 저술한 저작의 하나이다 그의 자는 성칠(聖七) 호는 백암(白庵) 겸곡(謙谷) 태백광노(太白狂奴) 무치생(無恥生)이고 이명(異名)은 인식(仁植) 기정(箕貞) 등이다 내용은 목차(서론 발해 이전의 고구려 말운 태조의 가계와 인격 고구려 유민의 생기 영웅의 은둔 활동시기 천문령의 대승첩 태조의 건국 발해의 강역 발해의 종교와 풍속 발해의 문학 태조의 외교 태조의 후손 결론)에서 보듯이 고구려 멸망 이후 대조영이 그 유민을 이끌고 발해를 건국한 과정과 영토 문물 종교 풍속 문학 외교 후손 등을 다루고 있다 합철된 『명림답부전』은 서론 끝의 “大皇祖降世四千三百六十八年(1911)九月日著者 識”와 같이 『발해태조건국지』보다 한 달 앞선 1911년 9월에 완성되었다 박은식이 상무적인 고구려의 많은 인물 중에서도 대표적인 애국충신으로 명림답부(67~179)를 선정하여 조국독립을 위하여 혈투하는 모습을 통하여 한국민의 애국심을 함양시키고자 저술한 전기이다 명림답부는 고구려 7대 차대왕을 제거하고 차대왕의 아우 백고를 신대왕으로 모신 인물이다 그는 고구려 최초의 국상이었고 뛰어난 지략으로 한나라 대군을 물리친 명장이기도 했다 박은식이 1911년 한국역사를 만주 중심으로 이해하면서 저술한 「발해태조건국지」와 「명림답부전」의 합철본인 「발해태조건국지‧명림답부전」은 일제강점기 민족주의 사가들의 고구려‧발해 인식을 가장 명료하게 보여주는 대표적 저술로 한국근대사학사와 한국독립운동사 분야에서 중요한 문헌이다 소재지상세: 서울특별시 서대문구 연세로 50 (신촌동 연세대학교) 박물관', 'score': 0.8954480290412903}, {'text_segment': '국가유산명_국문: 대한민국임시정부 건국강령 초안 국가유산명_한자: NaN 국가유산종목: 국가등록문화유산 시도명: 경기 시군구명: 고양시 시대: NaN 내용: 독립운동가이자 정치가인 조소앙(본명 조용은 1887～1958)이 ‘삼균주의(三均主義)’에 입각하여\r\n독립운동과 건국의 방침 등을 정리한 국한문혼용의 친필문서이다 조소앙은 임정(臨政)의 대표\r\n적 이론가이자 사상가로 임시정부 수립에 중심적 역할을 수행하고 광복 직후까지 주요한 지도\r\n자로 활동하였다 조소앙이 기초한 건국강령은 1941년 11월 28일 임시정부 국무회의에서 약간\r\n의 수정을 거쳐 원안대로 통과되었으며 1948년 제헌헌법의 기본적 바탕이 되었다 이 문서는\r\n대한민국임시정부가 광복 후 어떠한 국가를 세우려했는지를 밝혀주는 중요한 자료로 그가 고\r\n심하여 수정한 흔적 등이 그대로 남아있어 더욱 가치가 높다 조소앙은 광복 후 국회의원 등으\r\n로 활약하다 625전쟁 중 납북되었으며 1989년 ‘건국훈장 대한민국장’이 추서되었다 소재지상세: 경기도 고양시', 'score': 0.592190868329289}, {'text_segment': '국가유산명_국문: 서울 여운형 묘소 국가유산명_한자: 서울 呂運亨 墓所 국가유산종목: 국가등록문화유산 시도명: 서울 시군구명: 강북구 시대: 1947년 내용: 여운형선생은 일제강점기 중국 상해의 대한민국 임시정부 국내에서 조선중앙일보와 조선건국 동맹 등을 결성하여 항일독립운동과 자주독립국가 건설을 위해 노력한 독립운동가이자 언론인으로 활동한 독립운동의 공적을 인정받아 대한민국장을 수여받은 인물로 이 곳은 선생의 애국정신을 기릴 수 있는 역사적·교육적 가치가 큰 곳이다 소재지상세: 서울특별시 강북구 우이동 106-1', 'score': 0.5891686661604798}, {'text_segment': '국가유산명_국문: 서울 건국대학교 구 서북학회회관 국가유산명_한자: 서울 建國大學校 舊 西北學會會館 국가유산종목: 국가등록문화유산 시도명: 서울 시군구명: 광진구 시대: 1907 내용: ㅇ르네상스양식의 민족애국단체 회관으로 건립 건국대학교 교정안 해체복원(1985년)\r\nㅇ 건립당시에는 민족애국단체인 “서북학회”의 회관으로 종로구 낙원동에 세워졌던 건물이다 일제강점기에는 오성학교 보성전문학교 협성실업학교 등 민족계 학교의 교사로 사용되다가 1941년 건국대학교 설립자 유석창박사가 인수하였다 광복 후에는 이 건물에서 각종 정치단체와 교육기관들이 창설되기도 하였으며 1946년에 건국대학교의 모체인 조선정치학관이 창립되었다 그 후 건국대학교 법인 사무실 등으로 사용되었다 1977년 도시계획으로 철거해체되어 주요 자재를 현 건국대학교 캠퍼스(모진동)에 야적/보관하고 있다가 1985년 복원하여 학교건립자의 기념관 겸 박물관으로 사용하고 있다 \r\nㅇ 건립 때의 사진과 철거 전의 사진을 비교하면 건립 때부터 1977년 해체 때까지 적어도 지붕부분에 수리가 있었을 것으로 추측된다 그리고 현재 위치에 복원한 건물은 1977년 때의 모습을 기준으로 하였다 소재지상세: 서울 광진구 아차산로 263 (화양동)', 'score': 0.5669591708669891}, {'text_segment': '국가유산명_국문: 율리사 국가유산명_한자: 栗里祠 국가유산종목: 문화유산자료 시도명: 충남 시군구명: 서천군 시대: NaN 내용: 고려시대의 장군 신숭겸을 중심으로 평산 신씨 7인의 위패를 모신 사당으로 원래는 문중사당으로 세덕사라 불리웠다 신숭겸(？∼927)은 몸집이 크고 무예가 뛰어났으며 왕건을 도와 고려를 건국하는데 큰 공을 세웠다 고려 태조 10년(927) 대구 공산전투에서 후백제 견훤에게 포위당해 태조 왕건이 위급해지자 대신 왕건의 옷을 입고 싸워 전사한 인물이기도 하다 처음에는 조선 철종 1년(1850)에 세덕사를 지어 모셨고 흥선대원군의 서원철폐령으로 철거되었다가 1918년에는 율리사로 바꿔 다시 지었다 율리사는 앞면 3칸·옆면 1칸 건물이며 지붕은 옆면에서 볼 때 사람 인(人)자 모양을 한 맞배지붕이다 안에는 신숭겸 등 7인의 위패와 신숭겸 영정을 모시고 있다 그 외에 내삼문 강당 율리세덕사유허비 등이 남아 있다 소재지상세: 충남 서천군 비인면 율리 193번지', 'score': 0.5195994325632434}]",대조영
고려 태조 왕건이 왕권 강화를 위해 사용한 정책은 무엇인가요?,"[{'text_segment': '국가유산명_국문: 안성 봉업사지 국가유산명_한자: 安城 奉業寺址 국가유산종목: 사적 시도명: 경기 시군구명: 안성시 시대: 고려 광종 내용: ○ 안성 봉업사지는 고려 광종 대 왕권강화를 위해 태조 왕건 진영을 봉안한 진전사원으로 지어진 고려시대 사찰유적으로 중심사역과 진전영역으로 구분된 다원 체계로 구성됨\r\n  -「고려사」에 공민왕 12년(1363) 봉업사를 방문하여 태조왕건의 어진을 알현한 기록이 있음 - 중심사역은 주불전구역과 승방구역으로 구분되는데 주불전구역에서는 중문지-오층석탑-금당지-강당지 등으로 이루어진 1탑 1금당 양식으로 조성되었고 승방구역은 수행공간과 생활공간으로 영역을 구분하였음 - 어진을 봉안하는 진전영역은 중심사역의 서북쪽에 배치되어 있고 별원(別院) 형식으로 외곽에 담장을 둘러 그 영역을 신성화 하였음 ○ 안성 봉업사지는 봉업사의 변천 양상과 고려시대 진전사원의 구조 및 특징을 이해하는데 중요한 문화유산으로 역사적·학술적 가치가 뛰어남 소재지상세: 경기도 안성시 죽산면 죽산리 145-3', 'score': 0.7038579434156418}, {'text_segment': '국가유산명_국문: 율리사 국가유산명_한자: 栗里祠 국가유산종목: 문화유산자료 시도명: 충남 시군구명: 서천군 시대: NaN 내용: 고려시대의 장군 신숭겸을 중심으로 평산 신씨 7인의 위패를 모신 사당으로 원래는 문중사당으로 세덕사라 불리웠다 신숭겸(？∼927)은 몸집이 크고 무예가 뛰어났으며 왕건을 도와 고려를 건국하는데 큰 공을 세웠다 고려 태조 10년(927) 대구 공산전투에서 후백제 견훤에게 포위당해 태조 왕건이 위급해지자 대신 왕건의 옷을 입고 싸워 전사한 인물이기도 하다 처음에는 조선 철종 1년(1850)에 세덕사를 지어 모셨고 흥선대원군의 서원철폐령으로 철거되었다가 1918년에는 율리사로 바꿔 다시 지었다 율리사는 앞면 3칸·옆면 1칸 건물이며 지붕은 옆면에서 볼 때 사람 인(人)자 모양을 한 맞배지붕이다 안에는 신숭겸 등 7인의 위패와 신숭겸 영정을 모시고 있다 그 외에 내삼문 강당 율리세덕사유허비 등이 남아 있다 소재지상세: 충남 서천군 비인면 율리 193번지', 'score': 0.6660151495947175}, {'text_segment': '국가유산명_국문: 삼중대광사도광리군 목상 국가유산명_한자: 三重大匡司徒廣理君 木像 국가유산종목: 문화유산자료 시도명: 경남 시군구명: 밀양시 시대: NaN 내용: 고려 태조 왕건을 도와 후백제를 평정하는데 공을 세운 밀양손씨의 입향조이자 중시조인 손긍훈(孫兢薰)의 목상이다 손긍훈은 고려 건국공신으로 태조 왕건을 도와 후백제 견훤의 아들인 신검을 황산전투에서 사조잡은 공로로 좌명공신에 선정되고 광리군에 봉해졌으며 그가 죽은 후에 삼중대광사도에 추증되었다 1894년 갑오경정 이후 관향이 폐지되자 후손들이 춘복재의 현충사로 이봉하여 모셨으며 현재는 밀양시립박물관에 보관 중이다 목상은 붉은 관복을 입고 오른손에 긴 칼을 들고서 의자에 앉은 무인의 모습을 나무로 깎아 만들었는데 매서운 눈과 큰 키로 보아 힘찬 호령을 하는 듯한 표정을 하고 있다 이 상(像)은 원래 소상(塑像)이었다고 하나 목상으로 바뀐 시기는 구체적으로 알 수 없다 소재지상세: 경상남도 밀양시 밀양대공원로 100 (교동 밀양시립박물관독립운동기념관)', 'score': 0.6166118309125127}, {'text_segment': '국가유산명_국문: 나주완사천 국가유산명_한자: 羅州浣紗泉 국가유산종목: 시도기념물 시도명: 전남 시군구명: 나주시 시대: NaN 내용: 나주시청 앞쪽의 300여m 국도변에 있는 샘물이다 고려 태조 왕건과 장화왕후 오씨부인이 인연을 맺은 장소로 이 샘을 빨래샘 즉 ‘완사천(浣紗泉)’이라 부르고 있다 전하는 말에 의하면 왕건이 고려를 건국하기 전 나주에 10년간 머무르게 되었는데 어느날 진 위쪽 산 아래에 다섯가지 색의 상서로운 구름이 있어 가보니 샘에서 아리따운 여인이 빨래를 하고 있었다 왕건이 물 한그릇을 청하자 여인이 버들잎을 띄워 주었는데 급히 물을 마시지 않게 하기 위함이었다 한다 왕건은 여인의 총명함과 미모에 끌려 그녀를 아내로 맞이하였는데 그 분이 장화왕후 오씨부인이고 그 분의 몸에서 태어난 아들 무(武)가 제 2대 왕 혜종이 되었다 1986년에 새로 정비하였고 그 뒤 현재의 모습으로 남아있다 소재지상세: 전남 나주시 송월동 1096-7번지', 'score': 0.5998287804339637}, {'text_segment': '국가유산명_국문: 밀양 경덕단 국가유산명_한자: 密陽 景德壇 국가유산종목: 문화유산자료 시도명: 경남 시군구명: 밀양시 시대: NaN 내용: 경덕단은 신라 제55대 왕이었던 경명왕의 팔대군중 장자로서 왕통을 불사하고 밀성군에 책봉된 밀성대군 박언침과 신라말 태조 왕건을 도와 고려를 건국하는데 크게 공훈을 세운 삼중대광삼한벽공도대장군 박욱 그리고 고려 개국공신 요동독포사 박란 등 삼세의 묘소가 세대가 요원하여 무전함으로 후손 시독 박해철이 1927년에 후손들의 종의를 모아 건립한 단비이다 소재지상세: 경남 밀양시 무안면 무안리 854번지', 'score': 0.5909435583604105}]",호족 포섭 정책
불국사는 어느 시대에 지어진 사찰인가요?,"[{'text_segment': '국가유산명_국문: 경주 불국사 극락전 앞 석등과 봉로대 국가유산명_한자: 慶州 佛國寺 極樂殿 앞 石燈과 奉爐臺 국가유산종목: 시도유형문화유산 시도명: 경북 시군구명: 경주시 시대: 통일신라시대 내용: -불국사 극락전 석등은 전형적인 9세기 중엽 일반형 석등 양식을 갖추고 있고 일부 부재가 일제강점기에 추가 보충되고 있지만 온전한 형태의 복원된 모습으로 통일신라 석조미술 연구사에서 중요한 가치가 있다 -석등과 봉로대가 동일한 시기에 함께 만들어진 세트 형식으로 초창 이후 조선시대까지 동일한 위치에 있다는 사실이 사찰의 조선 후기 사적기 등을 통해서 증명되고 있으며 한 세트를 이루는 귀중한 작례로 평가 할 수 있다 소재지상세: 경상북도 경주시 불국로 385 (진현동 불국사)', 'score': 0.7934734523296356}, {'text_segment': '국가유산명_국문: 일원동불국사석불좌상 국가유산명_한자: 逸院洞 佛國寺 石佛坐像 국가유산종목: 문화유산자료 시도명: 서울 시군구명: 강남구 시대: 고려시대 후기 내용: 이 불상은 고려말의 고찰(古刹)로 알려진 서울시 일원동 소재 불국사 약사보전에 봉안되어 있는 석불좌상으로 전체크기는 795cm이다 신체에 비해 얼굴이 크고 머리에는 나발이 새겨져 있으며 머리 정상에는 계주가 표현되어 있다 불상의 저부에 균열이 있고 전체적으로 호분이 여러 겹 칠해져 있어 불상의 원 상호(原 相好)를 알아보기 어려우나 동그란 얼굴에 이목구비가 섬세한 원만한 얼굴이었을 것으로 추정된다 불신(佛身)은 전체적으로 위축되었으며 머리의 크기에 비해서 어깨가 좁다 두꺼운 대의(大衣)를 편단우견식으로 착의하였는데 대의 옷주름이 일정한 간격을 이루며 약간 투박하게 새겨져 있다 두 손은 마주 포개어 결가부좌한 다리위에 올려 선정인(禪定印)을 결하고 있다 이 석불상은 기본적으로 나말여초기에 유행했던 불상형식을 계승하고 있으나 두부와 신체의 어색한 비례와 자연스럽지 않은 옷주름의 조각 등에서 볼 때 고려말기의 조각으로 추정된다 현재 사찰에서 약사불로 신앙되고 있으나 고려시대의 약사여래 도상과는 차이가 있으며 원래는 아미타불로 조성된 것이라고 생각된다 여러 차례 개채(改彩) 보수되어 원래의 모습을 유지하고 있지는 않지만  고려후기 석불조각의 지방양식을 잘 보여주는 불상으로 지정가치가 있어  서울시 문화유산자료로 지정한다 소재지상세: 서울특별시 강남구 광평로10길 30-71 (일원동 불국사)', 'score': 0.7622888899493288}, {'text_segment': '국가유산명_국문: 불국사 당간지주 국가유산명_한자: 佛國寺 幢竿支柱 국가유산종목: 시도유형문화유산 시도명: 경북 시군구명: 경주시 시대: NaN 내용: 사찰에서 법회法會나 의식意識이 있을 때는 당幢이라는 깃발을 달았다 당을 매달았던 긴 장대를 ‘당간幢竿’이라고 하며 당간을 지탱하기 위해 양쪽에 세운 2개의 돌기둥을 ‘당간지주’ 라고 한다． \r\n불국사에는 나란히 2쌍의 당간지주가 서 있는데 높이는 동쪽 당간지주가 36m 서쪽 당간지주가 345m이다 각 기둥의 안쪽 면에는 쐐기목을 박아 당간을 고정시켰던 홈과 구멍이 뚫려 있으며 서쪽 당간지주 사이에는 당간을 받쳤던 둥근 받침대가 남아 있다 동쪽 당간지주는 통일신라 때 세워진 것이지만 서쪽 당간지주는 기둥 크기와 제작 수법에 차이가 있는 것으로 보아 각기 다른 부재를 후대에 조합한 것으로 추정된다 소재지상세: 경상북도 경주시 불국로 385 (진현동 불국사)', 'score': 0.7388193095084936}, {'text_segment': '국가유산명_국문: 웅수사지석불입상 국가유산명_한자: 熊壽寺址石佛立像 국가유산종목: 문화유산자료 시도명: 경북 시군구명: 경주시 시대: NaN 내용: 웅수사(熊壽寺)는 김대성이 경덕왕 10년(751)에 불국사를 창건하기 이전에 세운 사찰이라고 전한다 원래 사냥을 좋아하였던 김대성은 어느날 토함산에 올라가서 곰을 잡은 뒤 산 밑의 마을에서 머물게 되었는데 꿈에 곰의 귀신이 나타나서 환생하여 원한을 갚겠다고 하므로 두려워서 용서를 빌었다 그런 후에 곰의 원혼을 달래기 위하여 곰을 잡았던 곳에 웅수사를 꿈을 꾼 곳에 장수사(長壽寺)를 세웠다고 한다 본래 이 불상은 동강이 난 채로 석굴암에서 보관하고 있다가 1992년에 국립경주박물관으로 옮겨 보관하고 있다 소재지상세: 경북 경주시 일정로 186 국립경주박물관 (인왕동)', 'score': 0.6843610242497635}, {'text_segment': '국가유산명_국문: 탱화장(탱화 이삼열) 국가유산명_한자: 李三烈 국가유산종목: 시도무형유산 시도명: 전북 시군구명: 익산시 시대: NaN 내용: 불화는 불상과 함께 사찰의 예배의 대상이 되는 불교미술의 중요한 분야로서 우리나라의 불화는 불교 도입 이후 벽화와 탱화의 형태로 크게 발전하였으며 특히 고려시대에는 당시 동아시아에서 최고 수준의 작품으로 인정받았다 탱화장이는 사찰에 가면 흔히 볼 수 있는 부처 혹은 보살의 초상이나 경전 등 불교의 세계관을 담아 그림을 그리는 사람이다 탱화는섬세한 선묘와 함께 색채 사용에도 심혈을 기울여야 해 거의 수행에 가까운 작업으로 불린다 이삼열은 1945년에 태어나 김일섭에게 한국불화를 사사받았다 부산 금정사 김제 금산사 경주 불국사 서울 학림사 부산 선암사 예산 수덕사 정읍 내장사 고창 선운사 무주 안국사 완주 봉서사 등 전국의 주요사찰에 단청과 불화 조성에 참여하였다 이삼열은 김일섭으로부터 전수받은 밑그림의 도상을 충실히 계승하여 조성하고 있으며 인물의 표현능력이 탁월하며 필력과 채색 등 전반적으로 작품성이 우수하다 소재지상세: 전북특별자치도 익산시', 'score': 0.6764083973578188}]",통일신라 시대
대한제국을 선포하고 황제에 즉위한 인물은 누구인가요?,"[{'text_segment': '국가유산명_국문: 국새 황제지보 국가유산명_한자: 國璽 皇帝之寶 국가유산종목: 보물 시도명: 서울 시군구명: 종로구 시대: 1897년(광무 1) 내용: 용뉴형(龍鈕形) 옥보(玉寶)인 <황제지보>는 대한제국 선포 때 제작한 고종황제의 국새 10과 중 1과로 황제가 직접 관료를 임명할 때 내려주는 임명장과 훈장서훈 사유를 적은 훈기(勳記)에 찍는 인장이다 <황제지보>는 조선이 자주국가인 대한제국이며 고종은 황제임을 선포하고 이후의 모든 국가 행정문서와 궁중의례에 사용하기 위해 제작한 어보 중의 하나이자 국새로서 역사적 가치가 있다는 점 왕실 공예품으로서의 공예사적 가치가 있는 점 국외 반출되었다가 60년 만에 환수된 의미 있는 유물로 보존 상태도 양호하다는 점 등 지정 가치가 있다 소재지상세: 서울특별시 종로구 효자로 12 (세종로 국립고궁박물관)', 'score': 0.7698781490325928}, {'text_segment': '국가유산명_국문: 대한의원 개원 칙서 국가유산명_한자: 大韓醫院 開院 勅書 국가유산종목: 국가등록문화유산 시도명: 서울 시군구명: 종로구 시대: 1908년 내용: 19081024 대한의원 개원일에 황제 순종이 내린 칙서(勅書 임금이 훈계하거나 알릴 내용을 적은 글)로 가로 세로 11cm 크기의 [勅命之寶] 국새(國璽)가 찍혀있다 선왕인 고종대 부터 추진한 일을 매듭지은 것임을 밝히고 백성들에게 의료의 혜택이 미치도록 하라는 황제의 뜻이 담긴 이 칙서는 대한의원이 대한제국의 공식 기관임을 선포하는 가장 높은 수준의 공식 문서로서 의학사적·상징적 가치가 크다 19061월 설치된 통감부는 기존 대한제국의 의료기관인 광제원 의학교 대한국적십자병원을 병합하기로 결정하고 관제 제정 및 병원 신축을 통해 1908년 대한의원을 개원하였으며 이후 대한의원은 한국 최고 수준의 서양의학을 시술하는 병원인 동시에 식민지 보건의료의 중추기능을 담당하였다 소재지상세: 서울특별시 종로구 대학로 101 (연건동 서울대학교병원) 의학박물관', 'score': 0.769008263438391}, {'text_segment': '국가유산명_국문: 국새 칙명지보 국가유산명_한자: 國璽 勅命之寶 국가유산종목: 보물 시도명: 서울 시군구명: 용산구 시대: 1898년(광무2) 내용: ‘국새 칙명지보’는 1897년 고종이 대한제국을 선포하고 황제로서 등극하면서 황제의 명령을 백성에게 알리기 위한 문서에 사용하기 위해 제작된 대한제국 국새 10과 중 하나로 1898년 윤3월 19일에 제작되었다 고종은 대한제국을 수립하면서 황제의 나라에 걸맞은 새로운 국새를 제작하였다 그 결과 1897년 9월 17일∼19일 ‘대한국새(大韓國璽)’ ‘황제지새(皇帝之璽)’ ‘황제지보(皇帝之寶)’ ‘칙명지보(勅命之寶)’ ‘제고지보(制誥之寶)’ ‘시명지보(施命之寶)’ ‘명헌태후지보(明憲太后之寶)’ ‘황후지보(皇后之寶)’ ‘황태자보(皇太子寶)’ ‘황태자비지보(皇太子妃之寶)’를 완성하였고 이 중 3점은 옥보이고 7점은 금보로 만들었다 이번 지정된 ‘국새 칙명지보’는 1897년 9월에 제작된 ‘칙명지보’ 가 아닌 이듬해 1898년 윤3월 19일에 만든 것이다 1946년 8월 15일 미군정이 총무처에 인계한 환수유물로서 1954년 6월 28일 총무처에 의해 국립중앙박물관으로 이관되었다 이 유물의 제작과정은 1897년 고종이 대한제국을 선포하고 황제로서 등극하는 과정을 기록한 『대례의궤(大禮儀軌)』에 자세하며 대한제국의 국새 전반의 현황을 기록한 『보인부신총수(寶印符信總數)』를 통해서도 그 형태와 재질 및 실제 사용례를 확인할 수 있다 ‘국새 칙명지보’는 용모양의 손잡이[龍鈕]와 보신(寶身)으로 구성되어 있다 보신은 사방 3치 3푼(908×912cm)로 1897년 9월에 제작된 ‘칙명지보’(寶身: 4치 1푼)에 비해 비교적 작다 손잡이의 모양은 용 형태로서 용뉴(龍鈕)이다 용머리에는 녹각뿔이 솟아있고 정수리에는 점문이 있다 코에는 여의두문이 있고 입을 벌리고 이빨 2개가 아래로 삐져나와 있고 입 주위로 서기(瑞氣)가 보이며 여의주를 물고 있다 몸 전체는 비늘이 덮여 있고 등을 위로 솟구쳐 반원형이다 서체는 대한제국의 보새와 마찬가지로 소전(小篆)으로 문자가 균일하고 좌우대칭의 정제된 형태로 나타나 제왕의 냉엄한 권위를 상징하는 듯하다 ‘국새 칙명지보’는 대한제국 국새로서 모든 제작과정을 문헌을 통해 확인할 수 있고 실제 사용례도 다양하게 파악되는 등 원형을 온전하게 확인할 수 있는 유물이다 이울러 당시 국가의 운명과 함께 수난을 겪은 역사적 상징물이다 소재지상세: 서울특별시 용산구 서빙고로 137 (용산동6가 국립중앙박물관)', 'score': 0.6734541581449838}, {'text_segment': '국가유산명_국문: 분쉬의 외과도구 국가유산명_한자: 분쉬의 外科道具 국가유산종목: 국가등록문화유산 시도명: 서울 시군구명: 서대문구 시대: 1900년대 초반 추정 내용: 대한제국 초빙 공식 서양의학 전문 어의(御醫)인 분쉬(Richard Wunsch 1869 -1911)가 사용하던 외과도구로 금속제 핀셋 가위 칼 바늘 등과 목제 함으로 구성되어 있다 분쉬의 손녀가 20041125 동은의학박물관에 기증한 것으로서 보존상태도 매우 양호하다 조선말 전통의학과 근대서양의학의 교량역할을 한 선구자로 평가받는 분쉬의 유물로서 우리나라 근대의학사 연구에 있어 사료적 가치가 크다 분쉬는 190111월-19055월까지 고종의 어의(御醫)로 일하면서 당시 세계 의학의 선도적 위치에 있던 독일의학을 우리나라에 전파했다 대한제국 설립 이후 황제국에 걸맞은 어의 초빙 계획에 따라 독일에서 정식 초빙된 의사로 이전까지 선교의사를 임시적으로 어의로 활용했던 것과 다른 의학사적 맥락에 있는 인물이다 소재지상세: 서울특별시 서대문구 연세로 50 (신촌동 연세대학교) 동은의학박물관', 'score': 0.6540196074660024}, {'text_segment': '국가유산명_국문: 고종황제 하사 족자 국가유산명_한자: 高宗皇帝 下賜 簇子 국가유산종목: 국가등록문화유산 시도명: 서울 시군구명: 서대문구 시대: NaN 내용: ○ 19세기 말기에 정부(대한제국)가 고종의 주치의였던 에비슨(Oliver R Avison)에게 하사한 족자이다 ○ 족자 가운데 쓴 글은 ‘投良濟堯帝時巫咸(투양제요제시무함)’이다 풀이하자면 ‘좋은 약을 지어주는 것이 요나라 황제 때의 무함이다’ 라는 뜻이다 특이한 점은 수급자 표시의 오른 쪽과 가운데 쓴 글의 위쪽에 각각 ‘의비신 대인 각하’ ‘투량뎨요뎨시무함’과 같이 한글 음을 작은 글자로 병기해 놓았다는 점이다 그리고 족자의 아래 부분에도 작은 글자로 한글 풀이를 적어 놓았다 이것은 한자에 익숙하지 않은 서양인을 배려하여 적은 것으로 추정된다 ○ 이 족자는 에비슨이 고종의 시의(侍醫)를 지냈던 사실을 확인할 수 있으며 국왕과 정부가 서양의술의 탁월함을 인정한 기록물인데다가 더욱이 에비슨의 후손들에 의해 기증된 환수국가유산이라는 사실에 의미가 있다 소재지상세: 서울특별시 서대문구 연세로 50-1 (신촌동 연세의료원) 동은의학박물관', 'score': 0.651759671901233}]",고종
안중근 의사가 이토 히로부미를 처단한 장소는 어디인가요?,"[{'text_segment': '국가유산명_국문: 장흥 해동사 국가유산명_한자: 長興 海東祠 국가유산종목: 문화유산자료 시도명: 전남 시군구명: 장흥군 시대: NaN 내용: 해동사(海東祠)는 안중근의사(187992~1910326)를 배향하는 사우로 만수사(萬壽祠) 경내에 있다 안중근의사는 1909년 10월 26일 중국 하얼빈역에서 조선 통감으로 한국침략의 원흉인 이또 히로부미(伊藤博文)을 격살한 의거의 주인공으로 대한 남아의 기개와 민족정신을 전 세계에 떨쳤던 인물이다 여섯차례의 재판을 거쳐 1910년 2월 14일 사형언도를 받고 3월 26일 뤼순(旅順) 감옥에서 형집행으로 순국을 한다 특히 사형언도 뒤 집필한 &lt;동양평화론&gt;은 동양평화 실현을 위한 논책으로 미완성이지만 죽음을 앞둔 시기의 저작물로서 현재까지도 중요한 평가를 받는다 1962년 건국훈장 대한민국장을 추서했다 해동사는 광복 전후부터 건립이 논의되다가 1955년에 장흥 유림과 죽산안씨 문중의 발의로 건립하게 됐다 유림대표로 죽산안씨 의산 안홍천(義山 安洪天 1895~1994)이 주도를 했다 소재지상세: 전라남도 장흥군 만수길 25-121 (장동면)', 'score': 0.8208017108011643}, {'text_segment': '국가유산명_국문: 박상진 의사 옥중 편지 및 상덕태상회 청구서 국가유산명_한자: NaN 국가유산종목: 국가등록문화유산 시도명: 울산 시군구명: 남구 시대: 1910년대 내용: 「박상진 의사 옥중 편지 및 상덕태상회 청구서」는 의열투쟁 비밀단체 ‘광복회’를 결성하고 총사령을 역임한 박상진(朴尙鎭 1884-1921)의 유물로 ‘광복회’ 연락거점의 실체와 투옥당시 상황을 알 수 있다 「옥중 편지」는 ‘광복회’가 친일부호 처단 사건 등으로 대거 체포될 당시 투옥된 박상진이 공주 감옥에서 동생들에게 쓴 편지로 공판을 위해 뛰어난 변호사를 선임 해줄 것을 요청하는 등의 내용을 담고 있다 「상덕태상회 청구서」는 미쓰이물산(부산출장소)이 물품의 대금을 요청하는 청구서로 ‘광복회’의 비밀연락 거점지로 삼았던 ‘상덕태상회’의 실체 규모 존속기간 등을 파악할 수 있는 자료이다 이 유물들은 1910년대 국내외 조직을 갖추고 군대양성 무력투쟁 군자금모집 친일파 처단 등 항일 독립운동의 큰 역할을 한 ‘광복회’와 총사령 박상진 의사를 재조명 할 수 있는 귀중한 가치를 지닌다 소재지상세: 울산광역시 남구 두왕로 277 (신정동 박물관) 울산박물관', 'score': 0.8070970838087554}, {'text_segment': '국가유산명_국문: 안중근의사 유묵 - 인내 국가유산명_한자: 安重根義士 遺墨 - 忍耐 국가유산종목: 보물 시도명: 서울 시군구명: 광진구 시대: 1910년 내용: 「안중근의사유묵-인내(安重根義士遺墨-忍耐)」는 안중근(安重根:1879∼1910) 의사가 1909년 10월 26일 만주 하얼빈 역에서 조선 침략의 원흉 이토 히로부미(伊藤博文)를 사살한 뒤 여순감옥(旅順監獄)에서 1910년 3월 26일 사망하기 전까지 옥중에서 휘호한 유묵을 일괄ㆍ지정한 것 중의 하나이다 일괄 지정된 이 작품들은 1910년 2월과 3월에 쓴 것으로 글씨 좌측에 “경술이(삼)월 어여순옥중 대한국인안중근서(庚戌二(三)月 於旅順獄中 大韓國人安重根書)”라고 쓴 뒤 손바닥으로 장인(掌印)을 찍었다 글씨 내용은 「논어(論語)」ㆍ「사기(史記)」 구절 등 교훈적인 것이 많으며 자신의 심중을 나타낸 것 세상의 변함을 지적한 것 일본에 경계하는 것 이밖에 어떤 사람의 당호(堂號)를 써준 것 등이다 유묵 대부분은 당시 검찰관 간수 등 일본인에게 써준 것들이다 그중 &quot;안중근의사유묵-욕보동양선개정계시과실기추회하&quot;는 러일전쟁 때 종군했다가 전쟁이 끝난 뒤 여순감옥에서 근무했던 사람[오리타타다스(折田督)]이 받은 것으로 8ㆍ15 광복으로 그의 가족들이 일본으로 귀국할 때 조카[오리타간지(折田幹二)]에게 넘겨주었고 그것이 1989년 2월 20일 단국대학교에 기증되었다 또 &quot;안중근의사유묵-언충신행독경만방가행&quot;는 안의사 수감 당시 여순감옥에서 경관을 지냈던 이의 손자[야기마사즈미(八木正澄)]가 2002년 10월에 안중근의사숭모회에 기증한 것이다 또 &quot;안중근의사유묵-국가안위노심초사&quot; &quot;안중근의사유묵-위국헌신군인본분&quot;는 앞쪽에 “야스오까 검찰관에게 증여한다(贈安岡檢察官)”라고 적었듯이 당시 관련했던 검찰관에게 써준 것이다 소재지상세: 서울특별시 광진구', 'score': 0.7920475602149963}, {'text_segment': '국가유산명_국문: 안중근의사 유묵 - 임적선진위장의무 국가유산명_한자: 安重根義士 遺墨 - 臨敵先進爲將義務 국가유산종목: 보물 시도명: 경남 시군구명: 창원시 시대: 1910년3월 내용: 「안중근의사유묵-임적선진위장의무(安重根義士遺墨-臨敵先進 爲將義務)」는 안중근(安重根 1879-1910) 의사가 1909년 10월 26일 만주의 하얼빈 역에서 조선 침략의 원흉 이토 히로부미(伊藤博文)를 사살한 뒤 여순감옥(旅順監獄)에서 1910년 3월 26일 사망하기 직전까지 그해 2월과 3월에 옥중에서 쓴 글씨 가운데 하나이다 이 유묵은 1910년 3월에 쓴 것으로 “臨敵先進 爲將義務(적을 만나면 먼저 진격하는 것이 장군의 의무이다)”라는 내용이다 글씨 왼쪽에 “庚戌三月 於旅順獄中 大韓國人 安重根 謹拜(경술년 3월에 여순감옥안에서 대한사람 안중근이 삼가 경의를 표하다)”라는 낙관과 왼손바닥으로 찍은 장인(掌印)이 있다 필치나 장인의 지문이 보물로 지정된 다른 안중근 의사 유묵과 같다 소재지상세: 경상남도 창원시 진해구 중원로 1 (남빈동 해군사관학교 박물관) 사서함88-2-6', 'score': 0.7912968845195911}, {'text_segment': '국가유산명_국문: 안중근의사 유묵 - 인지당 국가유산명_한자: 安重根義士 遺墨 - 仁智堂 국가유산종목: 보물 시도명: 서울 시군구명: 용산구 시대: 1910년 내용: 「안중근의사유묵-인지당(安重根義士遺墨-仁智堂)」은 안중근(安重根:1879∼1910) 의사가 1909년 10월 26일 만주 하얼빈 역에서 조선 침략의 원흉 이토 히로부미(伊藤博文)를 사살한 뒤 여순감옥(旅順監獄)에서 1910년 3월 26일 사망하기 전까지 옥중에서 휘호한 유묵을 일괄ㆍ지정한 것 중의 하나이다 일괄 지정된 이 작품들은 1910년 2월과 3월에 쓴 것으로 글씨 좌측에 “경술이(삼)월 어여순옥중 대한국인안중근서(庚戌二(三)月 於旅順獄中 大韓國人安重根書)”라고 쓴 뒤 손바닥으로 장인(掌印)을 찍었다 글씨 내용은 「논어(論語)」ㆍ「사기(史記)」 구절 등 교훈적인 것이 많으며 자신의 심중을 나타낸 것 세상의 변함을 지적한 것 일본에 경계하는 것 이밖에 어떤 사람의 당호(堂號)를 써준 것 등이다 유묵 대부분은 당시 검찰관 간수 등 일본인에게 써준 것들이다 그중 &quot;안중근의사유묵-욕보동양선개정계시과실기추회하&quot;는 러일전쟁 때 종군했다가 전쟁이 끝난 뒤 여순감옥에서 근무했던 사람[오리타타다스(折田督)]이 받은 것으로 8ㆍ15 광복으로 그의 가족들이 일본으로 귀국할 때 조카[오리타간지(折田幹二)]에게 넘겨주었고 그것이 1989년 2월 20일 단국대학교에 기증되었다 또 &quot;안중근의사유묵-언충신행독경만방가행&quot;는 안의사 수감 당시 여순감옥에서 경관을 지냈던 이의 손자[야기마사즈미(八木正澄)]가 2002년 10월에 안중근의사숭모회에 기증한 것이다 또 &quot;안중근의사유묵-국가안위노심초사&quot; &quot;안중근의사유묵-위국헌신군인본분&quot;는 앞쪽에 “야스오까 검찰관에게 증여한다(贈安岡檢察官)”라고 적었듯이 당시 관련했던 검찰관에게 써준 것이다 소재지상세: 서울 용산구 이태원로55길 60-16 삼성미술관 리움 (한남동)', 'score': 0.7895491436556965}]",하얼빈
광개토대왕릉비에는 누구의 업적이 기록되어 있나요?,"[{'text_segment': '국가유산명_국문: 파주 오두산성 국가유산명_한자: 坡州 烏頭山城 국가유산종목: 사적 시도명: 경기 시군구명: 파주시 시대: NaN 내용: 오두산의 정상을 둘러싼 길이 620ｍ의 백제 성이다 경사가 가파르고 서쪽은 임진강 남쪽은 한강·동쪽은 농경지·북쪽은 산으로 이어진다 성벽은 서쪽 부근이 잘 남아있다 성벽 쌓기 수법을 보면 밖으로는 위로 올라가면서 돌을 안으로 들여 쌓고 성벽 내부는 돌로 채웠다 이러한 성곽의 형태는 백제 성곽 연구에 매우 중요한 자료가 된다 광개토대왕릉비와 『삼국사기』백제본기에 나오는 관미성이 이 바로 오두산성이라는 주장이 있으며 김정호의 『대동여지도』에는 이곳을 관미성이라 기록해 더욱 주목 받고 있다 소재지상세: 경기 파주시 탄현면 성동리 산86번지 외', 'score': 0.6736443805090221}, {'text_segment': '국가유산명_국문: 양주 회암사지 선각왕사비 국가유산명_한자: 楊州 檜巖寺址 禪覺王師碑 국가유산종목: 보물 시도명: 경기 시군구명: 양주시 시대: 고려시대 내용: 회암사터에 서 있었던 비석으로 고려말의 승려인 나옹(懶翁)화상을 추모하기 위하여 세운 것이다 나옹(1320∼1376)은 1344년에 회암사로 들어가 불교에 입문하였다 1358년 원나라에서 돌아와 왕의 부름을 사양하고 구월산과 금강산 등에서 은거하다가 회암사로 다시 돌아와 절을 크게 새로 지어올렸다 신륵사에서 57세로 입적할 때까지 불법만을 행하였으며 입적한 후 시호를 ‘선각’이라 하고 그 이듬해에 비를 세웠다 비의 모습은 당나라의 형식을 닮은 복고풍으로 비의 머릿돌을 따로 얹지 않았다 즉 비의 몸돌 윗부분에 두 마리의 용을 새긴 후 그 중앙에 비명칭을 새기는 공간을 두었다 비를 지고 있는 돌거북은 큰 돌을 단순한 조각기법으로 새겨 다소 추상적으로 다루어 놓았으나 비머릿돌에 새겨진 용의 조각은 정갈하면서도 역동적이다 비문의 글은 이색이 짓고 글씨는 권중화가 쓴 것으로 나옹화상의 생애와 업적을 기리는 내용이 담겨져 있다 비의 글씨는 예서체로서 고구려 광개토대왕릉비와 중원고구려비 이후 고려말에 와서 처음이다 이는 당시의 예서 연구가 어느 정도인지를 가늠하게 해주는 한 예이다 1997년 보호각이 불에 타 비의 몸돌이 파손되어 국립문화유산연구원에서 보존처리를 실시한 후 보존관리상 2001년도에 경기도박물관에 위탁 보관하고 있다 비가 있었던 원래의 자리에는 비 받침돌인 귀부가 그대로 있으며 원형을 본따 만든 비가 세워져 있다 소재지상세: 경기 양주시 회암동 산8-1번지 회암사(귀부) 서울 종로구 우정국로 55 불교중앙박물관(비신)', 'score': 0.6375575810670853}, {'text_segment': '국가유산명_국문: 산청 권도 신도비 국가유산명_한자: 山淸 權濤 神道碑 국가유산종목: 문화유산자료 시도명: 경남 시군구명: 산청군 시대: 1816년(순조 16년) 내용: 신도비(神道碑)는 왕이나 공신 고관 또는 이름난 학자의 생애와 업적을 기록하여 무덤 남동쪽 길가에 세운 비석이다 산청 권도 신도비는 1816년에 조선 중기 문신인 동계 권도의 업적을 기리기 위해 세웠으며 비석의 글은 조선 후기 영‧정조 시대 정승을 지낸 채제공이 지었다 신도비는 높이 약 33m로 담장이 둘러진 비각 안에 보관되어 있으며 비석은 보존상태가 매우 좋고 비석에 새겨진 글자 또한 선명하게 남아있다 비의 주인인 권도와 글을 쓴 채제공은 당시 학문적·정치적으로 뛰어난 인물들로 권도 신도비는 유학사적으로 큰 의미를 가지고 있는 비석이다 소재지상세: 경상남도 산청군 신등가회로85번길 8-10 (신등면)', 'score': 0.6324210725714399}, {'text_segment': '국가유산명_국문: 영주 안향 향려비 국가유산명_한자: 榮州 安珦 鄕閭碑 국가유산종목: 문화유산자료 시도명: 경북 시군구명: 영주시 시대: NaN 내용: 이 비는 안향(安珦 1243∼1306)의 14세손 안응창(安應昌 1606∼1680)이 1656년(효종 7)에 세운 것이다 비의 글은 황호가 짓고 김광욱이 전(篆)을 쓰고 김계가 글씨를 썼다 내용은 안향의 아버지 부(孚)와 증조부 상호군 자미(上護軍 子美) 두 선조가 이곳에서 살았으며 안씨의 창성함은 상호군이 덕을 쌓은 데서 이루어졌으므로 후세에 사당을 세워 시조(始祖)를 삼았음과 안향의 업적을 기려 그의 고향임을 표시하는 비를 세우는 내력 등으로 구성되어 있다 몇 차례의 이동을 거쳐 2010년 8월 안향선생 유적지 정비사업으로 원래의 위치였던 현재의 자리로 옮기고 비각을 세워 보존하고 있다 소재지상세: 경상북도 영주시 회헌로985번길 13 (순흥면)', 'score': 0.5877306058370189}, {'text_segment': '국가유산명_국문: 완도 청산도 석조보살좌상 국가유산명_한자: 莞島 靑山島 石造菩薩坐像 국가유산종목: 문화유산자료 시도명: 전남 시군구명: 완도군 시대: 고려말~조선초 내용: 하마비란 조선시대 종묘 및 대궐 문 앞에 세워놓던 비로 누구든지 그 앞을 지날 때에는 말에서 내리라는 뜻의 글을 비에 새겨 두었다 민간신앙에 기초를 둔 것으로 이 비의 주변에는 10여기의 고인돌이 흩어져 있다 자연석을 그대로 이용한 비는 앞면에 보살상을 새겨두고 그 아래 ‘하마비’라는 글자는 시멘트로 만든 하단에 새겼다 불상의 머리위에 보관(寶冠)이 표현된 것으로 미루어 보살상으로 짐작되며 고려말·조선초 세운 것으로 보인다 소재지상세: 전남 완도군 청산면 읍리 931번지', 'score': 0.5866652091789422}]",고구려 광개토대왕
고조선을 세운 우리 민족의 시조는 누구인가요?,"[{'text_segment': '국가유산명_국문: 3·1 독립선언서(2016-2) 국가유산명_한자: 3·1 獨立宣言書(2016-2) 국가유산종목: 국가등록문화유산 시도명: 서울 시군구명: 강동구 시대: NaN 내용: 『3·1독립선언서』는 1919년 3월 1일에 있었던 3·1 독립운동에 맞추어 민족대표 33인이 조선의 독립을 선언한 글이다 손병희 한용운 등 민족대표 33인이 서명하였다 처음에는 건의서 형식으로 한국의 독립을 요구하기로 발의되었으나 건의서는 민족자결의 의미가 없고 강력한 독립의 의지와 그 당위성을 내외에 선포할 독립선언서로 해야 한다는 최린(崔麟)의 주장을 따라 이 선언서를 작성하게 되었다고 한다 내용은 기(독립 선언의 배경과 취지 독립 선언의 정당성) 승(일제의 강점으로 인한 민족적 피해 독립의 필요성 독립의 신념) 전(우리의 자세 우리의 소임 일본의 각성 촉구 독립의 의의) 결(우리의 할 일 우리 민족의 결의)로 구성되어 있으며 행동 강령은 공약 삼장으로 구성되어 있다 1919년 3월 1일 독립운동에 맞추어 민족대표 33인의 이름으로 ‘조선의 독립국임과 조선인의 자주민임을 선언’하고 독립의 당위성을 밝힌 선언서이다 이 선언서는 전국적 만세시위운동으로 확산시키는데 기여한 선언서라는 점에서 등록 가치가 있다 소재지상세: 서울특별시 강동구', 'score': 0.8216122071553256}, {'text_segment': '국가유산명_국문: 일제강점기 이충무공 묘소 보존과 현충사 중건 민족성금 편지 및 자료 국가유산명_한자: NaN 국가유산종목: 국가등록문화유산 시도명: 충남 시군구명: 아산시 시대: 일제강점기(1931~1942) 내용: 「일제강점기 이충무공 묘소 보존과 현충사 중건 민족성금 편지 및 자료」는 1931년 5월 충남 아산에 있는 충무공 이순신 장군의 묘소와 위토(位土)가 경매로 팔릴 위기에 처하자 국내와 해외동포로부터 민족 성금이 답지되는 과정에서 작성된 편지와 기록물이다 성금은 1932년 3 월까지 1년여 동안 1만 6천원이 모금되었고 국내․외 2만 여명과 400여 단체가 동참한 민족 운동의 성격으로 일제강점기 이순신 장군에 대한 우리 민족의 감정과 역사인식을 확인할 수 있는 귀중한 자료다 소재지상세: 충청남도 아산시 현충사길 48 (염치읍 현충사)', 'score': 0.8190587321369269}, {'text_segment': '국가유산명_국문: 3·1 독립선언서(2016-1) 국가유산명_한자: 3·1 獨立宣言書(2016-1) 국가유산종목: 국가등록문화유산 시도명: 서울 시군구명: 서초구 시대: 1919년 내용: 『3·1독립선언서』는 1919년 3월 1일에 있었던 3·1 독립운동에 맞추어 민족대표 33인이 조선의 독립을 선언한 글이다 손병희 한용운 등 민족대표 33인이 서명하였다 처음에는 건의서 형식으로 한국의 독립을 요구하기로 발의되었으나 건의서는 민족자결의 의미가 없고 강력한 독립의 의지와 그 당위성을 내외에 선포할 독립선언서로 해야 한다는 최린(崔麟)의 주장을 따라 이 선언서를 작성하게 되었다고 한다 내용은 기(독립 선언의 배경과 취지 독립 선언의 정당성) 승(일제의 강점으로 인한 민족적 피해 독립의 필요성 독립의 신념) 전(우리의 자세 우리의 소임 일본의 각성 촉구 독립의 의의) 결(우리의 할 일 우리 민족의 결의)로 구성되어 있으며 행동 강령은 공약 삼장으로 구성되어 있다 1919년 3월 1일 독립운동에 맞추어 민족대표 33인의 이름으로 ‘조선의 독립국임과 조선인의 자주민임을 선언’하고 독립의 당위성을 밝힌 선언서이다 이 선언서는 전국적 만세시위운동으로 확산시키는데 기여한 선언서라는 점에서 등록 가치가 있다 소재지상세: 서울특별시 서초구 남부순환로 2406 (서초동 예술의전당) 서울서예박물관', 'score': 0.8174286073753512}, {'text_segment': '국가유산명_국문: 영제시조 국가유산명_한자: 嶺制時調 국가유산종목: 시도무형유산 시도명: 경남 시군구명: 의령군 시대: NaN 내용: ■ 영제시조의 유래\r\n  0 고려 의종때 부산동래로 귀양갔던 정서가 임금을 그리워하여 지은 정과정곡이 조선시대에는 \r\n    가곡(歌曲)으로 정착했고 이 가곡에서 시조가 파생됨\r\n  0 가곡과 시조는 시조시(時調詩)를 노랬말로 사용함 시조는 가곡을 음정과 장단을 단순화\r\n     하여 누구나 쉽게 부를 수 있도록 되어 있어서 대금과 장구 반주만으로 연주가 충분하며 \r\n     나아가서는 무릎장단만으로도 연주를 하므로 단순하고 담백하며 전문 가객이 아닌 선비와\r\n     사대부들이 즐겼던 노래임 0 가곡을 축소하고 단순화하여 여유와 멋을 한껏 표현할 수 있도록 한 노래가 시조어임\r\n    이를 나타내는데 모든 조건을 완전히 갖춘 시조가 영제시조라고 할 수 있음 소재지상세: 경상남도 의령군', 'score': 0.7980352938175201}, {'text_segment': '국가유산명_국문: 평안도 향두계놀이 국가유산명_한자: NaN 국가유산종목: 이북5도 무형유산 시도명: 평안남도 시군구명: 전역 시대: NaN 내용: 예부터 우리 민족이 더불어 살기 위한 다양한 풍습 중 하나가 두레(계)인데 지방마다 조금씩 다른 이름이나 다른 방식으로 이어져 왔다 ‘항두계’는 평안도 함경도 일대에 있어온 농사를 위한 공동생활조직이다 ‘향두’라는 말의 어원은 ‘향도’(鄕徒)에서 비롯되었다는 것이 일반적인 학설이다 ‘평안도 항두계놀이’는 농사일에 마을 사람들과 함께 모여 사연들을 노래로 표현하는 연희극이다 ‘평안도 향두계 놀이’는 오랜 동안 사람들의 입에서 입으로 구전심수(口傳心授)되어 내려온 민족전통의 연희이다 연회 중에 향두꾼들이 부르는 호미소리는 향두꾼들의 봉건의식도  반영되어 있으나 농민들의 염원 상층계층에 대한 풍자도 담겨져 있어 과거 봉건사회의 사회상을 엿볼 수 있는 대목이다 ‘평안도 항두계놀이’는 전통 춤과 긴아리 자진아리 호미타령 등  토속민요 그리고 수심가 엮음수심가 등 평안도의 대표적인 통속민요를 곁들여 연희한다 소재지상세: 평안남도', 'score': 0.7477135881128751}]",단군왕검
조선의 세조가 왕위에 오르기 전 폐위시킨 왕은 누구인가요?,"[{'text_segment': '국가유산명_국문: 계룡산초혼각지 국가유산명_한자: 鷄龍山招魂閣址 국가유산종목: 시도기념물 시도명: 충남 시군구명: 공주시 시대: 조선시대 내용: 세조(재위 1455∼1468)가 단종을 폐위할 때 뜻을 굽히지 않고 절의를 지켜 죽어간 사육신 이하 여러 충신들의 혼을 모셨던 곳이다 세조가 왕위를 차지하는 과정에서 황보인 김종서는 수양대군에게 살해당하였고 왕위를 찬탈한 다음해인 세조 2년(1456)에는 성삼문을 비롯한 사육신이 단종의 복위를 꾀하다가 모두 참형 당했다 같은 해 생육신인 매월당 김시습이 이곳 계룡산에 와서 제단을 마련하고 이들을 위해 초혼제를 지내어 영혼들을 위로하였다고 전해진다 그후 세조 4년(1458) 조정에서는 단종을 비롯하여 안평대군 황보인 김종서 등 당시 죽음을 당한 280여 위패를 모시고 영혼을 위로하기 위한 초혼각을 세웠다고 한다 세조 12년(1466)에 김시습 등이 건물을 더 짓고 매년 봄 가을로 제사를 지내오다가 영조 4년(1728) 화재로 타버린 것을 고종 원년(1863)에 만화스님이 지금의 모습으로 다시 세웠다고 한다 1904년 숙모전이라 이름을 바꾸어 오늘에 이르고 있다 소재지상세: 충청남도 공주시 반포면 학봉리 789', 'score': 0.8517319551795233}, {'text_segment': '국가유산명_국문: 김종서장군묘 국가유산명_한자: 金宗瑞將軍墓 국가유산종목: 시도기념물 시도명: 충남 시군구명: 공주시 시대: NaN 내용: 조선 단종 때의 충신인 절재(節齋) 김종서(1383∼1453) 장군의 묘소이다 태종 5년(1405) 문과에 급제한 후 함길도 도절제사 등 여러 관직을 엮임하였다 세종 16년(1434)에 6진을 개척하여 국토 확장의 위업을 이룩하여 현재 두만강을 경계로 하는 우리나라의 국경선이 이때에 확정되었다 또『고려사』『고려사절요』『세종실록』등의 편찬에 참여하여 학자적인 면모도 보여주었다 단종이 12세로 왕위에 오르자 좌의정으로 어린 왕을 보필하다 왕위를 노리던 수양대군(뒤의 세조)에 의해 단종 1년(1453) 두 아들과 함께 죽음을 당했다 현재의 묘비와 ‘忠臣旌閭(충신정려)’의 현판은 영조 22년(1764)에 세운 것이며 묘역은 약 200평으로 둥근 담과 삼문시설은 근래에 설치한 것이다 소재지상세: 충남 공주시 장기면 대교리 산45번지', 'score': 0.8262412893151123}, {'text_segment': '국가유산명_국문: 김종서 장군 묘 국가유산명_한자: 金宗瑞 將軍 墓 국가유산종목: 시도기념물 시도명: 세종 시군구명:   시대: NaN 내용: 조선 단종 때의 충신인 절재(節齋) 김종서(1383∼1453) 장군의 묘소이다 태종 5년(1405) 문과에 급제한 후 함길도 도절제사 등 여러 관직을 역임하였다 세종 16년(1434)에 6진을 개척하여 국토 확장의 위업을 이룩하여 현재 두만강을 경계로 하는 우리나라의 국경선이 이때에 확정되었다 또『고려사』『고려사절요』『세종실록』등의 편찬에 참여하여 학자적인 면모도 보여주었다 단종이 12세로 왕위에 오르자 좌의정으로 어린 왕을 보필하다 왕위를 노리던 수양대군(뒤의 세조)에 의해 단종 1년(1453) 두 아들과 함께 죽음을 당했다 현재의 묘비와 ‘忠臣旌閭(충신정려)’의 현판은 영조 22년(1764)에 세운 것이며 묘역은 약 200평으로 둥근 담과 삼문시설은 근래에 설치한 것이다 소재지상세: 세종특별자치시 장군면 대교리 산 45 산45번지 외 7필지', 'score': 0.82581921375404}, {'text_segment': '국가유산명_국문: 영파정 국가유산명_한자: 潁波亭 국가유산종목: 문화유산자료 시도명: 전남 시군구명: 함평군 시대: NaN 내용: 세조 1년(1455) 단종의 폐위와 세조의 왕위찬탈에 벼슬을 버리고 낙향한 영파정 이안(1414∼)이 자신의 호를 따 지은 건물이다 처음 세운 시기는 1450∼1460년대로 추정한다 그 후 영파정은 함풍 이씨 가문에서 관리해 온 것으로 보이는데 자세한 사실은 밝혀지지 않았다 정유재란(1597) 중에 불에 타 없어진 후 영수정이란 이름으로 다시 지었으며 1820∼1821년 사이에 군수 권복과 김상직이 현재와 같은 규모로 지었다 그 뒤 고종 20년(1883) 크게 보수하고 1966년 수리하여 오늘에 이르고 있다 규모는 앞면 3칸·옆면 2칸이며 지붕은 옆면에서 볼 때 여덟 팔(八)자 모양인 팔작지붕이다 안쪽은 좌우측 1칸만 온돌방으로 꾸미고 나머지는 모두 마루를 깐 대청으로 설계하였다 창문은 대청 뒷면과 옆면에 쌍여닫이를 설치하고 앞면은 3짝 모두 들어 열 수 있는 문으로 하였으나 현재는 유리를 끼워 놓았다 소재지상세: 전남 함평군 함평읍 기각리 906-2번지', 'score': 0.8038668272338003}, {'text_segment': '국가유산명_국문: 귀래정 국가유산명_한자: 歸來亭 국가유산종목: 문화유산자료 시도명: 전북 시군구명: 순창군 시대: NaN 내용: 귀래정은 조선 세조 2년(1456) 신숙주의 아우인 신말주가 지은 정자로 지금 있는 건물은 1974년에 고쳐 지은 것이다 신말주는 수양대군(세조)이 조카 단종을 내몰고 왕위에 오르자 두 임금을 섬길 수 없다는 불사이군(不事二君)의 충절을 지켜 벼슬에서 물러나 순창으로 낙향하였다 건물은 앞면 3칸·옆면 2칸 규모이며 지붕은 옆면에서 볼 때 여덟 팔(八)자 모양인 팔작지붕으로 꾸몄다 안쪽에는 서거정이 지은 귀래정기와 강희맹의 시문을 보존하고 있다 소재지상세: 전북특별자치도 순창군 순창읍 가남리 538-1', 'score': 0.8025229215390526}]",단종
고려를 세운 왕은 누구인가요?,"[{'text_segment': '국가유산명_국문: 조순 장군비 국가유산명_한자: 趙純 將軍碑 국가유산종목: 문화유산자료 시도명: 경남 시군구명: 함안군 시대: NaN 내용: 함안천 동쪽 언덕 위에 자리하고 있는 비로 조순  장군의 지조를 기리고 있다 조순은 요동을 정벌할 때 좌중군을 맡아 출정하였으며 위화도에 이르러 이성계가 회군하려 하자 이를 적극 반대하며 벼슬을 버리고 고향으로 돌아가 나오지 않았다 이성계가 왕위에 오른 후 그를 여러번 불렀으나 끝내 나아가지 않았고 그가 죽은 후 왕이 그의 집 앞에 비를 세우도록 하여 누구든 이 비를 지나갈 때에는 말에서 내릴 것을 명하였다 비는 납작한 받침돌 위로 비몸을 세운 모습으로 비의 윗변을 둥글게 다듬었다 훗날 집 앞에 부서져 있던 것을 이곳으로 옮겨 보존하고 있다 소재지상세: 경남 함안군 가야읍 검암리 586-1번지', 'score': 0.8211921751499176}, {'text_segment': '국가유산명_국문: 완도 청산도 석조보살좌상 국가유산명_한자: 莞島 靑山島 石造菩薩坐像 국가유산종목: 문화유산자료 시도명: 전남 시군구명: 완도군 시대: 고려말~조선초 내용: 하마비란 조선시대 종묘 및 대궐 문 앞에 세워놓던 비로 누구든지 그 앞을 지날 때에는 말에서 내리라는 뜻의 글을 비에 새겨 두었다 민간신앙에 기초를 둔 것으로 이 비의 주변에는 10여기의 고인돌이 흩어져 있다 자연석을 그대로 이용한 비는 앞면에 보살상을 새겨두고 그 아래 ‘하마비’라는 글자는 시멘트로 만든 하단에 새겼다 불상의 머리위에 보관(寶冠)이 표현된 것으로 미루어 보살상으로 짐작되며 고려말·조선초 세운 것으로 보인다 소재지상세: 전남 완도군 청산면 읍리 931번지', 'score': 0.7821850729138471}, {'text_segment': '국가유산명_국문: 남해 난곡사 국가유산명_한자: 蘭谷祠 국가유산종목: 문화유산자료 시도명: 경남 시군구명: 남해군 시대: 조선시대 내용: 고려 후기 뛰어난 유학자였던 백이정(1247∼1323)의 사당이다 백이정은 고려 충렬왕 24년(1298)에 왕을 모시고 중국에 가 10년간 성리학을 연구하였고 우리나라에 돌아와 성리학을 전파한 인물이다 이제현 박충좌 등의 제자를 두었으며 충성왕 때 상의회의 도감사를 거쳐 상당군에 봉해졌다 본당인 난곡사는 앞면 3칸·옆면 1칸 규모이며 지붕은 옆에서 볼 때 여덟 팔(八)자 모양인 팔작지붕을 하고 있으며 내부 정면에 선생의 위패를 모시고 있다 이 외에 근래에 세운 외삼문과 경내의 도동재 및 내삼문이 있다 이곳에서 해마다 음력 3월 10일이면 이 고장의 유림들이 선생의 위패를 모시고 제례를 지내고 있다 소재지상세: 경남 남해군 이동면 난음로219번길 7-14 (난음리)', 'score': 0.7194167866995368}, {'text_segment': '국가유산명_국문: 묘법연화경 권5~7 국가유산명_한자: 妙法蓮華經 卷 5~7 국가유산종목: 문화유산자료 시도명: 경기 시군구명: 광주시 시대: NaN 내용: 이 책은 구마라습(鳩摩羅什)이 한문으로 번역한 것을 옮겨 쓴 것으로 묘법연화경은 줄여서 ‘법화경’이라고 부르기도 하며 부처가 되는 길이 누구에게나 열려 있다는 것을 중요사상으로 하고있다 천태종의 근본 경전으로 화엄경과 함께 한국 불교사상 확립에 크게 영향을 끼친 경전이다 소재지상세: 경기도 광주시', 'score': 0.704216856574624}, {'text_segment': '국가유산명_국문: 전왕온의묘 국가유산명_한자: 傳王溫의墓 국가유산종목: 시도기념물 시도명: 전남 시군구명: 진도군 시대: NaN 내용: 고려시대의 왕족 승화후(承化侯) 왕온(？∼1271)의 묘이다 왕온은 원종 11년(1270)에 고려와 중국 원나라 사이의 전쟁이 끝나고 강화로 피난하였던 왕실이 개경으로 돌아오는 것을 반대하던 삼별초의 배중손·노영희 등에 의하여 왕으로 추대되었다 그러나 고려 원종 12년(1271) 고려와 몽고의 연합군에 삼별초가 크게 패하자 아들 환(桓)과 여·몽 연합군의 지휘자 홍다구(洪茶丘)에게 살해되었다 김용규가 지은 진도군 읍지『옥주지』에 왕온의 기록이 나오며『진도군지』에 의하면 왕온의 묘는 왕분치(王墳峙)라 한다고 한다 왕온 무덤은 흙으로 높게 쌓은 긴 타원형의 모양이며 봉토 주위에는 무덤을 보호하기 위해 돌을 둘러 쌓았다 소재지상세: 전남 진도군 의신면 침계리 산45번지', 'score': 0.6989301802555845}]",태조 왕건
수원 화성을 축조한 목적 중 하나는 무엇인가요?,"[{'text_segment': '국가유산명_국문: 수원축만제 국가유산명_한자: 水原祝萬提 국가유산종목: 시도기념물 시도명: 경기 시군구명: 수원시 시대: NaN 내용: 수원시 팔달구 화서동에 있다 화성부 서쪽에 축조된 수리시설로 수원 화성의 서쪽에 있다 하여 서호(西湖)라고도 불린다 정조가 화성을 쌓으면서 1795년(정조 23)에 내탕금 3만냥을 들여 축조한 관개저수지다 축만제는 천년만년 만석의 생산을 축원한다는 뜻을 가지고 있다 제방 양쪽 끝에 두 개의 수문이 설치되어 있는데 이는 축만제에 가두어둔 물을 활용하기 위한 장치였다 국가적으로 중요한 제방이었으므로 제언 관리를 위하여 감관 1명 감고 1명이 배치되어 있었다 축만제 아래쪽에 설치한 축만제 둔전은 총 규모가 답 83석 15두 4승락에 달했다 정조는 즉위한 이후 농업기술과 농업환경 개선의 핵심은 수리시설이라고 파악했다 그리하여 화성을 축성하면서  주변에 만석거 만년제 축만제 등을 쌓았다 여러 제언이 축조된 후 물이 관리되자 버려졌던 땅들이 비옥한 전토로 바뀌었다 축만제는 조선후기 농업수리 역사에서 중요한 위치를 점하고 있다 소재지상세: 수원시 팔달구 화서동 436-1 외', 'score': 0.8298247754573822}, {'text_segment': '국가유산명_국문: 채제공 관련 고문서 일괄 국가유산명_한자: 蔡濟恭 關聯 古文書 一括 국가유산종목: 시도유형문화유산 시도명: 경기 시군구명: 수원시 시대: NaN 내용: 정조시대의 대표적인 재상(宰相)으로서 초대 화성유수(華城留守)를 지낸 번암 채제공(蔡濟恭 1720~1799) 관련 고문서다 총 48종 60점으로 정조가 직접 작성하여 내려준 문서와 어찰(御札) 채제공이 화성유수와 장용외사(壯勇外使)를 지내며 받은 공문서 주변 인물과 주고받은 편지들이다 정조의 친필 편지 수원화성 축성을 감독하는 신하들에게 내린 윤음(綸音) 수원부의 무사들에게 활쏘기 시험을 시행한 후 시상자와 포상 내역을 기록한 무사시취방(武士試取榜) 등의 고문서 자료를 통해 정조의 국정 운영 모습을 살펴볼 수 있다 아울러 정조가 신임한 초대 화성유수 채제공의 실제 활동을 확인할 수 있어 정조의 사상과 조선후기 수원화성의 전반적인 이해를 위한 중요자료로 평가된다 소재지상세: 경기도 수원시 팔달구 창룡대로 21 (매향동 수원화성박물관)', 'score': 0.7225321391728896}, {'text_segment': '국가유산명_국문: 만년제 국가유산명_한자: 滿年堤 국가유산종목: 시도기념물 시도명: 경기 시군구명: 화성시 시대: 조선 1797년 내용: 조선 정조(재위 1776∼1800))는 아버지인 사도세자의 묘를 양주 배봉산에서 수원의 화산 아래로 옮기면서 기존의 수원읍을 현재의 팔달산 아래로 옮겨 새 도시를 조성하였다 새로 이주한 주민들의 안정을 위해 성곽을 쌓을 것을 계획하고 수원의 이름을 화성으로 바꾸었다 정조는 새 도시 경영을 위한 경제적 기반 확보와 백성들의 생활안정을 목적으로 둔전(각 궁과 관아에 딸렸던 밭)을 설치하였다 또한 농사를 위한 관개 용수와 제방 쌓는 일 상권에 대한 보호 나무를 심는 식수사업 등 갖가지 정책적인 배려를 베풀었다 정조 21년(1797)에 세운 만년제는 사도세자의 능인 화산 현륭원 바로 아래에 자리잡고 있다 수원시 서둔(西屯) 서호(西湖) 등의 시설과 함께 만년제는 정조 당시의 권농정책을 보여 주는 중요한 사적이다 소재지상세: 경기 화성시 효행로 636 (안녕동)', 'score': 0.7181910883628209}, {'text_segment': '국가유산명_국문: 정조사 조심태어찰첩 국가유산명_한자: 正祖 賜 趙心泰 御札帖 국가유산종목: 시도유형문화유산 시도명: 경기 시군구명: 수원시 시대: NaN 내용: 정조가 수원부사 화성유수 장용대장을 역임한 조심태(趙心泰 1740∼1799)에게 보낸 어찰을 모은 첩이다 어찰은 모두 13통인데 2통은 2장의 종이에 나머지 11통은 1장의 종이에 썼다 조심태가 수원부사로 임명된 1789년부터 장용대장으로 활동하던 1798년 사이에 정조가 보낸 것으로 추정된다 수원을 중심으로 요동치던 당시의 정국 현황을 파악할 수 있는 매우 중요한 어찰첩이다 어찰 내용을 살펴보면 정조는 수원에 있던 조심태와 수시로 편지를 교환하면서 현지의 사정을 파악하고 그때그때 필요한 조치를 처리해 나갔으며 모종의 비밀 업무도 지시한 후 그 결과를 기다렸음을 알 수 있다 조심태는 정조와 서로 밀서를 주고받던 핵심 측근 관료였다 현재까지 알려진 조심태 관련 정조 어찰첩으로는 유일하다 조심태는 1768년(영조 44) 무과 급제하고 여러 무관직을 두루 거쳐 1789년 수원부사를 역임하였다 이때 현륭원(顯隆園)을 옮겨오는 일과 수원의 도시 기반 시설을 구축하는 일 등 어려운 임무를 차질 없이 처리하였다 이후 총융사 금위대장 어영대장 등을 지내다가 1794년 승격된 화성유수로 다시 제수되었고 수원화성 축성의 주요 직책을 겸하였다 정조가 번암 채제공과 함께 가장 총애하던 무반계 신하였다 소재지상세: 경기도 수원시 팔달구 창룡대로 21 (매향동 수원화성박물관)', 'score': 0.7107797143349025}, {'text_segment': '국가유산명_국문: 수원 서북공심돈 국가유산명_한자: 水原 西北空心墩 국가유산종목: 보물 시도명: 경기 시군구명: 수원시 시대: 조선시대 내용: 화성의 화서문 옆에 위치하고 있으며 조선 정조 20년(1796)에 건립되었다 수원 서북공심돈은 화성 서북측 성벽에서 돌출시켜 남측면의 일부만 성곽에 접하고 나머지 3면이 돌출된 평면을 이루고 있다 3층 구조로 하부 치성(雉城)은 방형의 석재를 사용하였고 1층과 2층 외벽과 3층 하부는 전돌로 쌓았다 1 2층 각 면에는 6개의 총안(銃眼)이 있으며 3층에는 여장(女墻)을 쌓고 같은 높이에 4개의 총안을 내었다 3층 포루(鋪樓)는 정면 2칸 측면 2칸의 팔작 기와지붕으로 벽면 위쪽의 판문에는 전안(箭眼)이 설치되어 있다 치성의 북측면과 서측면에는 각 2개소의 현안(懸眼)을 두어 성에 접근하는 적을 방어할 수 있도록 하였고 하부는 성벽의 석재를 오목하게 “∪”자형으로 가공하여 상부 전돌 현안과 연결되게 하였다 수원 서북공심돈의 성제(城制)는 현존 성곽 건축에서는 화성에서만 볼 수 있는 것으로 재료의 유연성과 기능성이 우수하며 치성의 석재 쌓기 기법과 상부 공심돈의 전돌 축조 기법 현안과 총안 전안 등의 중요한 시설 등 독창적인 건축형태와 조형미를 가지고 있다 소재지상세: 경기 수원시 팔달구 장안동 332번지', 'score': 0.6912849871448383}]",사도세자의 묘를 보호하기 위해
한글을 창제한 왕은 누구인가요?,"[{'text_segment': '국가유산명_국문: 전보장정(2012-1) 국가유산명_한자: 電報章程(2012-1) 국가유산종목: 국가등록문화유산 시도명: 서울 시군구명: 서초구 시대: 1888년 내용: 1888년(고종 25년)에 우리나라에서 제정한 최초의 전신규정(電信規程)을 담고 있는 문헌으로 32항의 조문과 전신부호 요금 등이 규정되어 있다 이 중 김학우(金鶴羽)가 만든 국문 전신부호인 ‘국문자모 호마타법’은 자음과 모음을 짧은 점과 긴 점의 두 가지 기호를 조합하여 만든 2진법 체계의 모스 부호와 같은 원리이며 이 2진법은 오늘날 한글 코드로 발전하게 되었다 훈민정음이 창제된 이후 최초로 한글의 기계화가 이루어진 결과물로 중요한 가치를 지닌다 소재지상세: 서울특별시 서초구 반포대로 201 국립중앙도서관', 'score': 0.7925354483233868}, {'text_segment': '국가유산명_국문: 전보장정(2012-2) 국가유산명_한자: 電報章程(2012-2) 국가유산종목: 국가등록문화유산 시도명: 경기 시군구명: 성남시 시대: 1888년 내용: 1888년(고종 25년)에 우리나라에서 제정한 최초의 전신규정(電信規程)을 담고 있는 문헌으로 32항의 조문과 전신부호 요금 등이 규정되어 있다 이 중 김학우(金鶴羽)가 만든 국문 전신부호인 ‘국문자모 호마타법’은 자음과 모음을 짧은 점과 긴 점의 두 가지 기호를 조합하여 만든 2진법 체계의 모스 부호와 같은 원리이며 이 2진법은 오늘날 한글 코드로 발전하게 되었다 훈민정음이 창제된 이후 최초로 한글의 기계화가 이루어진 결과물로 중요한 가치를 지닌다 소재지상세: 경기도 성남시 분당구 하오개로 323 한국학중앙연구원', 'score': 0.7885893827796089}, {'text_segment': '국가유산명_국문: 공병우 세벌식 타자기(2013-2) 국가유산명_한자: 公丙禹 세벌式 打字機(2013-2) 국가유산종목: 국가등록문화유산 시도명: 서울 시군구명: 종로구 시대: 1949~1952 내용: 공병우가 개발한 세벌식 타자기의 최초 양산 모델로 미국의 언더우드(UNDERWOOD)사에 생산을 의뢰하여 한국으로 수입한 것이다 현재 우리가 사용하고 있는 표준 자판은 자음과 모음으로 이루어진 두벌식 배열이지만 공병우 타자기의 자판은 세벌식 배열로써 글쇠에 자음과 모음 외에 받침까지 추가되어 있다 세벌식은 초성·중성·종성으로 나누어지는 훈민정음 창제의 원리가 타자기의 자음 모음 받침의 글쇠로 구현된 것이다 실용화된 한글 타자기의 초창기 제품으로서 한글의 기계화에 중요한 기여를 하였다 소재지상세: 서울특별시 종로구', 'score': 0.7846283458532193}, {'text_segment': '국가유산명_국문: 공병우 세벌식 타자기(2013-1) 국가유산명_한자: 公丙禹 세벌式 打字機(2013-1) 국가유산종목: 국가등록문화유산 시도명: 서울 시군구명: 동대문구 시대: 1949~1952 내용: 공병우가 개발한 세벌식 타자기의 최초 양산 모델로 미국의 언더우드(UNDERWOOD)사에 생산을 의뢰하여 한국으로 수입한 것이다 현재 우리가 사용하고 있는 표준 자판은 자음과 모음으로 이루어진 두벌식 배열이지만 공병우 타자기의 자판은 세벌식 배열로써 글쇠에 자음과 모음 외에 받침까지 추가되어 있다 세벌식은 초성·중성·종성으로 나누어지는 훈민정음 창제의 원리가 타자기의 자음 모음 받침의 글쇠로 구현된 것이다 실용화된 한글 타자기의 초창기 제품으로서 한글의 기계화에 중요한 기여를 하였다 소재지상세: 서울특별시 동대문구 회기로 56- (사)세종대왕기념사업회', 'score': 0.7771958469591106}, {'text_segment': '국가유산명_국문: 한글고비 국가유산명_한자: 한글古碑 국가유산종목: 시도유형문화유산 시도명: 서울 시군구명: 노원구 시대: NaN 내용: 조선 중종 때 승문원 부정자를 지낸 이윤탁 선생의 묘 앞에 서 있는 비로 묘의 훼손을 경계하는 내용이 한글로 적혀 있다 비는 사각의 받침돌 위에 비몸만을 세워둔 간결한 구조로 비몸의 윗변 양쪽을 비스듬하게 다듬었다 서쪽면에는 한글 30자가 기록되어 있는데 이윤탁의 셋째 아들인 이문건이 글을 짓고 글씨를 새긴 것이다 비 뒷면에 새겨진 기록으로 미루어 중종 31년(1536)에 비를 세운 것으로 보이는데 이는 세종대왕이 훈민정음을 반포한 지 90년이 지난 후의 일이다 글씨는 한글창제 당시와 똑같은 글씨에 서민적인 문체로 쓰여져 있다 남아있는 ‘한글비’중에서 가장 오래된 것으로 평가되고 있으며 아직 한글이 널리 사용되지 못했던 시기에 과감히 ‘한글묘비’를 세웠다는 점에서 그 가치는 더욱 돋보인다 소재지상세: 서울 노원구 한글비석로 202 (하계동)', 'score': 0.7050362105738486}]",세종대왕
백제 멸망 당시 궁녀들이 몸을 던진 절벽은 무엇인가요?,"[{'text_segment': '국가유산명_국문: 백화정 국가유산명_한자: 百花亭 국가유산종목: 문화유산자료 시도명: 충남 시군구명: 부여군 시대: 1929 내용: 백제 멸망 당시 절벽에서 떨어져 죽었다는 궁녀들의 원혼을 추모하기 위해 1929년에 지은 정자이다 ‘백화정’이란 이름은 중국의 시인인 소동파의 시에서 따온 것이다 부소산성 북쪽 백마강변의 험준한 바위 위에 자리잡고 있다 건물 구조는 육각형 평면을 가진 육모지붕으로 꾸몄다 마루 바닥 주변에는 간단한 난간을 설치하였고 천장에는 여러가지 연꽃무늬를 그려 놓았다 소재지상세: 충청남도 부여군 부여읍 쌍북리 678-2', 'score': 0.8619945347309113}, {'text_segment': '국가유산명_국문: 낙화암 국가유산명_한자: 落花岩 국가유산종목: 문화유산자료 시도명: 충남 시군구명: 부여군 시대: NaN 내용: 충남 부여 백마강변의 부소산 서쪽 낭떠러지 바위를 가리켜 낙화암이라 부른다 낙화암은 백제 의자왕(재위 641∼660) 때 신라와 당나라 연합군이 일시에 수륙양면으로 쳐들어와 왕성(王城)에 육박하자 궁녀들이 굴욕을 면하지 못할 것을 알고 이곳에 와서 치마를 뒤집어쓰고 깊은 물에 몸을 던진 곳이라 한다 『삼국유사』 『백제고기』에 의하면 이곳의 원래 이름은 타사암이었다고 하는데 뒷날에 와서 궁녀들을 꽃에 비유하여 낙화암이라고 고쳐 불렀다 낙화암 꼭대기에는 백화정이란 정자가 있는데 궁녀들의 원혼을 추모하기 위해서 1929년에 세운 것이다 소재지상세: 충청남도 부여군 부여읍 쌍북리 678-2', 'score': 0.7161924832030552}, {'text_segment': '국가유산명_국문: 삼충사 국가유산명_한자: 三忠祠 국가유산종목: 문화유산자료 시도명: 충남 시군구명: 부여군 시대: NaN 내용: 백제의 충신이었던 성충·흥수·계백을 기리기 위해 지은 사당이다 성충은 백제 의자왕(재위 641∼660) 때 충신으로 좌평으로 있으면서 잘못된 정치를 바로잡기 위해 애쓰다 옥중에서 단식을 하다 죽었다 흥수는 백제 의자왕 20년(660) 나당연합군이 공격해 오자 탄현을 지키다 대신들의 반대로 지키지 못하고 결국은 멸망하였다 계백은 나당연합군이 공격해 오자 결사대 5000여명을 뽑아 지금의 연산인 황산에서 싸우다 전사하였다 1957년 지은 이 사당은 1981년 다시 지어 현재의 모습을 하고 있으며 해마다 10월 백제문화제 때 삼충제를 지내고 있다 소재지상세: 충남 부여군 부여읍 쌍북리 40-1번지', 'score': 0.5851901383038574}, {'text_segment': '국가유산명_국문: 두릉산성(두릉이성) 국가유산명_한자: 豆陵山城(豆陵伊城) 국가유산종목: 문화유산자료 시도명: 충남 시군구명: 청양군 시대: NaN 내용: 청양군 정선면 계봉산에 있는 이 산성은 두릉윤성 또는 계봉산성이라고 한다 『동국여지승람』에 계봉산성은 돌로 쌓은 성으로 성의 둘레가 1200척이라고 기록되어 있다 백곡리 백실부락 뒷쪽에 높게 솟은 2개의 산봉우리 정상에 약 540m에 이르는 성벽이 자연 지형을 따라 둘러쌓여 있다 이 산성은 백제의 수도 사비성 북방에 있어 국토 방위에 중요한 역할을 한 산성으로 백제 멸망 후 그 유민들의 부흥운동 근거지가 되기도 하였다 소재지상세: 충남 청양군 정산면 백곡리 산18번지', 'score': 0.5753060901702974}, {'text_segment': '국가유산명_국문: 인용사지 국가유산명_한자: 仁容寺址 국가유산종목: 문화유산자료 시도명: 경북 시군구명: 경주시 시대: NaN 내용: 반월성을 배경으로 남산을 바라보는 곳에 있는 절터이다 인용사는 신라의 장군이며 외교가였던 김인문이 중국 당나라 감옥에 갖혀 있을 때 그의 안녕을 빌기 위해 신라 사람들이 세운 절이라고 한다 김인문은 신라 제29대 태종무열왕의 둘째 아들로 당나라에서 22년간 생활하면서 많은 벼슬을 했다 무열왕 7년(660)에는 당나라 장수 소정방과 함께 백제를 멸망시켰고 문무왕 8년(668)에는 고구려를 통합하여 신라가 삼국을 통일하는데 크게 공헌하였다 현재 절터에 남아있는 석물들로 당시에 쌍탑식 가람배치였음을 짐작할 수 있는데 이는 통일신라시대의 전형적인 모습이라 할 수 있다 또한 신라시대에 승려나 왕이 아닌 개인을 위해 일반인들이 세운 절로서는 처음이라는데 그 의의가 크다 소재지상세: 경북 경주시 인왕동 344-6번지 외', 'score': 0.5720240410355582}]",낙화암
병자호란 당시 인조가 피신한 장소는 어디인가요?,"[{'text_segment': '국가유산명_국문: 충헌공윤전사우 국가유산명_한자: 忠憲公尹栓祠宇 국가유산종목: 문화유산자료 시도명: 충남 시군구명: 공주시 시대: 조선시대 내용: 병자호란 때 강화도에서 순절한 윤전(1575∼1636)의 제사를 모시는 곳이다 윤전은 조선 중기 문신으로 광해군 2년(1610)에 문과에 급제하였으나 1613년 이이첨과 이위경으로 인해 파면되었다 다시 기용되어 1615년 호조좌랑에 이르렀으나 이위경 등에게 몰려 파면되었다 인조반정으로 경기도도사로 복직되었고 이듬해 이괄의 난 때는 공주에 피신한 인조를 호위하였다 인조 14년(1636) 병자호란이 일어나자 빈궁을 모시고 강화도로 들어가 적과 싸우다 전사하였다 그 뒤 이조판서로 임명되었으며 충헌(忠憲)이라는 시호를 받았다 이 건물은 월래 노산군 노성면 병사리에 있던 것을 지금 있는 자리로 옮긴 것이다 소재지상세: 충청남도 공주시 계룡면 유평리 333-2', 'score': 0.8882285952568054}, {'text_segment': '국가유산명_국문: 구 목포화신 연쇄점 국가유산명_한자: NaN 국가유산종목: 국가등록문화유산 시도명: 전남 시군구명: 목포시 시대: 근대 내용: 구 화신백화점 건물로 널리 알려져 있으며 화신백화점은 일제강점기 당시 목포 지역에서 동아부인상회와 함께 대표적인 판매시설로서 당시 건물로서는 특이하게 철근콘크리트 라멘조로 건축되었으며 외관도 수직선 수평선 원을 강조하며 기하학적 형태로 구성하고 내부도 넓은 개방적 공간을 구성하며 모더니즘 건축기법을 선구적으로 적용한 근대기 목포 지역의 백화점 건물로서 당시의 생활상 장소성을 보여주는 상가 건물이다 소재지상세: 전라남도 목포시 번화로 75 (상락동1가)', 'score': 0.8254936725218711}, {'text_segment': '국가유산명_국문: 풍양사 국가유산명_한자: 楓陽祠 국가유산종목: 문화유산자료 시도명: 전북 시군구명: 남원시 시대: 1905년 내용: 조선시대 무신인 박세중(1595∼)의 영정을 모신 사당이다 박세중은 광해군 11년(1618) 무과에 급제하고 인조반정 때 공을 세워 1등공신이 되었다 이듬해 이괄의 난이 일어나 왕이 공주로 피신할 때 옥쇄를 안전하게 보관하여 2등공신에 녹훈되고 충주부사가 되었다 병자호란이 일어나자 의병을 일으켜 대항했으나 임금이 강화에서 중국 청나라에 무릎을 꿇었다는 소식을 듣고 고향으로 돌아갔다 이 건물은 숙종 12년(1685) 세우고 고종 43년(1905) 고쳐 지었다 규모는 앞면 3칸이고 지붕은 옆면에서 볼 때 사람 인(人)자 모양을 한 맞배지붕으로 조선 후기의 건축 양식을 잘 보여주고 있다 또한 이곳에는 조선중기의 사회상을 연구할 수 있는 6권의 『박세중가전고문서』(유형문화유산)를 함께 보관하고 있다 소재지상세: 전북 남원시 대강면 곡촌안길 34-18 (풍산리)', 'score': 0.8031973806278215}, {'text_segment': '국가유산명_국문: 상주 청간정 국가유산명_한자: 尙州 澗澗亭 국가유산종목: 문화유산자료 시도명: 경북 시군구명: 상주시 시대: 1650 내용: 청간정(廳澗亭)은 가곡공 조예(1608~1661)가 1650년경 건축한 것으로 추정되며 풍양조씨 검간공종파 자손들의 학문의 장소이자 영남유림의 인사들이 모여 시국을 논하고 시회를 열던 장소로 알려져 있다 현재 청간정에는 청간정(廳澗亭) 과 익암서당(益巖書堂) 두개의 편액이 있다 청간정은 17세기 후반에 세워졌고 19세기 후반에 중수된 것으로 조선 중기 정자건물의 특성을 갖추고 있고 건립당시의 규모와 구성형식이 비교적 잘 유지되고 있어서 조선시대 정자건축 연구의 자료적 가치가 높은 것으로 판단된다 소재지상세: 경상북도 상주시 낙동면 운평리 154', 'score': 0.7992291087188805}, {'text_segment': '국가유산명_국문: 서현사지 국가유산명_한자: 西峴祠址 국가유산종목: 시도기념물 시도명: 전북 시군구명: 정읍시 시대: NaN 내용: 이곳은 박문효(1568∼1593)의 사당이 있던 장소이다 박문효는 중종반정의 공신인 박원종의 후손으로서 종묘서직장이라는 관직에 있었다 임진왜란이 일어나 선조가 의주로 피신하자 임금을 따랐으며 다음해 서울로 돌아오다 개성 싸움에서 26세의 젊은 나이로 순절하였다 후에 호남 유림들의 상소에 의해 순조 17년(1817)에 이조참의로 증직되었다 조선 순조 19년(1819)에 처음 지어졌으나 고종 5년(1868) 철거되었다 현재 서현사터에는 부인 송씨를 위해 세운 정려와 유허비가 남아있다 소재지상세: 전북 정읍시 태인면 서재길 13 (태서리)', 'score': 0.7770719077462939}]",남한산성
문무대왕이 수장된 장소는 어디인가요?,"[{'text_segment': '국가유산명_국문: 숭혜전 국가유산명_한자: 崇惠殿 국가유산종목: 문화유산자료 시도명: 경북 시군구명: 경주시 시대: NaN 내용: 숭혜전(崇惠殿) 건물내에는 신라 최초의 김씨 임금인 13대 미추왕(味鄒王)과 삼국통일의 대업을 이룩한 30대 문무대왕(文武大王) 그리고 신라 마지막 임금인 경순왕(敬順王)의 위패를 모셨다 원래 신라 마지막 임금인 경순왕(敬順王)의 덕을 기리기 위하여 처음 월성(月城)에 사당을 지어 영정(影幀)을 모시고 제향했으나 조선 선조(宣祖) 25년(1592) 임진왜란으로 불타고 인조(仁祖) 5년(1627) 동천동에 새로 사당을 지어 동천묘(東泉廟)라 하고 경순왕의 위패를 모셨다 경종(景宗) 3년(1723) 경순왕전(敬順王殿)으로 고치고 정조(正祖) 18년(1794) 지금의 위치로 옮기고 황남전(皇南殿)이라 고쳤다 그 후 고종(高宗) 24년(1887)에 미추왕(味鄒王)의 위패를 모시고 이듬해 문무대왕(文武大王)의 위패도 같이 모시게 되었다 이때 고종황제가 사당을 크게 짓게 하고 숭혜전이라는 편액을 내렸다 앞면 5칸 옆면 3칸인 맞배집으로 왼쪽에 영육재(永育齋) 오른쪽에 경모재(敬募齎)가 있다 앞에는 경순왕 신도비와 비각이 있고 길 건너에 계림세묘(雞林世廟)가 있다 소재지상세: 경북 경주시 포석로1050번길 39-11 (황남동)', 'score': 0.7593110587976712}, {'text_segment': '국가유산명_국문: 옥천 지재 국가유산명_한자: 沃川 止齋 국가유산종목: 문화유산자료 시도명: 충북 시군구명: 옥천군 시대: 조선시대 내용: 옥천 지재는 조선 중기의 유학자 김옥정 선생이 후학을 교육하던 서당이라고 전한다 ‘지재’라는 명칭은 미호 김원행(金元行 1703~1772) 선생이 배산인 구지봉(求止峰)에서 구(求)를 빼고 지재(止齋)라고 하였으며 현재도 현판이 걸려 있다 지재 건물의 구조는 정면 5칸 측면 1칸 반의 홑처마 팔작지붕 건물이다 자연석 기단 위에 가공 주초와 덤벙 주초를 놓고 그 위에 방형 기둥을 세웠다 방안의 천장은 특이하게 널반자로 되어 있는데 서적이나 판목 등을 보관하는 수장공간으로 사용된 것으로 추정된다 서당 입구에는 초창시 조성된 것으로 보이는 연지가 남아 있다 지재는 당시 유교적 특징을 나타내어 검소하며 소박한 수장수법을 사용하여 지역적 서당의 특징을 잘 드러내고 있으며 특히 해방 이전까지는 한학(漢學)을 학습시키던 서당으로서 역사적 가치가 있을 뿐만 아니라 현재는 금릉김씨 종중의 재실로 이용되면서 문중의 구심점 역할을 한 의미 있는 장소이다 소재지상세: 충청북도 옥천군', 'score': 0.753400533427909}, {'text_segment': '국가유산명_국문: 경주 문무대왕릉 국가유산명_한자: 慶州 文武大王陵 국가유산종목: 사적 시도명: 경북 시군구명: 경주시 시대: 신라시대 내용: 신라 30대 문무왕(재위 661∼681)의 무덤이다 동해안에서 200m 떨어진 바다에 있는 수중릉으로 신라인들의 창의적인 생각을 엿볼 수 있는 곳이다 문무왕은 아버지인 태종 무열왕의 업적을 이어받아 고구려를 멸망시키고 당의 침략을 막아 삼국통일을 이루었다 또한 병부 창부 등 중앙관청을 창설하였고 지방통치를 위한 5소경제도와 9서당 10정의 군사제도의 기틀을 마련하는 등 국가 체제 완성의 기초를 제공하였다 대왕암은 자연 바위를 이용하여 만든 것으로 그 안은 동서남북으로 인공수로를 만들었다 바닷물은 동쪽에서 들어와 서쪽으로 나가게 만들어 항상 잔잔하게 하였다 수면 아래에는 길이 37m 폭 206m의 남북으로 길게 놓인 넓적한 거북모양의 돌이 덮혀 있는데 이 안에 문무왕의 유골이 매장되어 있을 것이라 추측된다 『삼국사기』에 의하면 왕이 죽으면서 불교식 장례에 따라 화장하고 동해에 묻으면 용이 되어 동해로 침입하는 왜구를 막겠다는 유언을 남겼다고 한다 그의 아들 신문왕은 동해 근처에 감은사를 세워 법당아래 동해를 향한 배수로를 만들어 용이 된 문무왕이 왕래할 수 있도록 설계하였다\r\n  \r\n& lt;br/&gt;&lt;b&gt;※(문무대왕릉 → 경주 문무대왕릉)으로 명칭변경 되었습니다(20110728 고시)& lt;/b&gt;\r\n&lt;br/&gt;&lt;b&gt;※대왕암은 해수면 위로 동서 35m 남북 36m 높이 53m정도 노출되어 있습니다& lt;/b&gt; 소재지상세: 경북 경주시 양북면 봉길리 앞 해중(대왕암)', 'score': 0.7112134099006653}, {'text_segment': '국가유산명_국문: 헌병 부위 예복 및 상복(홍철유) 국가유산명_한자: NaN 국가유산종목: 국가등록문화유산 시도명: 서울 시군구명: 노원구 시대: 대한제국기 내용: ‘헌병 부위 예복 및 상복(홍철유)’은 1900년 육군무관학교를 졸업하고 1905년 11월에 정3품 통정대부 헌병대 육군헌병부위로 근무하였던 홍철유(洪哲裕)가 착용하였던 군복으로 총 2건 8점으로 구성되어 있다 예복으로는 부위 계급을 나타내는 2줄의 수장(袖章)과 각각 별 1개가 자수된 의령장(衣領章)이 있는 다색(茶色) 융 제작 상의을 비롯하여 예모와 입전모 등이 있으며 상복으로는 계급을 나타내는 2줄의 수장(袖章)이 있는 다색(茶色) 융으로 제작된 상의가 있다 해당 유물은 대한제국기 군복에 대해 구체적인 양상을 파악하기 어려운 상황에서 대한제국기 착용했던 육군 군복에 대해 병과별 계급별 제작 양상을 알 수 있어 가치가 높다 소재지상세: 서울특별시 노원구 화랑로 574 (공릉동 육군박물관)', 'score': 0.6940090317164895}, {'text_segment': '국가유산명_국문: 진주 수졸재 국가유산명_한자: 晉州 守拙齋 국가유산종목: 문화유산자료 시도명: 경남 시군구명: 진주시 시대: 1916년 내용: 1916년 초창된 수졸재는 3면에 누마루를 갖춘 정자 형식의 정자로서 전라도 지역에는 예가 많으나 경남지역에서는 비교적 드문 건축유형이다 치목과 결구가 섬세하고 수장이 미려하여 근대기 전통건축의 특징이 강한 근대한옥1916년 초창된 수졸재는 3면에 누마루를 갖춘 정자 형식의 정자로서 전라도 지역에는 예가 많으나 경남지역에서는 비교적 드문 건축유형이다 치목과 결구가 섬세하고 수장이 미려하여 근대기 전통건축의 특징이 강한 근대한옥 소재지상세: 경상남도 진주시 사곡로156번길 24-6 (수곡면)', 'score': 0.688209891447974}]",대왕암
임진왜란 중 한산도 대첩에서 일본군을 크게 격파한 장군은 누구인가요?,"[{'text_segment': '국가유산명_국문: 통영 염언상 묘 국가유산명_한자: 統營 廉彦祥 墓 국가유산종목: 시도기념물 시도명: 경남 시군구명: 통영시 시대: NaN 내용: 조선 중기의 무신 염언상(1552∼)의 묘지이다 그는 어려서부터 군사에 관계된 서적을 꾸준히 읽었으며 선조 25년(1592)에 임진왜란이 일어나자 이순신 장군의 휘하에 들어가 전쟁에 참여하였다 임진왜란 최초의 해전인 거제 옥포대첩에서 적선 30여척을 격파하는 공을 세웠으며 임진왜란 3대 대첩의 하나인 한산도 대첩에서도 공을 세웠다 그후 이순신 장군이 모함을 받아 투옥되자 고향에 돌아와 의병들을 이끌고 남원 지방에서 활약하다가 권율 장군 휘하에서 활약하였다 묘의 형태는 원형분이며 입구에 ‘선무원종공신염언상사비(宣武原從功臣廉彦詳事蹟碑)’라고 적힌 비가 세워져 있다 원종공신이란 국가나 왕실의 안정에 공적이 있는 자에게 내리는 칭호를 가리킨다 소재지상세: 경남 통영시 정량동 162-19번지', 'score': 0.8692575693130493}, {'text_segment': '국가유산명_국문: 통영 한산도 이충무공 유적 국가유산명_한자: 統營 閑山島 李忠武公 遺蹟 국가유산종목: 사적 시도명: 경남 시군구명: 통영시 시대: 조선시대 내용: 임진왜란 때 충무공 이순신(1545∼1598) 장군이 왜군을 크게 무찌른 한산대첩을 기념하기 위하여 만들어진 역사적인 장소이다 충무공은 무과에 급제하여 전라좌도 수군절도사를 지내던 때 왜적의 침입이 있을 것에 대비하여 여수를 중심으로 배를 만들고 군비를 늘리는 등 일본의 침략에 대처하였다 선조 25년(1592)에 임진왜란이 터지자 옥포대첩 거북선이 최초로 모습을 드러낸 노량해전 당항포해전 한산대첩 등 곳곳에서 전승을 거두었고 정유재란 때에는 명량대첩 등에서 승리를 거두었다 그가 죽은 후 1604년 선무공신 1등에 올랐고 영의정에 추증되었으며 ‘충무(忠武)’라는 시호가 내려졌다 한산대첩은 매우 불리하였던 전쟁의 상황을 완전히 바꾸어 놓은 대표적인 해전으로 육지에서의 행주성대첩·진주성대첩과 함께 임진왜란 3대첩의 하나로 꼽히는 유명한 싸움이었다 선조 25년(1592) 이곳에 제승당(制勝堂)을 짓고 26년(1593)부터 30년(1597)까지 해군의 중심 진영으로 삼아 해상세력을 장악하고 나라의 어려움을 이겨나갔다 그러나 선조 30년(1597)에 제승당을 포함한 이곳 군영이 모두 불에 타서 폐허가 되었다 그 후 영조 15년(1739)에 제승당과 함께 ‘제승당유허비’를 세운 후 여러 차례 공사가 이루어졌고 일제시대 때 지방 유지들에 의해 다시 세워지게 되었다 원래 제승당은 임진왜란 중 충무공이 부하들과 함께 작전계획을 세우고 일을 보던 ‘운주당’이란 건물 자리에 영조 때 집을 짓고 ‘제승당’이라는 이름을 붙인 것이다 경내에는 제승당을 비롯하여 충무공의 영정을 모신 ‘충무사’와 ‘한산정’ ‘수루’ 등이 있으며 산봉우리에는 한산대첩비와 함께 거북등대가 있다 <br/><b>※(한산도이충무공유적 → 통영 한산도 이충무공 유적)으로 명칭변경 되었습니다(20110728 고시) </b> 소재지상세: 경남 통영시 한산면 한산일주로 70 (두억리)', 'score': 0.7542706381698479}, {'text_segment': '국가유산명_국문: 금산 이치대첩지 국가유산명_한자: 錦山 梨峙大捷址 국가유산종목: 시도기념물 시도명: 충남 시군구명: 금산군 시대: NaN 내용: 이치는 대둔산 중허리를 넘어 전북 완주군으로 통하는 교통의 요지이며 전략상 중요한 곳이다 1592년 임진왜란 당시 경상도와 충청도를 휩쓸고 승승장구 하던 2만여 병력의 일본군이 호남으로 나아가 군량미를 얻고자 이곳을 넘으려 하였다 이 때 먼저 길목을 지키고 있던 권율장군이 동복현감 황진과 1500여명의 군사를 이끌고 결사적으로 싸워 일본군을 격퇴하였다 이로써 전주성과 호남평야를 지킬 수 있었다 임진왜란의 첫 승리를 장식한 이 싸움을 이치대첩 또는 이치싸움이라고 하며 여기에 힘입어 이후 권율장군은 행주대첩과 웅치싸움을 승리로 이끌 수 있었다 소재지상세: 충청남도 금산군 진산면 묵산리 산 79-34', 'score': 0.7351164299281793}, {'text_segment': '국가유산명_국문: 최경회사당 국가유산명_한자: 崔慶會祠堂 국가유산종목: 문화유산자료 시도명: 전남 시군구명: 화순군 시대: NaN 내용: 임진왜란시 제2차 진주성 싸움에서 활약한 최경회(1532~1593) 장군의 위패를 모신 사당이다 조선 순조 때 세운 이 사당은 처음에 능주목 동면 금전리에 세웠다가 1963년 금전 저수지 축조로 지금 있는 자리에 옮겨 세웠다 최경회 장군은 임진왜란 때 의병장으로 전라남도 능주에서 태어났다 명종 16년(1561) 생원시에 합격하였으며 1567년에는 과거에 급제하였다 임진왜란이 일어나자 의병을 모집하여 일본군을 장수에서 막아 싸웠고 금산에서 퇴각하는 적을 공격하여 격파하였다 선조 26년(1593) 6월 왜군이 진주성을 다시 공격하자 창의사 김천일 등과 함께 진주성을 지켰으나 9일만에 함락되고 남강에 투신 자살하였다 시호는 충의(忠毅)이다 건물은 앞면 3칸·옆면 2칸 규모이며 지붕은 옆면에서 볼 때 사람 인(人)자 모양인 맞배지붕으로 꾸몄다 소재지상세: 전남 화순군 화순읍 다지리 206-2번지', 'score': 0.7188331290253778}, {'text_segment': '국가유산명_국문: 권율장군이치대첩비 국가유산명_한자: 權慄奬軍梨峙大捷碑 국가유산종목: 문화유산자료 시도명: 충남 시군구명: 금산군 시대: NaN 내용: 임진왜란 때 권율 장군이 승리로 이끈 이치대첩을 기념하고 있는 비이다 이치는 대둔산 중허리를 넘어 전북 완주로 통하는 교통의 요지이며 전략상 중요한 곳으로 임진왜란 당시 경상도와 충청도 일대를 휩쓸고 승승장구하던 2만여 병력의 왜적이 호남으로 나아가 군량미를 얻고자 이곳을 넘으려 하였다 이 때 먼저 길목을 지키고 있던 권율 장군이 1500여 군사를 이끌고 결사전을 벌인 끝에 적을 섬멸하여 그들의 호남진출을 막아 내었다 이 대첩은 행주대첩 진주대첩보다 앞서는 임진왜란 최초의 육지에서 승리한 싸움이다 고종 3년(1866) 금성면 상가리에 이치대첩비(梨峙大捷碑)와 대첩사(大捷祠)를 함께 세워 그 뜻을 기렸는데 1944년 6월 일제에 의해 폭파되었다 현재의 비석은 1964년에 진산면 묵산리에서 이치를 바라볼 수 있는 산 중턱에 다시 세운 것으로 연재(淵齋) 송병선(宋秉璿)이 짓고 송성용이 쓴 비문을 다시 새긴 것이다 소재지상세: 충청남도 금산군 진산면 묵산리 산 79-34', 'score': 0.7071617657100955}]",이순신
고려의 왕건이 맞서 싸운 후백제의 인물은 누구인가요?,"[{'text_segment': '국가유산명_국문: 율리사 국가유산명_한자: 栗里祠 국가유산종목: 문화유산자료 시도명: 충남 시군구명: 서천군 시대: NaN 내용: 고려시대의 장군 신숭겸을 중심으로 평산 신씨 7인의 위패를 모신 사당으로 원래는 문중사당으로 세덕사라 불리웠다 신숭겸(？∼927)은 몸집이 크고 무예가 뛰어났으며 왕건을 도와 고려를 건국하는데 큰 공을 세웠다 고려 태조 10년(927) 대구 공산전투에서 후백제 견훤에게 포위당해 태조 왕건이 위급해지자 대신 왕건의 옷을 입고 싸워 전사한 인물이기도 하다 처음에는 조선 철종 1년(1850)에 세덕사를 지어 모셨고 흥선대원군의 서원철폐령으로 철거되었다가 1918년에는 율리사로 바꿔 다시 지었다 율리사는 앞면 3칸·옆면 1칸 건물이며 지붕은 옆면에서 볼 때 사람 인(人)자 모양을 한 맞배지붕이다 안에는 신숭겸 등 7인의 위패와 신숭겸 영정을 모시고 있다 그 외에 내삼문 강당 율리세덕사유허비 등이 남아 있다 소재지상세: 충남 서천군 비인면 율리 193번지', 'score': 0.8635461628437042}, {'text_segment': '국가유산명_국문: 삼중대광사도광리군 목상 국가유산명_한자: 三重大匡司徒廣理君 木像 국가유산종목: 문화유산자료 시도명: 경남 시군구명: 밀양시 시대: NaN 내용: 고려 태조 왕건을 도와 후백제를 평정하는데 공을 세운 밀양손씨의 입향조이자 중시조인 손긍훈(孫兢薰)의 목상이다 손긍훈은 고려 건국공신으로 태조 왕건을 도와 후백제 견훤의 아들인 신검을 황산전투에서 사조잡은 공로로 좌명공신에 선정되고 광리군에 봉해졌으며 그가 죽은 후에 삼중대광사도에 추증되었다 1894년 갑오경정 이후 관향이 폐지되자 후손들이 춘복재의 현충사로 이봉하여 모셨으며 현재는 밀양시립박물관에 보관 중이다 목상은 붉은 관복을 입고 오른손에 긴 칼을 들고서 의자에 앉은 무인의 모습을 나무로 깎아 만들었는데 매서운 눈과 큰 키로 보아 힘찬 호령을 하는 듯한 표정을 하고 있다 이 상(像)은 원래 소상(塑像)이었다고 하나 목상으로 바뀐 시기는 구체적으로 알 수 없다 소재지상세: 경상남도 밀양시 밀양대공원로 100 (교동 밀양시립박물관독립운동기념관)', 'score': 0.7928323221258768}, {'text_segment': '국가유산명_국문: 신숭겸장군유적 국가유산명_한자: 申崇謙將軍遺蹟 국가유산종목: 시도기념물 시도명: 대구 시군구명: 동구 시대: 고려시대 내용: 고려의 개국공신인 신숭겸을 기리는 유적이다 신숭겸(∼927)은 평산 신씨의 시조로서 918년 배현경 홍유 복지겸 등과 함께 궁예를 몰아내고 왕건을 추대하여 고려의 건국에 이바지한 인물이다 고려 태조 10년(927) 대구 공산에서 후백제 견훤의 군대와 싸우다가 태조가 적군에게 포위되어 위급해지자 태조의 옷을 입고 변장하여 맞서다가 전사하였다 태조는 그의 죽음을 애통히 여겨 그의 시신을 거두어 광해주(지금의 춘천)에 묻고 순절단 지묘사 미리사를 세워 명복을 빌었다 조선 선조 40년(1607)에 경상도관찰사 유영순이 지묘사의 자리에 표충사를 지어 신숭겸을 모셨으며 후에 이 서원에 사액을 내려 관리하였다 고종 8년(1871)에 서원철폐령으로 표충사가 없어지자 후손들이 표충재를 새로 지어 지금까지 내려오고 있다 소재지상세: 대구광역시 동구 신숭겸길 17 (지묘동 신숭겸장군유적지)', 'score': 0.7108753264634813}, {'text_segment': '국가유산명_국문: 용산재및덕양사 국가유산명_한자: 龍山齋및德陽祠 국가유산종목: 시도기념물 시도명: 전남 시군구명: 곡성군 시대: NaN 내용: 고려의 개국 공신 신숭겸(∼927)의 탄생지를 중심으로 이루어진 장군의 유적이다 신숭겸은 왕건을 도와 궁예를 몰아내고 고려를 건국하는데 큰 공을 세워 개국 일등공신이 되었다 고려 태조가 즉위한 몇 년 뒤 후백제의 견훤은 신라를 공격하였다 이에 크게 분개한 태조는 군사를 거느리고 나가 싸웠으나 후백제군에 포위되어 위급하게 되었다 이 때 신숭겸이 태조를 구하고 후백제군과 싸우다 전사하였다 이 유적지에는 제사를 모시는 용산재와 구룡문 유허비 유허단 및 비각이 있으며 해마다 9월 중에 제사를 지낸다 소재지상세: 전남 곡성군 오곡면 덕양서원길 42 목사동면 구룡리 180 (덕산리)', 'score': 0.6799185943899482}, {'text_segment': '국가유산명_국문: 신장절공묘역 국가유산명_한자: 申壯節公墓域 국가유산종목: 시도기념물 시도명: 강원 시군구명: 춘천시 시대: NaN 내용: 고려의 개국공신 장절공(壯節公) 신숭겸 장군의 묘소이다 평산 신씨의 시조로서 918년 배현경·홍유·복지겸 등과 함께 궁예를 몰아내고 왕건을 추대하여 고려 건국에 이바지하였다 태조 10년(927) 대구 공산에서 후백제 견훤의 군대와 싸우다가 태조가 적군에게 포위되어 위급해지자 태조의 옷을 입고 변장하여 맞서다가 전사하였다 적군이 신숭겸을 태조로 오인하고 그의 목을 베어가자 태조는 머리없는 시신에 금으로 머리를 만들어 장례식을 치루었다고 한다 도굴을 막기 위하여 묘는 하나인데 봉분을 3개 만들었다고 전해지고 있으며 현재 이 묘에는 3개의 봉분이 나란히 있다 묘역에는 신도비(神道碑:왕이나 고관 등의 평생업적을 기리기 위해 무덤 근처 길가에 세운 비) 및 묘비가 서 있다 소재지상세: 강원 춘천시 서면 방동리 816-1번지', 'score': 0.644189350980571}]",견훤
대한민국 임시정부가 수립된 도시는 어디인가요?,"[{'text_segment': '국가유산명_국문: 대한민국임시정부 성립 축하문과 선언서 국가유산명_한자: NaN 국가유산종목: 국가등록문화유산 시도명: 서울 시군구명: 동작구 시대: 1919년 내용: 「대한민국임시정부 성립 축하문과 선언서」는 1919년 3·1 만세운동(이하 ‘3·1운동’) 이후 상해에서 수립된 대한민국임시정부가 같은 해 9월 국내의 ‘한성정부’ 연해주의 ‘대한국민의회’와 통합되어 ‘대한민국임시정부’로 출범하자 이를 기념하고 제2차 독립시위운동을 촉구하고자 대한민족대표 30인의 이름으로 10월 31일 발행된 활판 인쇄 전단지이다 당시 다이쇼일왕의 천장절인 10월 31일에 맞춰 해당 문서들을 발표함으로써 3·1운동과 같은 전국적 시위운동을 다시 한번 전개하여 일제에 저항하고자 했으며 그 결과 국내 곳곳에서 대규모 만세시위가 일어나는 등 초기 임시정부 독립운동의 역사를 보여주고 있다 그 동안 문헌을 통해서만 그 존재가 알려져 있었으나 1967년 김양선(1907~1970) 교수가 숭실대학교에 기증하면서 유일한 실물 전단 형식의 문건이 알려졌다 이 문서들은 3·1운동 이후 대한민국임시정부의 수립과 당시의 독립운동 전개 양상을 보여주는 중요한 자료라는 점에서 국가등록문화유산으로 보존할 만한 충분한 가치가 있다 소재지상세: 서울특별시 동작구 상도로 369 (상도동 숭실대학교) 한국기독교박물관', 'score': 0.9738426208496094}, {'text_segment': '국가유산명_국문: 대한민국임시정부 건국강령 초안 국가유산명_한자: NaN 국가유산종목: 국가등록문화유산 시도명: 경기 시군구명: 고양시 시대: NaN 내용: 독립운동가이자 정치가인 조소앙(본명 조용은 1887～1958)이 ‘삼균주의(三均主義)’에 입각하여\r\n독립운동과 건국의 방침 등을 정리한 국한문혼용의 친필문서이다 조소앙은 임정(臨政)의 대표\r\n적 이론가이자 사상가로 임시정부 수립에 중심적 역할을 수행하고 광복 직후까지 주요한 지도\r\n자로 활동하였다 조소앙이 기초한 건국강령은 1941년 11월 28일 임시정부 국무회의에서 약간\r\n의 수정을 거쳐 원안대로 통과되었으며 1948년 제헌헌법의 기본적 바탕이 되었다 이 문서는\r\n대한민국임시정부가 광복 후 어떠한 국가를 세우려했는지를 밝혀주는 중요한 자료로 그가 고\r\n심하여 수정한 흔적 등이 그대로 남아있어 더욱 가치가 높다 조소앙은 광복 후 국회의원 등으\r\n로 활약하다 625전쟁 중 납북되었으며 1989년 ‘건국훈장 대한민국장’이 추서되었다 소재지상세: 경기도 고양시', 'score': 0.8753619760482848}, {'text_segment': '국가유산명_국문: 서울 신익희 묘소 국가유산명_한자: 서울 申翼熙 墓所 국가유산종목: 국가등록문화유산 시도명: 서울 시군구명: 강북구 시대: 1956년 내용: 신익희선생은 대한민국 임시정부수립 당시 임시헌법을 기초하고 초대 대의원과 내무차관 등을 맡아 활동한 독립운동가이다 해방 이후 대한민국 정부에서 국회의장과 대통령에 출마하였던 정치가로 이곳은 선생의 애국정신을 기릴 수 있는 역사적·교육적 가치가 큰 곳이다 소재지상세: 서울특별시 강북구 수유동 산 127-1 산 74-3', 'score': 0.8333727555460007}, {'text_segment': '국가유산명_국문: 대한민국임시정부 문영박 추조 및 문원만 특발 국가유산명_한자: NaN 국가유산종목: 국가등록문화유산 시도명: 대구 시군구명: 달성군 시대: 일제강점기 내용: ‘대한민국임시정부 문영박 추조 및 문원만 특발’은 대한민국임시정부가 1931년에 경북 달성에 거주하다 사망한 문영박(文永樸 1880~1930)의 유족에게 보낸 추조와 특발 종류의 문서이다 유족에게 전달하기 위해 독립 운동가 이교재(李敎載 1887~1933)가 수령해온 문건들이며 추조는 대한민국임시정부가 문영박의 유족에게 조의를 표명한 문서이고 특발은 문영박의 아들인 문원만(文元萬)에게 활동을 위한 지원금을 요청한 내용을 담고 있다 두 문건은 당시 대한민국임시정부가 필요한 상비금을 어떻게 마련하였는지 또 국내의 유지와는 어떻게 접선하였는지를 살필 수 있어 중요한 자료적 가치를 지니고 있다 소재지상세: 대구광역시 달성군', 'score': 0.8228200424815755}, {'text_segment': '국가유산명_국문: 임시정부 법규 국가유산명_한자: 臨時政府 法規 국가유산종목: 국가등록문화유산 시도명: 경기 시군구명: 파주시 시대: 일제강점기 내용: 1 「대한민국임시약헌(大韓民國臨時約憲)」은 1927년 4월 11일 제정 공포한 대한민국임시정부 3차 개정 헌법으로 2점 중 1점은 앞표지에 김붕준(金朋濬 1888∼1950) 이 자필로 서명한 김기원(金起元: 김붕준의 異名)이 적혀있다 2 「대한민국임시정부잠행중앙관제(大韓民國臨時政府暫行中央官制)」는 1944년 4월에 임시정부가 좌우연합정부를 구성하면서 헌법을 개정하였고 이 때 정부의 조직과 체제를 제정 공포한 것으로 관제와 근거를 밝히고 있다 3 「임시거류민단제상해대한인거류민단조례급규칙(臨時居留民團制上海大韓人居留民團條例及規制)」은 대한민국임시정부가 상해 대한인거류민단 운영과 관련하여 제정한 법제와 조례 규칙 등을 적은 책자이다 대한민국임시정부의 문서이자 초기 활동 및 상해 교민 사회와의 관계를 알 수 있는 자료이다 김붕준 일가가 소장하고 있는 임시정부 관련 원본 자료로 사료적 가치가 있는 유물이다 소재지상세: 경기도 파주시 헤이리로 30 (탄현면 국립민속박물관 파주)', 'score': 0.8141069154253211}]",상하이
봉오동 전투가 벌어진 연도는 언제인가요?,"[{'text_segment': '국가유산명_국문: 6·25 전쟁 군사 기록물(공군 전투비행단) 국가유산명_한자: NaN 국가유산종목: 국가등록문화유산 시도명: 충북 시군구명: 청주시 시대: 1953년 등 내용: ‘6·25전쟁 군사 기록물(공군 전투비행단)’은 전쟁 당시 공군 제10전투비행단(당시 강릉기지)과 관련된 유물인 제10전투비행단 종합보고서·비행기록수첩 및 출격 표시 작전지도·10비 군사일지·조종사 출격일지·김영환 장군 명패로 총 6건 8점의 유물이다 ① 제10전투비행단 종합보고서는 비행단의 작전·정보·교육·기상 등 작전 요소를 망라하여 도면과 문서로 정리한 유물로 국군과 북한군의 상황을 알 수 있는 자료다 ② 비행기록 수첩·출격 표시 작전지도는 참전 조종사(임상섭)가 1952년부터 1953년까지 작전을 수행한 지역을 수첩에 기록하고 지도에 표시한 유물로 당시 연습·출격기록을 알 수 있는 자료다 ③ 10비 군사일지는 1951년부터 1955년까지 2권으로 구성되어 있으며 부대의 주요 활동을 일자순으로 기록한 것으로 당시 비행단의 활동상황을 살펴볼 수 있다 ④ 조종사 출격일지는 참전 조종사(이배선)가 1952년부터 1953년까지의 출격일시·목표지점·임무·작전지도․마음가짐 등을 일자별로 상세히 기록한 것으로 전투조종사의 활약을 살펴볼 수 있다 ⑤ 김영환 장군 명패는 초대 제10전투비행전대장 시기(19518~1110)에 조종사 일동이 제작한 것이다 김영환 장군은 비행전대장 재직 당시 무장공비가 잠입한 해인사 폭격명령을 거부해 문화유산을 지켜낸 공적으로도 알려져 있다 해당 유물들은 6·25전쟁 시 공군의 작전수행 상황을 알 수 있는 자료로서 희귀하며 역사·사료적 가치를 지닌다 소재지상세: 충청북도 청주시 상당구 남일면 쌍수리 335-1 공군박물관', 'score': 0.852523719606954}, {'text_segment': '국가유산명_국문: 6·25 전쟁 군사 기록물(육군) 국가유산명_한자: NaN 국가유산종목: 국가등록문화유산 시도명: 충남 시군구명: 계룡시 시대: 대한민국 내용: ‘6·25 전쟁 군사 기록물(육군)’은 전쟁기간 동안 육군본부·군단·사단·후방부대 등에서 작성한 것으로 전투 수행을 위해 구체적으로 하달한 계획·명령·지시 기록과 전투상황에 대해 상세히 보고한 전투상보·작전일지 등 다양한 기록물이며 총 15종 7521건이다 해당 유물은 전쟁 당시의 긴박한 상황에서 체계적이고 질서있는 군사작전 수행 정황을 낱낱이 보여주고 있으며 전문가 및 일반인들의 6·25전쟁 관련 연구자료로서 매우 귀중한 자료이다 소재지상세: 충청남도 계룡시', 'score': 0.8230172760295646}, {'text_segment': '국가유산명_국문: 동학농민군 유광화 편지 국가유산명_한자: NaN 국가유산종목: 국가등록문화유산 시도명: 전북 시군구명: 정읍시 시대: 1894년 내용: ‘동학농민군 유광화 편지’는 동학농민군으로 활동한 유광화(劉光華 1858~1894)가 1894년 11월경 동생 광팔(光八)에게 보낸 한문 편지이다 유광화(劉光華)는 양반가의 자제로서 동학농민군의 지도부로 활동하며 군수물자를 조달하고 화순전투 등에 참여하였던 인물로 그의 편지는 나라를 침략한 왜군(일본군)과 싸우고 있으니 필요한 군자금을 급히 보내달라고 요청하는 내용을 담고 있다 해당 편지는 제국주의 일본에 맞서 전투에 참여한 동학농민군의 의지와 그들이 처한 상황을 보여주고 있으며 ‘동학농민혁명’이 농민뿐만 아니라 양반층도 참여한 범민족적 혁명이었다는 점을 밝혀주고 있어 중요한 사료적 가치를 지니고 있다 또한 해당 편지는 동학농민군의 일원이 전투과정에서 직접 작성한 매우 희소한 편지 원본이라는 점에서도 귀중한 가치를 지니고 있다 소재지상세: 전라북도 정읍시 동학로 742 (덕천면 동학농민혁명기념관)', 'score': 0.8046605201572137}, {'text_segment': '국가유산명_국문: 남원교룡산성 국가유산명_한자: 南原蛟龍山城 국가유산종목: 시도기념물 시도명: 전북 시군구명: 남원시 시대: NaN 내용: 남원 교룡산성은 해발 518m의 교룡산의 천연적인 지형지세를 이용하여 돌로 쌓은 산성으로 둘레는 3120m이다 현재 무지개 모양으로 입구가 표현된 동문과 성문을 보호하기 위하여 만든 작은 성인 옹성 그리고 군데군데 성벽이 남아 있다 온전하게 남은 동문터와 수문에 보이는 성벽의 구조는 우리나라 성곽 연구에 중요한 자료가 된다 성안에는 우물 99개와 계곡이 있어서 산성 주변의 주민들이 유사시에 대피나 전투의 목적으로 사용하기 좋았을 것으로 짐작된다 조선 전기에는 군대의 식량을 저정하는 창고가 있었다 산성을 언제 쌓았는지는 기록이 없어서 정확하게 알 수 없으나 성을 쌓은 입지나 형식으로 볼 때 백제 때 만든 것으로 보인다 소재지상세: 전북 남원시 산곡동 16-1번지', 'score': 0.760691102273679}, {'text_segment': '국가유산명_국문: 추자처사각 국가유산명_한자: 楸子處士閣 국가유산종목: 시도유형문화유산 시도명: 제주 시군구명: 제주시 시대: 조선 내용: 처사 박인택을 추모하기 위하여 그 후손들이 지은 사당이다 언제 지었는지 정확한 연도는 알 수 없고 처음에는 마을에 소규모의 초가를 지어 제사를 지냈다 그 뒤 현 위치로 옮겨 짓고 2차례에 걸쳐 보수를 하였다고 한다 전하는 바에 따르면 후손이 병에 걸려 갖가지 약으로도 고치지 못하였는데 꿈에 박인택이 나타나 사당을 짓고 공을 드리면 나을 것이라 하여 그렇게 하자 병이 바로 나았다고 한다 처사 박인택은 조선 중기에 추자도로 유배와 불교적 생활을 하면서 주민들의 병을 치료해 주고 불교 교리도 가르치면서 살았다고 한다 소재지상세: 제주 제주시 추자면 영흥2길 21-14 (영흥리)', 'score': 0.7360411733388901}]",1920년
신라에서 불교 대중화를 위해 노력한 승려는 누구인가요?,"[{'text_segment': '국가유산명_국문: 대각교의식(大覺敎儀式) 국가유산명_한자: NaN 국가유산종목: 국가등록문화유산 시도명: 서울 시군구명: 중구 시대: NaN 내용: ‘대각교의식(大覺敎儀式)’은 3·1운동에 민족대표 33인의 한 사람으로 참여하였던 백용성(白龍城 1864~1940)이 불교의 대중화를 위해 ‘대각교’를 창립하고 저술한 서적이다 ‘대각교의식(大覺敎儀式)’은 일제강점기 불교계에서 행해지던 복잡한 각종 의식(예불·향례·혼례·상례 등)을 실용적으로 간소화하고 왕생가 권세가 등 찬불가 7편을 수록하고 있다 본 유물은 불교 의식문을 한글로 보급하여 일제강점기 불교의 대중화와 개혁을 꾀하고 민족의식을 고취하고자 한 역사·문화적으로 중요한 가치가 있는 자료이다 소재지상세: 서울특별시 중구', 'score': 0.8800705936170299}, {'text_segment': '국가유산명_국문: 백용성 역『신역대장경(新譯大藏經)』(금강마하반야바라밀경) 국가유산명_한자: 白龍城 譯 新譯大藏經(金剛摩訶般若波羅蜜經) 국가유산종목: 국가등록문화유산 시도명: 전북 시군구명: 장수군 시대: NaN 내용: ㅇ불교 경전의 대중화를 확립하는 데 크게 이바지 하였던 자료로 매우 중요함 \r\n\r\nㅇ 일제강점기 시대 백용성 스님이 불경의 국역화를 통해 불교의 대중화를 꾀하고자 한 사실을 확인할 수 있으며 후일 금강경 국역의 초석이 되었음 소재지상세: 전북특별자치도 장수군', 'score': 0.8178716768454699}, {'text_segment': '국가유산명_국문: 백련사계단 국가유산명_한자: 白蓮寺戒壇 국가유산종목: 시도기념물 시도명: 전북 시군구명: 무주군 시대: 남북국시대/ 통일신라 내용: 덕유산 내의 백련사 뒷쪽에 마련되어 있는 계단으로 불교의 계(戒:승려가 지켜야 할 계율)의식을 행하는 곳이다 이 산에서 흔히 볼 수 있는 화강암질의 암석으로 이루어진 단은 절 뒷쪽의 등성이에 바닥을 널찍하게 마련하여 고르게 만든 후 자연석을 깔고 그 중앙에 종 모양의 탑을 세워두었다 낮은 바닥돌 위에 올려진 탑은 꼭대기에 구슬무늬를 둔 두툼한 받침을 조각한 후 그 위로 꽃봉오리 모양의 머리장식을 올려놓았다 탑의 서쪽으로는 동·서·남·북의 방위를 장식한 듯한 3각점의 홈이 파여 있고 그 안에 동그란 무늬를 새긴 받침대가 놓여 있다 건립된 연대는 확실하지 않으나 절의 번성기였던 통일신라시대에 만든 것으로 추측된다 특히 이 계단에는 누구든지 ‘관세음보살’을 외우며 주변을 일곱 번 이상 돌면 그 사람의 소원이 이루어진다는 말이 전해 내려와 많은 사람들의 발길이 끊이지 않는다 소재지상세: 전북 무주군 설천면 백련사길 580 (삼공리)', 'score': 0.8132373336516894}, {'text_segment': '국가유산명_국문: 불교 국가유산명_한자: NaN 국가유산종목: 국가등록문화유산 시도명: 서울 시군구명: 중구 시대: 일제강점기 내용: ‘불교’는 일제강점기 간행된 대표적인 불교 종합 잡지로서 교리 및 신앙에 관한 문제뿐만 아니라 당대 불교계의 동향과 인식을 알 수 있는 자료이다 당시 불교계 주요 인사들의 기고문을 중심 으로 편집하였는데 특히 1931년부터는 한용운이 편집 겸 발행을 맡았다 그는 ｢정(政)· 교(敎)를   분리하라｣(제87호 19319) ｢조선불교의 개혁안｣(제88호 193110) 등의 논설을 게재하여 냉철한 현실 인식을 바탕으로 일제의 종교 간섭을 비판하였으며 대중 불교와 불교계의 발전을 촉구하였다 ‘불교’는 창간호부터 폐간호까지 보존되어 완결성이 있으며 일제의 불교정책과 그에  대응하는 불교계의 모습을 파악할 수 있는 내용을 다수 수록하고 있다는 점에서 근대불교 연구자료로써 중요한 가치를 지니고 있다 소재지상세: 서울특별시 중구 필동로1길 30 (필동3가 동국대학교 중앙도서관)', 'score': 0.8110399178105712}, {'text_segment': '국가유산명_국문: 고성 법천사지 승탑군 국가유산명_한자: 固城 法泉寺址 僧塔群 국가유산종목: 문화유산자료 시도명: 경남 시군구명: 고성군 시대: NaN 내용: 승탑은 승려의 사리나 유골을 모신 후 쌓은 둥근 돌탑 부도라고도 한다 부도 여러 기가 모여 있어 ‘승탑군(僧塔群)’이라 한다 고성 법천사지 승탑군은 법천사의 옛 터에 자리하고 있으며 승탑 7기와 승탑비 1기로 이루어져 있다 승탑과 비에는 ‘계봉화상(鷄峯和尙)’ ‘조웅대사(祖雄大師)’ 등의 승려 이름이 적혀 있어 누구의 승탑인지 알 수 있다 승탑은 모두 종 모양의 몸체를 지닌 석종형(石鐘形)으로 조선 시대에 세운 것으로 보인다 터 주위의 산골짜기 이름들이 나무암골 진성암골 운봉암골 생언암골 국사당 등 큰 절에 딸린 작은 절인 암자의 이름에서 따온 것으로 보아 불교 번성기 때에 이곳에 큰 절이 있었을 것으로 추정된다 이 승탑들은 당시 절의 규모를 추측해 볼 수 있는 중요한 자료가 된다 소재지상세: 경상남도 고성군 대가면 양화리 269-1 외3필지', 'score': 0.7932577546236244}]",원효대사
팔만대장경이 보관된 사찰은 어디인가요?,"[{'text_segment': '국가유산명_국문: 해인사법보전비로자나불좌상 국가유산명_한자: 海印寺法寶殿毘盧舍那佛坐像 국가유산종목: 시도유형문화유산 시도명: 경남 시군구명: 합천군 시대: NaN 내용: 해인사는 신라 애장왕 때 순응과 이정이 세운 사찰로 의상의 화엄 10찰 중 하나이며 팔만대장경을 보관하고 있는 법보사찰(法寶寺刹)로서 유명하다 불상은 팔만대장경이 보관되어 있는 장경각 뒤편에 있는 법보전의 본존불로서 이마에는 반달 모양이 표현되었고 얼굴은 갸름한 편이다 귀는 어깨까지 길게 내려오고 목에는 3개의 주름인 삼도(三道)가 뚜렷하다 불상이 입고 있는 옷은 왼쪽 어깨에만 걸쳐 있고 주름은 평행 계단식으로 표현되었다 손은 왼손 검지를 오른손으로 감싸고 있는 모습으로 비로자나불이 취하는 일반적인 손모양이다 좌우에는 높이 47㎝의 문수보살과 보현보살이 아담한 크기로 배치되어 있는데 조선 초기 보살상의 특징을 잘 표현하고 있다 소재지상세: 경상남도 합천군 해인사길 122 (가야면 비로전)', 'score': 0.7150418311357498}, {'text_segment': '국가유산명_국문: 팔만대장경 국가유산명_한자: 八萬大藏經 국가유산종목: 시도유형문화유산 시도명: 강원 시군구명: 평창군 시대: 조선 고종 2년 (1865) 내용: 판수가 8만여 개에 달하고 8만 4천 번뇌에 해당하는 8만 4천 법문을 실었다고 하여 8만대장경이라고 부른다 월정사에 있는 팔만대장경은 해인사의 고려대장경 경판에서 직접 찍어온 것이다 조선 고종 2년(1865)에 찍어내어 월정사에서 보관하고 있다 크기는 가로 846㎝ 세로 24㎝이고 한지에 인쇄하였다 판의 끝에는 경전의 이름과 권수의 간행 차례가 기록되어 있다 천자문 순서대로 새겨 놓았는데 총 1511부 6802권 81137판으로 되어있다 고려 때는 물론이고 조선초에도 인쇄되었으나 전부 남아있는 것은 몇 개 전하여지지 않는다 이 대장경은 조선 고종 2년(1865)에 인쇄한 2부 가운데 하나이다 소재지상세: 강원특별자치도 평창군 오대산로 176 (진부면 월정사성보박물관) 동산리', 'score': 0.5963637872964089}, {'text_segment': '국가유산명_국문: 합천 해인사 대적광전 국가유산명_한자: 陜川 海印寺大寂光殿 국가유산종목: 시도유형문화유산 시도명: 경남 시군구명: 합천군 시대: NaN 내용: 팔만대장경이 보관되어 있는 해인사는 통일신라 애장왕 3년(802)에 지어졌다 중심 법당인 대적광전은 2층 건물로 비로전이라 불리다가 조선 성종 19년(1488)에 다시 지으면서 대적광전으로 이름을 바꾸었다 그 뒤 여러 차례의 화재가 있어 옛 모습을 찾아 볼 수 없고 지금의 건물은 순조 17년(1817)에 다시 지은 것을 1971년 대폭 수리한 것이다 앞면 5칸·옆면 4칸 규모로 지붕 옆면이 여덟 팔(八)자 모양인 팔작지붕집이다 내부에는 중앙의 비로자나불을 중심으로 좌우에 문수보살과 보현보살을 모시고 있다 소재지상세: 경상남도 합천군 해인사길 122 (가야면 비로전)', 'score': 0.5539672464787726}, {'text_segment': '국가유산명_국문: 오대산중대불량문 국가유산명_한자: 五臺山中臺佛糧文 국가유산종목: 문화유산자료 시도명: 강원 시군구명: 평창군 시대: 조선 순조 14년 추정 (1814) 내용: 이 책은 조선 후기 오대산 적멸보궁의 중창사실과 이를 재정적으로 후원한 일반 시주자 및 인근 사찰의 시주스님을 기록한 책으로 오대산 적멸보궁(중대)에서 보관용으로 기록한 것이다 각 장 8행(行)에 글자 수는 16∼25자로 불규칙하며 모두 20장으로 이루어져 있다 책에는 재물을 출연하여 시주하는 공덕을 찬양하는 내용의 발문 일반 대시주자의 이름과 소원문이 보이며 이어서 본사 비구를 비롯하여 인근의 사찰 및 경상도 은해사 스님들의 시주명이 차례로 기재되어 있으며 권말에는 이를 증명하는 각 사찰명이 지역별로 기재되어 있다 이 책이 만들어진 시기는 책 끝부분에 보이는 연대를 통해서 대략 19세기 초반으로 생각된다 조선 후기 오대산 적멸보궁의 중창사실과 이를 재정적으로 후원한 일반 시주자 및 인근 사찰의 이름을 알 수 있고 당시 사찰 연혁을 살필 수 있다 소재지상세: 강원특별자치도 평창군 오대산로 176 (진부면 월정사성보박물관)', 'score': 0.5477980954269197}, {'text_segment': '국가유산명_국문: 해인사봉황문 국가유산명_한자: 海印寺鳳凰門 국가유산종목: 문화유산자료 시도명: 경남 시군구명: 합천군 시대: NaN 내용: 해인사는 가야산 서남쪽 기슭에 있는 절이다 의상의 화엄 10찰 중 하나이고 팔만대장경판이 보관되어 있는 법보 사찰로 신라 애장왕 때 순응과 이정이 세웠다 해인사의 두번째 문이며 천왕문 금강문이라고 불리는 봉황문은 지은 시기를 알 수 없으나 여러 차례 고쳐 지은 기록이 있다 지금 있는 건물은 순조 21년(1821)에 고쳐 세운 것이다 앞면 3칸·옆면 2칸의 규모로 옆면 지붕선이 사람 인(人)자 모양인 맞배지붕이다 또한 지붕처마를 받치기 위한 공포가 새날개모양인 익공양식으로 내부에는 사천왕 탱화가 모셔져 있다 소재지상세: 경상남도 합천군 해인사길 122 (가야면 사찰)', 'score': 0.5341158264322694}]",해인사
거란과의 외교 담판을 통해 강동 6주를 확보한 고려의 인물은 누구인가요?,"[{'text_segment': '국가유산명_국문: 서희장군묘 국가유산명_한자: 徐熙將軍墓 국가유산종목: 시도기념물 시도명: 경기 시군구명: 여주시 시대: NaN 내용: 고려 초기의 외교가이자 문신인 장위공 서희(徐熙 942∼998)의 묘이다 973년(성종 12)에 거란이 80만대군을 이끌고 침입하여 압록강을 건너오자 거란의 장수 소손녕과 담판하여 고려가 고구려의 후계자임을 내세워 유혈의 전투 없이 거란군을 물러가게 했다 묘역은 부인과 함께 매장된 쌍분(雙墳 ; 두개의 봉분)의 형태이다 봉분은 커다란 직사각형태에 하단에 2단의 둘레석을 둘러 봉분을 보호하였다 묘역은 계단식으로 3단으로 나누고 계체석(階砌石 ; 묘역을 구분하는 편평하고 긴 경계석)으로 구분하였는데 고려의 묘제임을 보여주고 있다 양 봉분의 가운데에 묘표 1기를 설치하였는데 원수방부형(圓首方趺形 ; 둥근 머릿돌과 사각 받침돌의 비석 형태)이고 큰 해서체로 글씨를 썼다 장명등은 원래 각 상석 앞에 있었으나 정면 왼쪽 장명등을 도난당해 지금은 정면 오른쪽 장명등만 남아 있는 상태이다 잔존한 장명등은 머릿돌을 2개 얹은 상태인데 후대에 변형된 것이다 석인은 2쌍이 있는데 문석인과 무석인의 차례대로 배치하였다 문석인은 홀을 쥔 복두공복형(幞頭公服形 ; 머리에는 복두를 쓰고 공복을 입은 문신의 형태)이고 무석인은 긴 검을 손에 쥔 형상이다 무석인은 갑옷을 입지 않고 직령포를 입었는데 15세기 전기의 양식을 반영한 것이다 이 묘역은 고려시대의 묘제가 일부 남아 비교할 수 있다는 점에서 중요하다 소재지상세: 경기도 여주시 산북면 후리 산53-1번지', 'score': 0.8437410295009613}, {'text_segment': '국가유산명_국문: 주미조선공사관 관련 이상재 기록 국가유산명_한자: NaN 국가유산종목: 국가등록문화유산 시도명: 서울 시군구명: 종로구 시대: 1887~1889 내용: 「주미조선공사관 관련 이상재 기록」은 1888년 주미조선공사관에서 초대 공사 박정양을 수행했던 서기관 이상재(李商在 1850-1927)가 기록한 주요 외교문서의 필사본과 가족들에게 보낸 편지로 구성된다 먼저『미국공사왕복수록(美國公使往復隨錄)』은 미국정부와 직접 주고받은 문서 외교활동 참고사항을 담고 있다 그리고 『미국서간(美國書簡)』은 이상재가 가족들에게 보낸 편지를 묶은 것으로 집안일에 관련된 내용이지만 ‘미국 상황(민주주의 물가)’ ‘공관의 임대료’ ‘청나라로 인한 업무 수행의 어려움’ 등도 생생하게 보여준다 이 자료들은 조선이 서양국가 중 최초로 워싱턴에 개설한 공사관의 실상과 경인철도 부설 초기 자료 및 자주적인 외교 활동 노력 등을 확인할 수 있는 귀중한 가치를 지닌다 소재지상세: 서울특별시 종로구 효자로 12 (세종로 국립고궁박물관)', 'score': 0.6714407168054396}, {'text_segment': '국가유산명_국문: 김취려 묘 국가유산명_한자: 金就礪 墓 국가유산종목: 문화유산자료 시도명: 인천 시군구명: 강화군 시대: NaN 내용: 고려 후기의 장군 김취려의 묘이다 그는 고려 후기 예부시랑을 지낸 김부(金富)의 아들로 본관은 언양이며 음서(蔭敍)를 통해서 정위(正尉)에 임명되었다 1216년 거란군이 청천강 북쪽을 약탈하자 장군은 앞장서서 싸웠다 1217년 5월 거란군이 한강 이남을 공격하자 박달재에서 크게 무찔렀다 1218년 7월에도 거란군의 침략을 막았고 이듬해 2월에는 마침내 강동성(江東城)을 함락하고 거란군을 완전히 무찔렀다 1232년에는 벼슬이 최고관직인 문하시중(門下侍中)까지 올랐으며 위열공(威烈公)이라는 시호를 받았다 사람됨이 정직하고 검소하였으며 아랫사람을 바르게 다스려 누구도 그를 속이지 못하였다고 한다 고종 21년(1234) 강화에서 사망하였다 김취려 묘지석에는 ‘공은 갑오년(고종 21 1234) 2월 14일에 미미한 병세를 보이다가 21일에 갑자기 돌아가시니 향년 63세이다 천자(天子)께서는 몹시 슬퍼하며 조문하고 부의를 내리셨다 공은 복야(僕射) 조언통(趙彦通)의 따님을 부인으로 맞아들여 세 아들과 딸 하나를 두시고 뒷일을 처리하게 하였다 7월 12일에 진강산(鎭江山) 대곡동(大谷洞) 서쪽 기슭에 예장하였다’고 기록되어 있어 묘지석이 발견된 곳에 강화군과 언양김씨 종친회에서 묘소를 새롭게 정비하였다 묘역에는 원형의 봉분 앞에 망주석 한 쌍과 상석이 갖추어져 있으며 하단 부분에 묘역을 정비하고 종친회에서 건립한 비석이 세워져 있다 소재지상세: 인천광역시 강화군 양도면 하일리 산 71', 'score': 0.6647952806383849}, {'text_segment': '국가유산명_국문: 한국광복군 총사령부 성립 전례식 서명문 국가유산명_한자: NaN 국가유산종목: 국가등록문화유산 시도명: 충남 시군구명: 천안시 시대: 1940년 내용: ‘한국광복군 총사령부 성립 전례식 서명문’은 1940년 9월 17일 중국 충칭의 가릉빈관에서 임시정부 주석이자 광복군창설위원회 위원장인 김구 주관하에 거행된 한국광복군 총사령부 성립 전례식 관련 유물이다 서명문은 전례식에 참석한 중국 측 인사 및 서방 외교사절 신문사 대표들이 서명한 원본 방명록으로 충칭 시기 대한민국임시정부와 한국광복군의 독립운동과 외교 활동 및 언론 창구를 확인할 수 있는 자료이다 소재지상세: 충청남도 천안시 동남구 독립기념관로 1 (목천읍 독립기념관)', 'score': 0.6489412848260289}, {'text_segment': '국가유산명_국문: 연날리기 국가유산명_한자: 연날리기 국가유산종목: 시도무형유산 시도명: 서울 시군구명: 서대문구 시대: NaN 내용: 해제사유\r\n연은 누구나 만들 수 있을 정도로 전승활동이 활발하고 연의 제작과 연행이 여러 단체의 다양한 보존과 전승 활동을 통해 일정한 대중성을 확보하고 있으므로 연날리기의 지정을 해제하여 보편적 민속문화로 확장하는 방법을 찾는 것이 바람직할 것으로 판단됨 소재지상세: NaN', 'score': 0.640051479348932}]",서희
고려를 멸망시키고 조선을 세운 인물은 누구인가요?,"[{'text_segment': '국가유산명_국문: 서울 이시영 묘소 국가유산명_한자: 서울 李始榮 墓所 국가유산종목: 국가등록문화유산 시도명: 서울 시군구명: 강북구 시대: 일제강점기 내용: 이시영 선생은 대한제국이 멸망하자 6형제의 재산을 모두 처분하여 서간도에 신흥무관학교를 설립하였고 대한민국 임시정부를 수립하여 활동한 독립운동가이며 해방 후 대한민국 정부에서 부통령을 역임한 인물로 이곳은 선생의 애국정신을 기릴 수 있는 역사적·교육적 가치가 큰 곳이다 소재지상세: 서울특별시 강북구 수유동 산 127-1', 'score': 0.8383957743644714}, {'text_segment': '국가유산명_국문: 동국사략 국가유산명_한자: 東國史略 국가유산종목: 문화유산자료 시도명: 대전 시군구명: 유성구 시대: 1403(태종3) 내용: 『東國史略』은 여러 종류의 문헌이 전해지고 있다 태종대 권근의 『동국사략』 이우(李堣 : 1469~1517)의 『동국사략』 박상(朴祥 : 1474~1530)의 『동국사략』 유희령(柳希齡 : 1480~1552)의 『동국사략』 민제인(閔齊仁 : 1493~1549)의 『동국사략』 등이 있다 이중에서 권근이 찬술한 『동국사략』은 단군에서 신라말까지만 서술한 것이다 나머지 이본들은 단군에서 고려말까지 서술되어 있다 그런데 본서는 6권 2책본으로 그 내용이 단군에서 고려말까지 서술된 내용이기 때문에 권근이 편찬한 『동국사략』이 아닌 것으로 보인다 즉 본서는 선초 눌재(訥齋) 박상(1474~1530)이 6권 2책으로 편찬한 『동국사략』이다 조선 초 권근(權近)이 편찬한 『동국사략』과 이름이 같아 한 때 권근의 저서로 잘못 알려져 왔던 것이다 『대동야승(大東野乘)』의 임보신(任輔臣)이 쓴 「병진정사록(丙辰丁巳錄)」에 박상이 『동국사략』을 찬술하였으며 고려사까지 다루고 있다는 기록 김휴(金烋)의 『해동문헌총록(海東文獻總錄)』에 6권으로 고려사까지 기술되고 있다는 기록 이인영(李仁榮)의 『청분실서목(淸芬室書目)』에 현존하는 6권의 책이 눌재 박상이 찬한 것이라는 기록 등을 통해 박상이 편찬했다는 사실을 알 수 있다 본서의 편찬연대는 밝혀져 있지 않으나 16세기 초반으로 추정된다 1권에서는 단군조선부터 고구려 멸망까지 2권에서는 문무왕 9년 이후 신라 역사 3권에서 6권까지는 고려시대의 역사를 기술하고 있다 고대사에서는 본기사로서 단군조선을 비롯하여 기자조선 위만조선 삼한의 역사를 두루 기술하였고 삼국의 역사를 개략적으로 소개하고 있다 자연 현상과 관련된 기록은 생략하였으며 유교적인 기준에서 열전에 오른 인물에 대한 행적은 빠짐없이 기술하였다 고려시대의 역사는 사건의 기사 앞에 각 왕의 연대를 표기하였으며 조선 건국에 반대하고 고려 왕조에 절의를 지킨 인물들을 칭송하고 긍정적으로 평가하였다 그리고 조선 건국에 공을 세운 정도전은 오히려 폄하하는 등 조선 중기 사림파의 역사인식을 보여주고 있다 소재지상세: 대전광역시 유성구 도안대로 398 (상대동 대전시립박물관)', 'score': 0.7828729663503246}, {'text_segment': '국가유산명_국문: 영주동반구정 국가유산명_한자: 榮州洞伴鷗亭 국가유산종목: 문화유산자료 시도명: 경북 시군구명: 영주시 시대: NaN 내용: 반구정은 1392년에 고려말 괴산군수 김해부사 등을 지낸 사복재 권정(1353∼1411)이 고려의 멸망 소식을 듣고 고향에 내려와 지은 정자이다 반구정이란 고려를 회복한다는 뜻으로 처음에는 안동 임하면 도목촌 북쪽 지어실(현 예안면 기사리)에 세웠으나 후손들이 1720년에 지금 있는 자리로 옮겼다 정자는 앞면 3칸·옆면 2칸 규모이며 마루 4칸·온돌방 2칸으로 구성되어 있다 평소에는 마루를 개방하지 않고 있지만 들어 열 수 있는 문을 두어 개방시에 전체가 하나의 공간이 되도록 마무리하였다 반구정은 전체적으로 18세기 건축 양식을 잘 보존하고 있어 우리 건축사 연구에 귀중한 자료가 되고 있다 소재지상세: 경북 영주시 중앙로45번길 56-8 (영주동)', 'score': 0.7657936261753057}, {'text_segment': '국가유산명_국문: 발해태조건국지·명림답부전 국가유산명_한자: 渤海太祖建國誌·明臨答夫傳 국가유산종목: 국가등록문화유산 시도명: 서울 시군구명: 서대문구 시대: NaN 내용: 『발해태조건국지』는 1925년 대한민국임시정부의 대통령을 맡기도 한 박은식(朴殷植 1859~1925)이 1911년에 서간도 환인현(桓仁縣) 홍도천에 있던 윤세복(尹世復)의 집에서 저술한 저작의 하나이다 그의 자는 성칠(聖七) 호는 백암(白庵) 겸곡(謙谷) 태백광노(太白狂奴) 무치생(無恥生)이고 이명(異名)은 인식(仁植) 기정(箕貞) 등이다 내용은 목차(서론 발해 이전의 고구려 말운 태조의 가계와 인격 고구려 유민의 생기 영웅의 은둔 활동시기 천문령의 대승첩 태조의 건국 발해의 강역 발해의 종교와 풍속 발해의 문학 태조의 외교 태조의 후손 결론)에서 보듯이 고구려 멸망 이후 대조영이 그 유민을 이끌고 발해를 건국한 과정과 영토 문물 종교 풍속 문학 외교 후손 등을 다루고 있다 합철된 『명림답부전』은 서론 끝의 “大皇祖降世四千三百六十八年(1911)九月日著者 識”와 같이 『발해태조건국지』보다 한 달 앞선 1911년 9월에 완성되었다 박은식이 상무적인 고구려의 많은 인물 중에서도 대표적인 애국충신으로 명림답부(67~179)를 선정하여 조국독립을 위하여 혈투하는 모습을 통하여 한국민의 애국심을 함양시키고자 저술한 전기이다 명림답부는 고구려 7대 차대왕을 제거하고 차대왕의 아우 백고를 신대왕으로 모신 인물이다 그는 고구려 최초의 국상이었고 뛰어난 지략으로 한나라 대군을 물리친 명장이기도 했다 박은식이 1911년 한국역사를 만주 중심으로 이해하면서 저술한 「발해태조건국지」와 「명림답부전」의 합철본인 「발해태조건국지‧명림답부전」은 일제강점기 민족주의 사가들의 고구려‧발해 인식을 가장 명료하게 보여주는 대표적 저술로 한국근대사학사와 한국독립운동사 분야에서 중요한 문헌이다 소재지상세: 서울특별시 서대문구 연세로 50 (신촌동 연세대학교) 박물관', 'score': 0.7291826814439173}, {'text_segment': '국가유산명_국문: 고란사 국가유산명_한자: 皐蘭寺 국가유산종목: 문화유산자료 시도명: 충남 시군구명: 부여군 시대: NaN 내용: 부소산 북쪽기슭의 백마강 좌안(左岸)에 자리한 고란사는 정면 7칸 측면 4칸의 법당과 요사(窯舍)의 건물로 이루어진 조그마한 사찰이다 이 사찰은 불적(佛跡)보다는 고란초에 의해 널리 알려져 있는데 법당 뒤편에서 나오는 약수와 함께 이 사찰의 명물을 이루고 있다 고란사는 백제멸망과 관련된 여러 가지 전설이 저하나 정확한 유적이나 유물은 없고 현재의 고란사는 고려시대에 창건되었는데 현 사찰건물(寺刹建物)은 은산(恩山) 승각사(乘角寺)를 이건(移建)한 것으로 전하고 있다 소재지상세: 충남 부여군 부여읍 쌍북리 산1번지', 'score': 0.7193668705936773}]",이성계
경복궁에서 조선의 국왕이 정사를 보던 장소는 어디인가요?,"[{'text_segment': '국가유산명_국문: 창덕궁 국가유산명_한자: 昌德宮 국가유산종목: 사적 시도명: 서울 시군구명: 종로구 시대: 조선 태종 5년(1405) 내용: 창덕궁은 1405년(태종 5)에 창건한 조선왕조의 궁궐이다 처음에는 법궁인 경복궁에 이어 이궁(離宮 법궁 외에 별도로 지은 궁궐)으로 창건했지만 이후 역대 왕들이 주로 창덕궁에 거주하면서 실질적인 법궁의 역할을 하였다 1592년(선조 25)에 임진왜란으로 경복궁 창덕궁 창경궁이 소실되자 제일 먼저 1610년(광해군 2)에 중건되었고 1867년(고종 4) 경복궁이 중건될 때까지 270여 년 동안 법궁으로 사용되었다 창경궁과 함께 동궐(東闕)이라 불렀으며 조선 후기에 들어 옥류천 규장각 주합루 연경당 낙선재 등의 건물이 조성되면서 창덕궁의 영역은 점차 넓어지게 되었다 창덕궁은 크게 국왕의 즉위식 등 큰 행사를 치렀던 정전(인정전)과 국왕이 신하들과 정사를 돌보던 편전(선정전) 왕과 왕비의 생활공간인 내전(희정당 대조전 등) 그리고 휴식공간인 후원(부용지 애련지 등)으로 나누어진다 후원은 자연경관을 살려 울창한 숲과 연못 크고 작은 정자들이 마련되었다 창덕궁은 경복궁과 다르게 건물이 일직선으로 배치된 인위적인 구조를 따르지 않고 주변 산세 지형과 조화를 이루도록 자연스럽게 건축하여 가장 한국적인 궁궐이라는 평가를 받는다 왕가의 생활에 편리하면서도 친근감을 주는 창덕궁의 공간 구성은 경희궁이나 경운궁 등 다른 궁궐의 건축에도 영향을 주었다 비정형적 조형미를 간직한 동아시아의 대표적인 궁궐 건축물로 자연환경과의 완벽한 조화와 배치가 탁월하다는 문화유산적 가치를 인정받아 1997년 12월 6일 유네스코 세계유산에 등재되었다 소재지상세: 서울 종로구 율곡로 99 (와룡동)', 'score': 0.7304075360298157}, {'text_segment': '국가유산명_국문: 산청 용강정사 국가유산명_한자: 山淸 龍岡精舍 국가유산종목: 문화유산자료 시도명: 경남 시군구명: 산청군 시대: 일제강점기 내용: 산청 용강정사는 임리정과 함께 독립을 원하는 유림(儒林)이 모여 뜻을 모으고 파리장서를 준비한 의미 있는 장소이다 용강정사는 앞면이 4칸 옆면이 1칸 반인 건물로 지붕은 옆에서 볼 때 사람 인(人) 자 모양인 맞배지붕이다 용강정사는 건축의 짜임새 및 구조 상태가 우수하며 파리장서를 작성하기 위해 유림들이 결집한 장소로 역사적 의미가 있어 문화유산자료로 지정 보존하고 있다 * 파리장서: 1919년 3·1운동이 전국적으로 일어난 후 독립선언에 참여하지 못한 유림이 프랑스 파리에서 열리는 강화회의에 대한 독립을 호소하는 청원서를 보낸 일이 있었는데 이때 보낸 청원서를 파리장서라 부름 소재지상세: 경상남도 산청군 신차로 231-5 (신안면)', 'score': 0.6720392910728944}, {'text_segment': '국가유산명_국문: 백악춘효 국가유산명_한자: 白岳春曉 국가유산종목: 국가등록문화유산 시도명: 서울 시군구명: 용산구 시대: 1915년 내용: <백악춘효>는 심전 안중식(安中植1861～1919)이 1915년에 백악과 경복궁의 실경을 그린 작품으로 여름본과 가을본 두 점이 전해진다 두 작품 모두 근경(나무와 해태상) 중경(광화문과 경복궁 전각들) 원경(백악산과 북한산 자락)이 명확하게 구분되며 원경에 해당하는 백악산과 북한산 줄기가 그림의 절반에 해당하는 공간을 차지하고 있다 여름본의 경우 광화문의 중심축이 백악산의 정상을 지나고 경복궁 전각들이 웅대하게 재현됨 여름본에는 ‘白岳春曉’(백악춘효) ‘乙卯夏日心田寫’(을묘하일심전사) 가을본에는 ‘白岳春曉’\r\n(백악춘효) ‘乙卯秋日心田安中植’(을묘추일심전안중식)이라는 묵서와 낙관이 있다 <백악춘효>는 조선왕조 말기 대표적인 화가이면서 이상범 노수현 변관식 등 근대 산수화가들을 길러낸 안중식의 실경산수로서 봉건적 요소와 서구적 안목이 작용한 보기 드문 작품으로 역사적·예술적 가치가 있다 소재지상세: 서울특별시 용산구 서빙고로 135-', 'score': 0.6703275134919993}, {'text_segment': '국가유산명_국문: 산청 용강정사임리정 국가유산명_한자: 山淸龍岡精舍臨履亭 국가유산종목: 문화유산자료 시도명: 경남 시군구명: 산청군 시대: 일제강점기 내용: 1919년 3·1 운동이 전국적으로 전개되자 유림측에서도 프랑스의 파리에서 개최되는 강회회의에 한국독립을 호소하는 장문의 서한을 작성하여 보낸 일이 있다 일명 파리장서 사건이라 하는데 이곳 용강정사와 임리정은 유림들이 모여 서한을 작성하고 총의를 모아 준비한 결집장소로 사용되었다 용강정사는 앞면 4칸·옆면 1칸 반의 규모이며 지붕은 옆에서 볼 때 사람 인(人)자 모양인 맞배지붕으로 독특한 조형미를 살리고 있다 임리정은 앞면 3칸·옆면 2칸의 규모로 지붕은 옆에서 볼 때 여덟 팔(八)자 모양인 팔작지붕으로 꾸몄다 용강정사는 건축의 짜임새 및 구조 상태가 우수하며 임리정은 주변 경관과 조화를 이루는 배치를 이루고 있어 문화유산자료로 지정하여 보존하고 있다 소재지상세: 경상남도 산청군 신차로 231-5 (신안면)', 'score': 0.653038189473564}, {'text_segment': '국가유산명_국문: 산청 매란정사 국가유산명_한자: 山淸 梅瀾亭舍 국가유산종목: 문화유산자료 시도명: 경남 시군구명: 산청군 시대: NaN 내용: 산청 매란정사는 쌍매헌 민제연(雙梅軒 閔齊淵 1632~1720)과 관란재 민홍석(觀瀾齋 閔弘錫 1685~1772)을 기리기 위해 지은 정사이다 민제연은 남한일기(南漢日記)*를 읽다 청나라에 굴욕적으로 강화한 것에 분노하여 성균관에서 공부를 그만두고 고향으로 돌아와 쌍매정(雙梅亭)을 지어 제자를 양성했다 이후 쌍매정이 낡고 민제연의 뜻에 따라 제자를 양성한 종손 민홍석을 함께 기리기 위하여 관란재(觀瀾齋)를 새로이 지었다 현재의 매란정사는 관란재를 없애고 1919년에 지은 것으로 쌍매정의 ‘매’와 관란재의 ‘란’을 따서 매란정사라 이름을 지었다 경남 지역에서는 보기 드문 앞뒤로 온전한 크기의 방들을 두 줄로 배열한 겹집 구조로 특히 방 앞의 좁은 마루를 건물을 세운 단 앞으로 돌출시켜 기둥으로 받친 건축 형식은 그 예가 드물어 근대 정사건축의 특징을 확인할 수 있는 귀중한 자료이다 매란정사는 경호강과 지리산의 자연경관을 한눈에 볼 수 있는 곳에 위치하고 있어 관직에 나아가지 않고 이곳에서 학문을 갈고 닦은 유학자들의 철학관과 생활상을 잘 보여준다 소재지상세: 경상남도 산청군 산수로541번길 143 (오부면)', 'score': 0.6468972711094808}]",근정전
정약용이 발명하여 수원 화성 건설에 기여한 도구는 무엇인가요?,"[{'text_segment': '국가유산명_국문: 수원 화성 국가유산명_한자: 水原 華城 국가유산종목: 사적 시도명: 경기 시군구명: 수원시 시대: 조선 정조       20년(1796) 내용: 화성은 조선시대 화성유수부 시가지를 둘러싼 성곽이다 1789년(정조 13) 수원을 팔달산 동쪽 아래로 옮기고 1794년(정조 18) 축성을 시작해 1796년에 완성했다 전체 길이는 574㎞에 달한다 4개의 성문을 비롯해 망루의 일종인 공심돈(空心墩) 대포를 둔 포루(砲樓) 요충지에 세운 각루(角樓) 군사지휘소인 장대(將臺) 등을 두루 갖췄다 화성은 지형을 살려 쌓는 조선의 축성 전통을 따르면서도 새로운 방어시설을 도입한 성곽이다 실학자 정약용은 조선과 중국의 축성 방식을 총망라하여 성곽의 규모와 방어시설 재료를 계획했고 자재를 쉽게 들어 올리는 거중기와 튼튼한 수레 유형거를 발명하여 공사비용도 줄였다 축성의 모든 과정은 『화성성역의궤』라는 공사보고서에 꼼꼼하게 기록했다 건축도면과 축성기계의 그림 사용한 재료의 치수와 수량까지 수록되어 있어 현재까지도 『화성성역의궤』를 바탕으로 수리 보수가 이루어지고 있다 화성은 동서양의 기술교류를 보여주고 지형을 살린 우수한 군사건축물로 인정받아 1997년 유네스코 세계유산에 등재됐다 화성은 성곽뿐 아니라 18세기 말에 만들어진 성곽도시이자 계획 신도시라는 점에서도 큰 가치가 있다 서울과 삼남지방을 잇는 교통의 중심지에 자리 잡은 화성에는 경제적으로 부강한 도시를 만들고자 했던 정조의 뜻과 실학정신이 반영되어 있다 <br/><b>※(화성 → 수원 화성)으로 명칭변경 되었습니다 (20110728 고시) </b> 소재지상세: 경기 수원시 팔달구 장안동 1-2번지', 'score': 0.7441473752260208}, {'text_segment': '국가유산명_국문: 번암선생집 국가유산명_한자: 樊巖先生集 국가유산종목: 시도유형문화유산 시도명: 경기 시군구명: 수원시 시대: NaN 내용: 정조대 초대 화성유수를 지내고 영의정까지 오른 번암 채제공(蔡濟恭 1720~1799)의 시문집(詩文集) 초고본이다 채제공은 사도세자 추숭 현륭원 조성 수원읍치 이전 수원화성 성역 등 정조가 추진하는 주요 사업을 맡아 수행한 인물이다 1799년(정조 24) 1월에 채제공이 세상을 떠나자 그해 가을에 문인(門人)인 정약용(丁若鏞)과 이가환(李家煥) 등이 유고를 교정하였다 이듬해 정조가 채제공의 문집 편집과 간행에 큰 관심을 갖고 직접 범례(凡例)를 지어 주며 문집을 편집하는 기준으로 삼게 하였다 표지 안쪽 면에 『번암선생집(樊巖先生集)』 구본(舊本)을 정조가 정해 준 범례대로 다시 편집하고 3본을 베껴 서울 영남 충청도에 보내니 더 이상 내용을 바꾸지 말고 이 책을 기준으로 간행할 것을 당부하는 별지(別紙)가 붙어 있다 총 62권 30책 가운데 표지의 우측 상단에 ‘권수(卷首)’라고 표기된 제1책을 포함하여 27권 22책만 전한다 소재지상세: 경기도 수원시 팔달구 창룡대로 21 (매향동 수원화성박물관)', 'score': 0.6605941488543482}, {'text_segment': '국가유산명_국문: 번암고 국가유산명_한자: 樊巖稿 국가유산종목: 시도유형문화유산 시도명: 경기 시군구명: 수원시 시대: NaN 내용: 정조대 초대 화성유수를 지내고 영의정까지 오른 번암 채제공(蔡濟恭 1720~1799)의 문장을 모은 책이다 채제공은 정조시대의 대표적인 재상으로서 초대 수원유수를 지냈으며 수원화성 축성 당시 총리대신을 맡아 축성을 총괄한 인물이다 총3책 중 2책은 채제공의 문장 가운데 기문(記文)과 서문(序文)을 편집한 것이고 1책은 묘지명(墓誌銘)과 묘표(墓表) 행장(行狀)을 모아 필사한 것이다 필사된 기문은 총 50편이고 서문은 총 48편이며 목판으로 간행한 『번암집』과 편차는 다르지만 그 내용은 모두 수록되어 있다 각 책의 첫 장 하단에는 오사(五沙) 이정운(李鼎運) 최헌중(崔獻重) 한치응(韓致應)이 펴내고 이가환(李家煥)과 정약용(丁若鏞)이 교정하였다는 기록이 필사되어 있다 책의 마지막에 ‘오사진필(五沙眞筆)’이라는 기록으로 보아 채제공 사후 이정운이 채제공의 문장을 가려서 뽑은 이후 필사한 것으로 보인다 어보(御寶)인 ‘규장지보(奎章之寶)’가 날인되어있으며 임금이 열람한 어람본이다 현전하는 채제공의 문집 가운데 어람본은 해당 문헌이 국내 유일하다 소재지상세: 경기도 수원시 팔달구 창룡대로 21 (매향동 수원화성박물관)', 'score': 0.6504444701706039}, {'text_segment': '국가유산명_국문: 정약용선생묘 국가유산명_한자: 丁若鏞先生墓 국가유산종목: 시도기념물 시도명: 경기 시군구명: 남양주시 시대: NaN 내용: 조선 정조대의 문신이자 실학의 대가였던 다산(茶山) 정약용(丁若鏞 1762∼1836) 선생의 묘이다 수원 화성의 성곽제도를 만들고 공정을 단축시키는 거중기를 제작하여 수원성을 축조하는 데에 크게 공헌하였다 선생은 학문 연구에 전념하여 『목민심서』 · 『경세유표』 · 『흠흠신서』 등 500여 권의 저서를 남겨 민생을 위한 개혁에 크게 공헌하였다 묘역은 부인 풍산홍씨(豐山洪氏)와 합장된 하나의 봉분 형태이다 묘제(墓制)는 대부분 새 석물로 구성되어 있는데 1970년대 이후에 새롭게 정비한 것이다 봉분 정면 오른쪽에는 묘표를 1기 세웠는데 1959년에 새로 제작하였다 봉분 앞으로 혼유석 상석 향로석과 배설석을 놓았는데 근래에 조성한 것이다 묘역 동쪽에는 1974년에 새로 세운 묘표가 있다 소재지상세: 경기 남양주시 조안면 능내리 산75-1번지', 'score': 0.6411204939531501}, {'text_segment': '국가유산명_국문: 채제공 관련 고문서 일괄 국가유산명_한자: 蔡濟恭 關聯 古文書 一括 국가유산종목: 시도유형문화유산 시도명: 경기 시군구명: 수원시 시대: NaN 내용: 정조시대의 대표적인 재상(宰相)으로서 초대 화성유수(華城留守)를 지낸 번암 채제공(蔡濟恭 1720~1799) 관련 고문서다 총 48종 60점으로 정조가 직접 작성하여 내려준 문서와 어찰(御札) 채제공이 화성유수와 장용외사(壯勇外使)를 지내며 받은 공문서 주변 인물과 주고받은 편지들이다 정조의 친필 편지 수원화성 축성을 감독하는 신하들에게 내린 윤음(綸音) 수원부의 무사들에게 활쏘기 시험을 시행한 후 시상자와 포상 내역을 기록한 무사시취방(武士試取榜) 등의 고문서 자료를 통해 정조의 국정 운영 모습을 살펴볼 수 있다 아울러 정조가 신임한 초대 화성유수 채제공의 실제 활동을 확인할 수 있어 정조의 사상과 조선후기 수원화성의 전반적인 이해를 위한 중요자료로 평가된다 소재지상세: 경기도 수원시 팔달구 창룡대로 21 (매향동 수원화성박물관)', 'score': 0.6001182792662175}]",거중기
전통적인 양반 가옥과 문화가 보존된 마을은 어디인가요?,"[{'text_segment': '국가유산명_국문: 산청 남사마을 옛 담장 국가유산명_한자: 山淸 南沙마을 옛 딤牆 국가유산종목: 국가등록문화유산 시도명: 경남 시군구명: 산청군 시대: 마을형성시기 고려시대 내용: 남사마을은 역사유적이 많이 남아 있는 전통있는 마을로 오래 된 토담과 돌담이 공존하고 있다 양반 가옥 주위는 높은 토담이 서민들이 거주하는 민가에는 나지막한 돌담이 남아있어 전통사회의 신분에 따른 담의 구조와 재료 형식의 차이를 확인할 수 있다 담장에 사용한 돌은 인근 남사천에서 쉽게 얻을 수 있는 강돌을 사용하였다 소재지상세: 경남 산청군 단성면 남사리 253등', 'score': 0.8076196875407297}, {'text_segment': '국가유산명_국문: 서울 방학동 전형필 가옥 국가유산명_한자: 서울 放鶴洞 全鎣弼 家屋 국가유산종목: 국가등록문화유산 시도명: 서울 시군구명: 도봉구 시대: 1900 내용: 전형필 가옥은 일제 강점기 수탈되어가는 우리 문화유산을 보호 수집하고 해외에 유출된 국가유산을 되찾아 오는 등 민족문화유산의 수호자였던 간송 전형필 선생의 자취가 남아있는 장소로서 문화 역사적 보존가치가 높을 뿐만 아니라 100여년이 된 전통한옥으로서 건축적 가치도 크다 소재지상세: 서울특별시 도봉구 시루봉로 149-18 (방학동)', 'score': 0.7935247344723305}, {'text_segment': '국가유산명_국문: 칠곡 진주댁 국가유산명_한자: 漆谷 晉州宅 국가유산종목: 문화유산자료 시도명: 경북 시군구명: 칠곡군 시대: 조선 내용: 칠곡 진주댁은 왜관읍 매원마을의 상매에 위치하고 있으며 박곡 이원록의 9세손 상립에 의해서 건립되었다 진주댁은 전면의 농경지와 동정천 못안들 안산을 한눈에 바라볼 수 있는 전형적인 배산임수의 조건을 갖추고 있다 원래 안채⋅사랑채⋅곳간채⋅대문채 등으로 이루어진 부유한 양반가 후예의 주택으로 보인다 현존하는 안채와 사랑채는 일제 식민지배기의 새로운 양식이 부분적으로 수용되긴 했지만 대체로 매원마을의 전통적인 건축 양식이 계승⋅유지되고 있는 것으로 평가된다 또한 안채는 좌우측면에 눈썹지붕을 달아 실 공간을 효율적으로 확장했고 대청 전면에 문을 달아 외기를 막도록 했다 이런 모습은 실공간을 효율적으로 이용하고자 한 조선 후기 상류가옥 특성을 잘 보여주고 있다 소재지상세: 경상북도 칠곡군 매원3길 30-5 (왜관읍)', 'score': 0.7722484589659506}, {'text_segment': '국가유산명_국문: 칠곡 중방댁 국가유산명_한자: 漆谷 中芳宅 국가유산종목: 문화유산자료 시도명: 경북 시군구명: 칠곡군 시대: 조선 내용: 칠곡 중방댁은 매원마을의 자연부락 중 상매(上梅)에 자리잡은 부유한 양반의 상류층 가옥으로 조선후기에 건립되었다 원래는 현존하는 안채와 중사랑채 외에도 사랑채 광채가 있어 튼ㅁ자형을 이루고 있었고 대문채와 마구간 연자방아 장독대 등의 시설물도 갖추고 있었다고 한다 중방댁의 건축에 사용된 양질의 목재는 물론 보기 드물게 큰 안채의 규모(정면8칸 측면 2칸)에서만 보더라도 상당한 경제력을 갖춘 양반가의 살림집으로 볼 수 있으며 영남의 3대 반촌(班村로) 중의 하나로 손꼽히기도 하는 매원마을의 주택건축의 특징을 간직하고 있다 소재지상세: 경상북도 칠곡군 매원3길 104-2 (왜관읍)', 'score': 0.7719491384823272}, {'text_segment': '국가유산명_국문: 경주 양동마을 국가유산명_한자: 慶州 良洞마을 국가유산종목: 국가민속문화유산 시도명: 경북 시군구명: 경주시 시대: 조선시대 초기 내용: 월성 손씨와 여강 이씨의 양대문벌로 이어 내려온 동족마을로 경주에서 형산강 줄기를 따라 동북 포항쪽으로 40리 정도 들어간 곳에 자리잡고 있다 넓은 안강평야에 풍수지리상 재물복이 많은 지형구조를 지니고 있으며 제법 큰 양반 가옥들이 집단을 이루고 있다 종가일수록 높고 넓은 산등성이 터에 양반들의 법도에 따라 집을 배열하고 있는데 오랜 역사를 지닌 큰 집들을 잘 보존하고 있다 집들의 기본구조는 대개 ㅁ자형이거나 튼ㅁ자형을 이루고 있고 간혹 대문 앞에 행랑채를 둔 예도 있다 혼합배치 양식으로 ㄱ자형이나 一자형도 있지만 대체로 집의 배치나 구성 따위가 영남지방 가옥이 지니는 특색을 띠고 있다 무첨당(보물) 향단(보물) 관가정(보물)를 비롯해 많은 옛 건물들이 귀중한 국가유산으로 지정되어 있는 곳이다 산계곡을 따라 펼쳐진 경관 자연과 어울려 오랜 전통을 간직한 집들 양반 계층을 대표할 수 있는 자료들과 유교사상 관습들 때문에 중요한 가치를 지닌 마을로 평가받고 있다 지정 당시에는 &#39;월성양동마을(月城良洞마을)&#39;이었으나 &quot;경주(慶州)&quot;는 고려시대 이후부터 꾸준히 이어져 온 명칭임에 반해 &quot;월성(月城)&quot;은 한 때의 행정편의에 따라 한시적으로 쓰였던 행정구역 명칭으로 역사적 사실에 근거하여 &#39;경주양동마을(慶州良洞마을)&#39; 명칭을 변경(2009 216)하였다 <b>※ 위 국가유산은 일반적으로 관람이 가능하나 소유주 등의 개인적 사정으로 관람이 제한될 수도 있습니다 </b> 소재지상세: 경북 경주시 강동면 양동리', 'score': 0.762965589761734}]",하회마을
화엄종을 창시한 신라의 승려는 누구인가요?,"[{'text_segment': '국가유산명_국문: 백련사계단 국가유산명_한자: 白蓮寺戒壇 국가유산종목: 시도기념물 시도명: 전북 시군구명: 무주군 시대: 남북국시대/ 통일신라 내용: 덕유산 내의 백련사 뒷쪽에 마련되어 있는 계단으로 불교의 계(戒:승려가 지켜야 할 계율)의식을 행하는 곳이다 이 산에서 흔히 볼 수 있는 화강암질의 암석으로 이루어진 단은 절 뒷쪽의 등성이에 바닥을 널찍하게 마련하여 고르게 만든 후 자연석을 깔고 그 중앙에 종 모양의 탑을 세워두었다 낮은 바닥돌 위에 올려진 탑은 꼭대기에 구슬무늬를 둔 두툼한 받침을 조각한 후 그 위로 꽃봉오리 모양의 머리장식을 올려놓았다 탑의 서쪽으로는 동·서·남·북의 방위를 장식한 듯한 3각점의 홈이 파여 있고 그 안에 동그란 무늬를 새긴 받침대가 놓여 있다 건립된 연대는 확실하지 않으나 절의 번성기였던 통일신라시대에 만든 것으로 추측된다 특히 이 계단에는 누구든지 ‘관세음보살’을 외우며 주변을 일곱 번 이상 돌면 그 사람의 소원이 이루어진다는 말이 전해 내려와 많은 사람들의 발길이 끊이지 않는다 소재지상세: 전북 무주군 설천면 백련사길 580 (삼공리)', 'score': 0.6967344426640363}, {'text_segment': '국가유산명_국문: 고성 법천사지 승탑군 국가유산명_한자: 固城 法泉寺址 僧塔群 국가유산종목: 문화유산자료 시도명: 경남 시군구명: 고성군 시대: NaN 내용: 승탑은 승려의 사리나 유골을 모신 후 쌓은 둥근 돌탑 부도라고도 한다 부도 여러 기가 모여 있어 ‘승탑군(僧塔群)’이라 한다 고성 법천사지 승탑군은 법천사의 옛 터에 자리하고 있으며 승탑 7기와 승탑비 1기로 이루어져 있다 승탑과 비에는 ‘계봉화상(鷄峯和尙)’ ‘조웅대사(祖雄大師)’ 등의 승려 이름이 적혀 있어 누구의 승탑인지 알 수 있다 승탑은 모두 종 모양의 몸체를 지닌 석종형(石鐘形)으로 조선 시대에 세운 것으로 보인다 터 주위의 산골짜기 이름들이 나무암골 진성암골 운봉암골 생언암골 국사당 등 큰 절에 딸린 작은 절인 암자의 이름에서 따온 것으로 보아 불교 번성기 때에 이곳에 큰 절이 있었을 것으로 추정된다 이 승탑들은 당시 절의 규모를 추측해 볼 수 있는 중요한 자료가 된다 소재지상세: 경상남도 고성군 대가면 양화리 269-1 외3필지', 'score': 0.6785298231843777}, {'text_segment': '국가유산명_국문: 부인사부도 국가유산명_한자: 夫人寺浮屠 국가유산종목: 시도유형문화유산 시도명: 대구 시군구명: 동구 시대: NaN 내용: 부인사 한켠에 자리하고 있는 승려의 사리탑이다 통일신라시대 이후 가장 많이 사용된 양식으로 4각의 바닥돌 위에 올려진 각 부분이 모두 8각의 평면을 기본으로 삼고 있다 상 ·중 ·하 세 부분으로 이루어진 기단(基壇)은 아래받침돌의 윗면에 연꽃을 두르고 옆면에는 4마리의 사자상을 도드라지게 새겼다 가운데받침돌은 4면에 꽃무늬를 장식하고 나머지면에는 동물상과 동자상을 두었다 윗면이 넓게 퍼진 윗받침돌은 연꽃을 새겨 둘러 놓았다 탑신(塔身)의 몸돌은 위아래를 오므려 놓아 배흘림기둥 모양을 하고 있으며 한쪽 면에는 ‘은통당(隱通堂)’이라는 승려의 호가 적혀 있다 지붕돌은 윗면의 여덟 모서리선과 기와골이 사실적으로 표현되어 있고 모서리가 마무리되는 각 귀퉁이마다 꽃조각 대신 도깨비의 얼굴이 조각되어 있으며 밑면에는 2중의 서까래를 새겨 겹처마를 표현하였다 꼭대기에는 최근에 새로 만든 머리장식이 놓여 있다 전체적으로 각 부분의 비례가 어색하고 조각기법도 간략화되어 섬세함이나 화려함이 부족하다 이러한 형식적인 수법으로 보아 조선 중기의 것으로 보이나 정확한 것은 ‘은통당’이라는 호를 쓴 승려가 누구였는지 밝혀져야 알게 될 것이다 소재지상세: 대구 동구 신무동 356번지', 'score': 0.6354841914927385}, {'text_segment': '국가유산명_국문: 봉암사지증대사적조탑비 국가유산명_한자: 鳳巖寺智證大師寂照塔碑 국가유산종목: 보물 시도명: 경북 시군구명: 문경시 시대: 통일신라시대 내용: 봉암사를 창건한 지증대사의 업적을 기념하기 위해 세운 탑비로 최치원의 4산비(四山碑) 중 하나이다 지증대사(824∼882)는 17세에 부석사에서 승려가 되었고 구산선문(九山禪門)의 하나인 희양산파를 창시하였다 헌강왕 8년(882)에 입적하자 왕은 ‘지증’이란 시호를 내리고 탑이름은 ‘적조’라 하였다 거북모양의 비받침은 머리는 용의 형상이고 몸은 거북 모양이며 등 위에는 비를 끼워두는 비좌(碑座)를 갖추고 있다 비몸 위로 올려진 머릿돌에는 연꽃무늬와 함께 서로 다투듯 얽혀 있는 8마리 용이 장식되어 생동감이 느껴진다 비문에는 지증대사의 생애와 업적을 기리고자 하는 내용이 기록되어 있는 데 통일신라 후기의 문장가인 최치원이 글을 짓고 당대의 명필인 승려 혜강이 글씨를 썼다 글씨는 왕희지체의 영향을 받았으면서도 꾸밈이 없고 우아하다 이 비는 통일신라 경애왕 원년(924)에 세웠으며 조각과 비문의 글씨가 돋보이는 작품이다 소재지상세: 경북 문경시 가은읍 원북길 313 봉암사 (원북리)', 'score': 0.6324227601289749}, {'text_segment': '국가유산명_국문: 법천사 목우암 국가유산명_한자: 法泉寺 牧牛庵 국가유산종목: 문화유산자료 시도명: 전남 시군구명: 무안군 시대: NaN 내용: 법천사는 원나라 승려인 원명이 세웠다는 기록과 신라 성덕왕 24년(725)에 서역 금지국의 승려인 정명이 세우고 남송 임천사의 승려 원명이 고쳐 세웠다는 기록이 있지만 지은 시기를 정확하게 밝히기는 어렵다 법천사의 부속 암자인 목우암은 원나라 승려인 원명이 지었다고 한다 현재 목우암 내에는 법당 요사채 축성각이 있다 법당 내부에는 목조아미타불삼존불이 있고 그 앞에 숙종 7년(1681)에 만든 석등이 있으며 목우암 입구에는 조선 후기에 만든 부도 5기가 있다 소재지상세: 전남 무안군 몽탄면 법천길 482-85 (달산리)', 'score': 0.6268895735685519}]",의상대사
대한민국 초대 대통령은 누구인가요?,"[{'text_segment': '국가유산명_국문: 서울 신익희 묘소 국가유산명_한자: 서울 申翼熙 墓所 국가유산종목: 국가등록문화유산 시도명: 서울 시군구명: 강북구 시대: 1956년 내용: 신익희선생은 대한민국 임시정부수립 당시 임시헌법을 기초하고 초대 대의원과 내무차관 등을 맡아 활동한 독립운동가이다 해방 이후 대한민국 정부에서 국회의장과 대통령에 출마하였던 정치가로 이곳은 선생의 애국정신을 기릴 수 있는 역사적·교육적 가치가 큰 곳이다 소재지상세: 서울특별시 강북구 수유동 산 127-1 산 74-3', 'score': 0.8800768852233887}, {'text_segment': '국가유산명_국문: 영암선 개통 기념비 국가유산명_한자: 榮巖線 開通 紀念碑 국가유산종목: 국가등록문화유산 시도명: 경북 시군구명: 봉화군 시대: 1955년 내용: 영암선(榮巖線)은 영주~철암간 864km의 철도노선으로 1948년 8월15일 대한민국정부 수립 후 미국의 원조자금으로 1949년 4월 8일 대한민국 정부 최초의 철도부설공사로 착공 후 한국전쟁으로 중단했다가 휴전 성립 후 미국 FOA(Foreign Operation Administration)의 원조자금으로 재착공하여 1955년말 완공한 철도이다 1963년 5월27일 동해북부선과 통합하여 영동선으로 명칭이 변경되었다 한국전쟁 시기 험난한 산악 지형 등의 어려움을 극복하며 우리의 손으로 건설된 것을 기념하기 위하여 이승만 대통령의 친필을 받아 영암선 건설공사 구간 중 가장 어려움이 많았던 승부역에 1955년에 설립된 기념비이다 기념비의 전면 중앙에는 자연석판에 ‘榮巖線 開通 記念’이라는 문구가 새겨져 있으며 측면에서는 ‘起工 檀紀 四千貳百八拾貳年 四月 八日 竣工 檀紀 四千貳百八拾八年 拾貳月 參拾日 交通部 鐵道建設局’이라는 준공 표지석이 부착되어 있다 초창기 한국의 발전에 크게 기여한 철도노선인 영암선 자체의 역사적 의의 뿐만 아니라 한국 초대대통령의 친필로 새겨진 비문을 보존하고 있는 기념비로 사료적 가치가 높다 소재지상세: 경상북도 봉화군 승부길 1162-5', 'score': 0.8370402022528945}, {'text_segment': '국가유산명_국문: 이승만대통령 의전용 세단 국가유산명_한자: 李承晩大統領 儀典用 세단 국가유산종목: 국가등록문화유산 시도명: 서울 시군구명: 용산구 시대: 1956년 내용: \xad미국 GM사에서 1956년에 제작한 캐딜락 62 세단으로 이승만 대통령이 미국 아이젠하워 대통령으로부터 선물 받은 것으로 전해지는 차량이다 대한민국 정부수립 이후 대통령 의전차량으로 우리나라 최초의 방탄차량이다 소재지상세: 서울특별시 용산구 이태원로 29 (용산동1가 전쟁기념관)', 'score': 0.815447957884266}, {'text_segment': '국가유산명_국문: 오운정 국가유산명_한자: 五雲亭 국가유산종목: 시도유형문화유산 시도명: 서울 시군구명: 종로구 시대: NaN 내용: 경복궁 뒤쪽 정원에 있는 건물로 흥선대원군이 경복궁을 다시 지을 때 지은 것이다 앞면 1칸·옆면 1칸 규모의 건물이며 ‘오운정’이라는 현판의 글씨는 대한민국 초대 대통령인 이승만 박사가 직접 쓴 것이다 소재지상세: 서울 종로구 청와대로 1 (세종로) 청와대', 'score': 0.7591794733174873}, {'text_segment': '국가유산명_국문: 프란체스카 여사 의복과 소품 국가유산명_한자: 프란체스카 女史 衣服과 小品 국가유산종목: 국가등록문화유산 시도명: 서울 시군구명: 용산구 시대: 1958년 내용: 우리나라 초대 대통령의 영부인인 프란체스카 여사가 36년간 착용한 의복 및 소품(핸드백 장갑 구두)이다 프란체스카 여사의 검소한 생활태도를 보여 주며 초기 국산모직물 제품이라는 점과 애국심 고취로 무궁화무늬의 안감을 주문 제작한 제품이라는 점에서 가치가 있다 소재지상세: 서울특별시 용산구', 'score': 0.7060797231750395}]",이승만
신라의 삼국 통일은 어떤 나라들을 멸망시켰나요?,"[{'text_segment': '국가유산명_국문: 김유신장군유허지 국가유산명_한자: 金庾信將軍遺墟址 국가유산종목: 시도기념물 시도명: 충북 시군구명: 진천군 시대: NaN 내용: 신라가 삼국통일을 이루는데 중심적인 역할을 한 김유신(595∼673) 장군이 태어난 곳이다 김유신은 금관가야의 마지막 왕인 구해왕의 증손으로 아버지 서현과 어머니 만명부인 사이에서 태어났다 신라 무열왕 7년(660) 상대등이 되어 신라군을 이끌고 당나라 군대와 함께 계백 장군이 거느린 백제군을 황산벌에서 무찔러 백제를 멸망시켰다 문무왕 8년(668) 나·당연합군이 고구려를 공략할 때도 신라군의 총사령관이 되어 고구려를 멸망시켰고 이어서 삼국의 영토에 야심을 드러낸 당나라 군대도 물리침으로써 삼국통일의 위업을 달성하였다 이곳에는 앞면 3칸·옆면 2칸의 재실 유허비와 최남선이 쓴 비문이 있다 뒤로는 장군의 탯줄을 묻은 태령산이 있고 주위에는 여보정 치마대들이 있다 해제사유: 사적 제414호 김유신탄생지및태실 로 승격지정됨에 따라 해제됨 소재지상세: 충북 진천군 진천읍 김유신길 170-4 (상계리)', 'score': 0.811851978302002}, {'text_segment': '국가유산명_국문: 인용사지 국가유산명_한자: 仁容寺址 국가유산종목: 문화유산자료 시도명: 경북 시군구명: 경주시 시대: NaN 내용: 반월성을 배경으로 남산을 바라보는 곳에 있는 절터이다 인용사는 신라의 장군이며 외교가였던 김인문이 중국 당나라 감옥에 갖혀 있을 때 그의 안녕을 빌기 위해 신라 사람들이 세운 절이라고 한다 김인문은 신라 제29대 태종무열왕의 둘째 아들로 당나라에서 22년간 생활하면서 많은 벼슬을 했다 무열왕 7년(660)에는 당나라 장수 소정방과 함께 백제를 멸망시켰고 문무왕 8년(668)에는 고구려를 통합하여 신라가 삼국을 통일하는데 크게 공헌하였다 현재 절터에 남아있는 석물들로 당시에 쌍탑식 가람배치였음을 짐작할 수 있는데 이는 통일신라시대의 전형적인 모습이라 할 수 있다 또한 신라시대에 승려나 왕이 아닌 개인을 위해 일반인들이 세운 절로서는 처음이라는데 그 의의가 크다 소재지상세: 경북 경주시 인왕동 344-6번지 외', 'score': 0.7646033295060048}, {'text_segment': '국가유산명_국문: 진천 길상사 국가유산명_한자: 鎭川 吉祥祠 국가유산종목: 시도기념물 시도명: 충북 시군구명: 진천군 시대: NaN 내용: 삼국통일의 주역이였던 김유신(595∼673) 장군의 영정을 모시고 있는 사당이다 김유신은 15세 때 화랑이 되었고 무열왕 7년(660) 상대등이 되었다 그 뒤 중국 당나라와 연합하여 백제를 멸망시키고 나당연합군의 대총관이 되어 고구려를 정벌하고 삼국통일(676)의 위업을 달성하였다 신라와 고려 때에는 장군이 태어난 태령산 아래 장군의 사당에서 봄과 가을로 제사를 지냈다 그러나 조선에 들어와서 관리가 소홀하다가 임진왜란 병자호란을 겪으면서 폐허가 된 것을 철종 2년(1851) 백곡면에 ‘죽계사’를 세워 장군의 영정을 모셨다 고종 1년(1864)에는 흥선대원군의 서원 철폐령으로 헐렸는데 1926년 후손 김만희의 노력으로 지금 있는 자리에 길상사를 다시 세웠고 1975년 정비하였다 현재 이곳에는 장우성이 그린 그의 초상화와 흥무전 흥무대왕신성비 등이 있다 소재지상세: 충북 진천군 진천읍 문진로 1411-38 (벽암리)', 'score': 0.701105381054038}, {'text_segment': '국가유산명_국문: 김유신태실및돌담 국가유산명_한자: 金庾信胎室및돌담 국가유산종목: 시도기념물 시도명: 충북 시군구명: 진천군 시대: NaN 내용: 태실은 왕이나 왕실 자손의 태를 모셔두는 돌로 만든 방으로 이곳은 신라의 삼국통일에 중심적 역할을 한 김유신 장군의 태를 묻은 곳이다 김유신(595∼673)은 김수로 왕의 13세 손으로 진평왕 31년(609) 15세에 화랑이 되고 낭비성 싸움에 공을 세워 압량주 군주가 되었다 선덕여왕 때 상장군 무열왕 7년(660)에 상대등이 되어 당군과 연합하여 백제를 멸망시킨 후 나당연합군의 대총관이 되었다 그 후 문무왕 8년(668) 고구려를 정벌하고 태대각간이 되었으며 한강이북의 고구려 땅을 다시 찾아 삼국통일의 대업을 완수하였다 태실은 해발 4618m의 산 정상에 마련되어 있다 지름 9m 높이 1m의 둥근 3단 석축을 이루고 있으며 그 주위로 산성처럼 드리운 길이 180m의 돌담이 에워싸여 있다 현존하는 우리나라 태실 중 가장 오래된 형식에 속하는 중요한 유적으로 구체적인 제작연대는 알 수 없다 해제사유: 사적 제414호 김유신탄생지및태실 로 승격지정됨에 따라 해제됨 소재지상세: 충북 진천군 진천읍 문봉리 산20번지', 'score': 0.6843100347046642}, {'text_segment': ""국가유산명_국문: 경주 김유신묘 국가유산명_한자: 慶州 金庾信墓 국가유산종목: 사적 시도명: 경북 시군구명: 경주시 시대: 통일신라 문무왕13년(674) 내용: 경주 송화산 동쪽 구릉 위에 자리잡고 있는 신라 장군 김유신의 무덤이다 김유신(595∼673)은 삼국통일에 중심 역할을 한 사람으로 김춘추(후에 태종무열왕)와 혈연관계를 맺으며 정치적 발판을 마련하였고 여러 전투와 내란에서 큰 공을 세웠다 660년에 귀족회의의 우두머리인 상대등이 되어 백제를 멸망시켰으며 668년에는 신라군의 총사령관인 대총관(大摠管)이 되어 고구려를 멸망시키고 당의 침략을 막아 신라 삼국통일의 일등공신이 되었다 무덤은 지름이 30m에 달하는 커다란 규모이며 봉분은 둥근 모양이다 봉분 아래에는 둘레돌을 배치하고 그 주위에는 돌난간을 둘렀는데 둘레돌은 조각이 없는 것과 12지신상을 조각한 것을 교대로 배치하였다 12지신상은 평복을 입고 무기를 들고 있는 모습으로 몸은 사람의 형체이고 머리는 동물 모양이다 조각의 깊이는 얕지만 대단히 세련된 솜씨를 보여주고 있는데 이처럼 무덤 주위의 둘레돌에 12지신상을 조각하는 것은 통일신라 이후에 보이는 무덤양식으로 성덕왕릉으로부터 시작된 것으로 보고 있다 『삼국유사』에 의하면 김유신이 죽자 흥덕왕(興德王)은 그를 흥무대왕(興武大王)으로 받들고 왕릉의 예를 갖춰 무덤을 장식한 것으로 보인다 또 『삼국사기』에는 김유신이 죽자 문무왕이 예를 갖추어 장례를 치르고 그의 공덕을 기리는 비를 세웠다고 전한다 그러나 현재 그 비는 전하지 않고 조선시대에 경주부윤이 세운 '신라태대각간 김유신묘'의 비만 남아있다 <br/><b>※(김유신묘 → 경주 김유신묘)로 명칭변경 되었습니다(20110728 고시) </b> 소재지상세: 경북 경주시 충효동 산7-1번지 림"", 'score': 0.6828435070190984}]",백제와 고구려
고구려의 시조로 건국 신화에 등장하는 인물은 누구인가요?,"[{'text_segment': '국가유산명_국문: 발해태조건국지·명림답부전 국가유산명_한자: 渤海太祖建國誌·明臨答夫傳 국가유산종목: 국가등록문화유산 시도명: 서울 시군구명: 서대문구 시대: NaN 내용: 『발해태조건국지』는 1925년 대한민국임시정부의 대통령을 맡기도 한 박은식(朴殷植 1859~1925)이 1911년에 서간도 환인현(桓仁縣) 홍도천에 있던 윤세복(尹世復)의 집에서 저술한 저작의 하나이다 그의 자는 성칠(聖七) 호는 백암(白庵) 겸곡(謙谷) 태백광노(太白狂奴) 무치생(無恥生)이고 이명(異名)은 인식(仁植) 기정(箕貞) 등이다 내용은 목차(서론 발해 이전의 고구려 말운 태조의 가계와 인격 고구려 유민의 생기 영웅의 은둔 활동시기 천문령의 대승첩 태조의 건국 발해의 강역 발해의 종교와 풍속 발해의 문학 태조의 외교 태조의 후손 결론)에서 보듯이 고구려 멸망 이후 대조영이 그 유민을 이끌고 발해를 건국한 과정과 영토 문물 종교 풍속 문학 외교 후손 등을 다루고 있다 합철된 『명림답부전』은 서론 끝의 “大皇祖降世四千三百六十八年(1911)九月日著者 識”와 같이 『발해태조건국지』보다 한 달 앞선 1911년 9월에 완성되었다 박은식이 상무적인 고구려의 많은 인물 중에서도 대표적인 애국충신으로 명림답부(67~179)를 선정하여 조국독립을 위하여 혈투하는 모습을 통하여 한국민의 애국심을 함양시키고자 저술한 전기이다 명림답부는 고구려 7대 차대왕을 제거하고 차대왕의 아우 백고를 신대왕으로 모신 인물이다 그는 고구려 최초의 국상이었고 뛰어난 지략으로 한나라 대군을 물리친 명장이기도 했다 박은식이 1911년 한국역사를 만주 중심으로 이해하면서 저술한 「발해태조건국지」와 「명림답부전」의 합철본인 「발해태조건국지‧명림답부전」은 일제강점기 민족주의 사가들의 고구려‧발해 인식을 가장 명료하게 보여주는 대표적 저술로 한국근대사학사와 한국독립운동사 분야에서 중요한 문헌이다 소재지상세: 서울특별시 서대문구 연세로 50 (신촌동 연세대학교) 박물관', 'score': 0.9018428921699524}, {'text_segment': '국가유산명_국문: 영제시조 국가유산명_한자: 嶺制時調 국가유산종목: 시도무형유산 시도명: 경남 시군구명: 의령군 시대: NaN 내용: ■ 영제시조의 유래\r\n  0 고려 의종때 부산동래로 귀양갔던 정서가 임금을 그리워하여 지은 정과정곡이 조선시대에는 \r\n    가곡(歌曲)으로 정착했고 이 가곡에서 시조가 파생됨\r\n  0 가곡과 시조는 시조시(時調詩)를 노랬말로 사용함 시조는 가곡을 음정과 장단을 단순화\r\n     하여 누구나 쉽게 부를 수 있도록 되어 있어서 대금과 장구 반주만으로 연주가 충분하며 \r\n     나아가서는 무릎장단만으로도 연주를 하므로 단순하고 담백하며 전문 가객이 아닌 선비와\r\n     사대부들이 즐겼던 노래임 0 가곡을 축소하고 단순화하여 여유와 멋을 한껏 표현할 수 있도록 한 노래가 시조어임\r\n    이를 나타내는데 모든 조건을 완전히 갖춘 시조가 영제시조라고 할 수 있음 소재지상세: 경상남도 의령군', 'score': 0.7153387520544107}, {'text_segment': '국가유산명_국문: 대고장 국가유산명_한자: 大鼓匠 국가유산종목: 시도무형유산 시도명: 대구 시군구명: 북구 시대: NaN 내용: 북은 나무로 짠 통에 가죽을 씌우고 채로 두드려 연주하는 악기이다 악기분류법에 의해 혁부(革部)에 드는 장구와 갈고(鞨鼓)를 제외한 정악과 민속악에 쓰이는 종류를 말한다 대고(大鼓)는 북 중에서 큰북을 말하는 것이다 한국의 큰북은 우리나라의 신화(단군신화·주몽신화) 전설(낙랑공주와 자명고)에서부터 등장하여 고대사회의 습속(부여의 영고)에도 이미 정착되어 있던 한국 악기 중에서 가장 역사가 오랜 악기로서 정악과 민속악에 구분없이 사용되어온 필수적인 악기이다 큰북의 제작과정 중 가죽가공은 생가죽을 소금쳐서 저장한 다음 40시간 정도 물에 담구어 불린 다음 털을 뽑는 작업을 거쳐 가죽을 나무판 위에 놓고 두께를 맞추어 대패질하여 재단과 건조 등의 과정을 거친다 북통은 목재를 자른 뒤 건조 통조각 맞추기 북통세우기 대패질 칠 등을 거쳐 가공된 가죽을 통과 연결하고 단청(丹靑)을 한다 북통에 쓰이는 재료로는 오동 육송 등이 있다 현재 대구의 김종문씨가 대고장 기능보유자로 인정되어 큰북제작의 전통을 이어나가고 있다 소재지상세: 대구광역시 북구', 'score': 0.6935599831081161}, {'text_segment': '국가유산명_국문: 경주표암 국가유산명_한자: 慶州瓢巖 국가유산종목: 시도기념물 시도명: 경북 시군구명: 경주시 시대: NaN 내용: 표암이란 ‘박바위’ ‘밝은바위’를 뜻하는데 신라 6촌 가운데 알천 양산촌의 시조 이알평이 이 바위에 내려와 세상을 밝게 하였다하여 표암이라고 부르게 되었다고 한다 B·C 69년 6촌장이 여기에 모여 화백회의를 열고 신라 건국을 의결했으며 그후 B·C 57년 신라가 건국되었다 이와같이 표암은 경주이씨 혈맥의 근원지인 동시에 신라 건국의 산실이고 화백이라는 민주 정치제도의 발상지인 성스러운 곳이다 이러한 뜻을 새긴 유허비가 조선 순조 6년(1806)에 세웠고 1925년에 표암재가 건립된 뒤 매년 3월에 그 뜻을 기리며 제사를 지내고 있다 소재지상세: 경북 경주시 동천동 507-7번지 49필', 'score': 0.6892908615396875}, {'text_segment': '국가유산명_국문: 평북농요 국가유산명_한자: NaN 국가유산종목: 이북5도 무형유산 시도명: 평안북도 시군구명: 전역 시대: NaN 내용: 평북에서 농사를 지으면서 부르던 소리로 고구려의 투박하면서도 씩씩한 기상과 화합정신 서로 돕는\r\n두레 정신을 계승하고 있다 소재지상세: 평안북도', 'score': 0.688303973064832}]",동명왕
황산벌 전투에서 신라군과 맞서 싸운 백제의 장군은 누구인가요?,"[{'text_segment': '국가유산명_국문: 계백장군유적전승지 국가유산명_한자: 階伯將軍遺蹟傳承地 국가유산종목: 시도기념물 시도명: 충남 시군구명: 논산시 시대: NaN 내용: 성충(成忠) 흥수(興首)와 더불어 백제의 3충신으로 꼽히는 백제 말기의 명장 계백 장군의 무덤으로 추정되는 곳이다 계백 장군은 의자왕 20년(660)에 나·당 연합군이 백제의 요충지인 탄현과 백강으로 진격해오자 5천여명의 결사대를 이끌고 황산벌에서 신라 김유신의 5만 대군에 맞서 싸웠다 전장에 나가기 전에는 가족들이 적의 노비가 되는 부끄러움을 면하기 위해 스스로 부인과 자식을 죽이고 떠났다고 한다 죽음을 각오한 결사대의 용맹스러운 활약으로 4번의 싸움에서 이겼으나 수적인 열세로 말미암아 마침내 장렬한 최후를 맞았다 이곳을 계백 장군의 무덤으로 간주하는 이유는 옛 문헌에서 계백의 목이 잘렸다고 전하는 ‘수락산’과 계백의 시신을 급히 거두어 가매장했다는 ‘가장곡’이 바로 이곳이라는 점과 계백 장군의 위패를 모신 충곡서원이 바로 뒷편에 있다는 점이다 또한 무덤지역의 동남쪽이 백제와 신라의 마지막 격전지였던 황산벌이라는 점도 있다 원래 무덤 일원은 돌덧널(석곽)이 노출된 채 방치되어 있었는데 1970년대 후반에 보수공사를 거쳐 현재의 모습을 갖추었다 소재지상세: 충남 논산시 부적면 신풍리 산4번지 외 27필', 'score': 0.8386388421058655}, {'text_segment': '국가유산명_국문: 김유신장군유허지 국가유산명_한자: 金庾信將軍遺墟址 국가유산종목: 시도기념물 시도명: 충북 시군구명: 진천군 시대: NaN 내용: 신라가 삼국통일을 이루는데 중심적인 역할을 한 김유신(595∼673) 장군이 태어난 곳이다 김유신은 금관가야의 마지막 왕인 구해왕의 증손으로 아버지 서현과 어머니 만명부인 사이에서 태어났다 신라 무열왕 7년(660) 상대등이 되어 신라군을 이끌고 당나라 군대와 함께 계백 장군이 거느린 백제군을 황산벌에서 무찔러 백제를 멸망시켰다 문무왕 8년(668) 나·당연합군이 고구려를 공략할 때도 신라군의 총사령관이 되어 고구려를 멸망시켰고 이어서 삼국의 영토에 야심을 드러낸 당나라 군대도 물리침으로써 삼국통일의 위업을 달성하였다 이곳에는 앞면 3칸·옆면 2칸의 재실 유허비와 최남선이 쓴 비문이 있다 뒤로는 장군의 탯줄을 묻은 태령산이 있고 주위에는 여보정 치마대들이 있다 해제사유: 사적 제414호 김유신탄생지및태실 로 승격지정됨에 따라 해제됨 소재지상세: 충북 진천군 진천읍 김유신길 170-4 (상계리)', 'score': 0.7610168330270635}, {'text_segment': '국가유산명_국문: 개태사지 국가유산명_한자: 開泰寺址 국가유산종목: 시도기념물 시도명: 충남 시군구명: 논산시 시대: NaN 내용: 개태사는 고려 태조 왕건이 후백제 세력을 완전히 물리친 후 태조 23년(940)에 지은 절이다 당시 절 안에는 태조의 초상화가 있어서 나라에 전쟁의 기미가 있으면 그 앞에 기원문을 올려 나라가 태평하기를 빌었다고 한다 그 후 이 절은 고려 후기에 이르러 왜구의 빈번한 약탈에 의해 차츰 기울어진 것으로 보인다 현재의 위치는 세종 10년(1428)에 옮겨진 것으로 개태사 안에는 개태사지삼존불상(보물 제219호)이 있고 이외에도 석탑과 쇠솥이 있다 전성기에 장국을 끓였다고 전해지는 이 쇠솥은 지름 3m 높이 1m 둘레 94m에 이를 정도여서 수백명의 승려가 기거했다는 전설을 사실로 뒷받침하고 있다 건물 자리와 주춧돌 석조 불상의 대좌 죽대들이 남아 있으며 이곳에서 출토된 청동제 반자는 국립부여박물관에 소장되어 있다 이 절터에 있었던 석조불좌상 1구는 상방산의 한 암자에 안치되어 있다 개태사터 일대는 삼국시대 후기 신라군이 당과 동맹을 맺고 백제를 공략할 때 통과한 진격로로 백제의 계백 장군이 5천 결사대를 이끌고 근처 황산벌에서 신라와 최후의 전투를 벌였던 장소로 유명하다 그후에도 군사·교통의 요충지로 주목을 받았던 곳이다 또한 주변에는 사찰을 지키기 위해 만든 약 6㎞에 달하는 토성이 있다 소재지상세: 충남 논산시 연산면 천호리 29-1번지 3필', 'score': 0.7558037764835523}, {'text_segment': '국가유산명_국문: 논산표정리고분군 국가유산명_한자: 論山表井里古墳群 국가유산종목: 시도기념물 시도명: 충남 시군구명: 논산시 시대: NaN 내용: 신라와 백제의 황산벌 전투가 있었다는 충청남도 논산시 표정리 뒷산 기슭에 분포하는 수천 기의 백제무덤들이다 광복후 도굴에 의해 대부분이 파괴된 상태로 4차례 발굴조사를 통하여 굴식돌방무덤(횡혈식석실묘) 20기 앞트기식돌방무덤(횡구식돌방무덤) 18기 독무덤(옹관묘) 1기가 발견되었다 토기들은 굽다리접시(고배) 병형토기 굽다리단지(유대호) 그릇받침(기대) 세발토기(삼족토기)를 비롯하여 많은 종류와 양이 출토되어 계통·성격·분포·연구에 좋은 자료가 된다 병형토기의 경우 이곳에서 4점이 나왔는데 한반도에서는 나주대안리고분(사적)에서 1점만이 출토된 희귀한 형태이다 굽다리단지의 경우 낙동강 유역의 것과 같은 형태로 문화 교류 상황을 보여주고 있다 백제의 전형인 세발토기는 가장 많이 출토되는 토기로 모두 뚜껑을 가지고 있다 토기의 변천과 신라·가야 토기와의 비교를 통해 대체로 5∼6세기초에 형성된 무덤들로 추정된다 표정리 무덤들은 신라와 가야의 토기들이 출토되어 당시 이 지역의 문화교류내지 영향을 살펴볼 수 있는 좋은 자료로 평가된다 소재지상세: 충남 논산시 연산면 표정리 산58-2번지 외 2필', 'score': 0.7225301561814903}, {'text_segment': '국가유산명_국문: 6·25 전쟁 군사 기록물(공군 전투비행단) 국가유산명_한자: NaN 국가유산종목: 국가등록문화유산 시도명: 충북 시군구명: 청주시 시대: 1953년 등 내용: ‘6·25전쟁 군사 기록물(공군 전투비행단)’은 전쟁 당시 공군 제10전투비행단(당시 강릉기지)과 관련된 유물인 제10전투비행단 종합보고서·비행기록수첩 및 출격 표시 작전지도·10비 군사일지·조종사 출격일지·김영환 장군 명패로 총 6건 8점의 유물이다 ① 제10전투비행단 종합보고서는 비행단의 작전·정보·교육·기상 등 작전 요소를 망라하여 도면과 문서로 정리한 유물로 국군과 북한군의 상황을 알 수 있는 자료다 ② 비행기록 수첩·출격 표시 작전지도는 참전 조종사(임상섭)가 1952년부터 1953년까지 작전을 수행한 지역을 수첩에 기록하고 지도에 표시한 유물로 당시 연습·출격기록을 알 수 있는 자료다 ③ 10비 군사일지는 1951년부터 1955년까지 2권으로 구성되어 있으며 부대의 주요 활동을 일자순으로 기록한 것으로 당시 비행단의 활동상황을 살펴볼 수 있다 ④ 조종사 출격일지는 참전 조종사(이배선)가 1952년부터 1953년까지의 출격일시·목표지점·임무·작전지도․마음가짐 등을 일자별로 상세히 기록한 것으로 전투조종사의 활약을 살펴볼 수 있다 ⑤ 김영환 장군 명패는 초대 제10전투비행전대장 시기(19518~1110)에 조종사 일동이 제작한 것이다 김영환 장군은 비행전대장 재직 당시 무장공비가 잠입한 해인사 폭격명령을 거부해 문화유산을 지켜낸 공적으로도 알려져 있다 해당 유물들은 6·25전쟁 시 공군의 작전수행 상황을 알 수 있는 자료로서 희귀하며 역사·사료적 가치를 지닌다 소재지상세: 충청북도 청주시 상당구 남일면 쌍수리 335-1 공군박물관', 'score': 0.7166051074627773}]",계백 장군
목화씨를 우리나라에 들여온 고려의 인물은 누구인가요?,"[{'text_segment': '국가유산명_국문: 강성서원 국가유산명_한자: 江城書院 국가유산종목: 문화유산자료 시도명: 전남 시군구명: 장흥군 시대: NaN 내용: 삼우당 문익점(1329∼1398)과 풍암 문위세(1534∼1600)를 기리기 위해 세운 서원이다 문익점은 고려시대의 문신으로 원나라에서 목화씨를 들여와 우리나라 의생활을 크게 변화시켰다 문위세는 문익점의 9대손으로 임진왜란 때 의병을 일으켜 공을 세웠고 정유재란 때 많은 왜적을 물리쳤다 원래 문위세를 추모하기 위해 인조 22년(1644)에 월천사를 지었는데 영조 10년(1734)에 문익점의 위패를 모시면서 그를 중심으로 하고 문위세를 추가로 모시게 되었다 정조 9년(1785) 임금으로부터 ‘강성’이라는 현판을 받아 사액서원이 되었다 그 후 흥선대원군의 서원철폐령으로 폐쇄되었다가 1905년에 강당을 중수하고 1929년에 사당인 숭덕사를 다시 세웠다 감성서원에는 숭덕사를 비롯해 배우는 공간인 강당 내삼문 외삼문이 있다 숭덕사는 앞면 3칸·옆면 1칸의 규모이며 지붕은 옆면에서 볼 때 사람 인(人)자 모양인 맞배지붕이다 강당은 앞면 5칸·옆면 2칸이며 지붕은 옆면에서 볼 때 여덟 팔(八)자 모양인 팔작지붕으로 꾸몄다 숭덕사 안쪽 중앙에 문익점의 위패가 있고 왼쪽에는 문위세의 위패를 봉안하고 있으며 해마다 9월 9일에 제사를 지낸다 소재지상세: 전남 장흥군 유치면 조양리 산365-1677-2', 'score': 0.8049330140036097}, {'text_segment': '국가유산명_국문: 남평문씨본리세거지 국가유산명_한자: 南平文氏本里世居地 국가유산종목: 시도민속문화유산 시도명: 대구 시군구명: 달성군 시대: NaN 내용: 이곳은 고려말의 충신이며 원나라로부터 목화씨를 가져와 우리나라 의복문화에 혁신을 가져온 문익점의 18세손인 문경호가 1840년을 전후하여 터를 잡아 남평문씨 일족이 모여 살던 곳이다 원래 인흥사의 절터였던 곳을 구획하여 집터와 도로를 반듯하게 정리하고 집을 지었다 현재 아홉 가구의 살림집과 수봉정사 광거당 인수문고 등이 한울속에 정연하게 자리잡고 있는데 풍치 있는 토담으로 둘러싸인 부지 안에 총 70여 채의 전통와가가 들어서 있다 수봉정사는 세거지의 입구에 있는 정자로 정원을 매우 아름답게 꾸민 곳이다 주로 손님을 맞고 일족의 모임을 열 때 사용하던 큰 규모의 건물이다 광거당은 문중의 자제들이 학문과 교양을 쌓던 수양장소이다 또 인수문고는 문중의 서고로 규장각 도서를 포함한 책 1만여 권을 소장하고 있다 처음에는 작은 규모였으나 후에 크게 늘려지었고 도서열람을 위한 건물도 따로 지어놓았다 소재지상세: 대구 달성군 화원읍 인흥3길 16 (본리리)', 'score': 0.7987199917613549}, {'text_segment': '국가유산명_국문: 영광불갑사장묘법연화경<권1∼3> 국가유산명_한자: 靈光佛甲寺藏妙法蓮華經<卷一∼三> 국가유산종목: 시도유형문화유산 시도명: 전남 시군구명: 영광군 시대: 고려시대(1382) 내용: 묘법연화경은 줄여서 ‘법화경’이라고도 하는데 우리나라 천태종의 근본경전으로 부처가 되는 길이 누구에게나 열려 있다는 것을 기본사상으로 하고 있다 화엄경과 함께 우리나라 불교사상 확립에 크게 영향을 미쳤으며 우리나라에서 간행된 불교경전 중에서 가장 많이 간행되어 현재 대략 160여 종 이상의 판본이 전해진다 영광 불갑사 명부전 및 팔상전에서 발견된 이 묘법연화경 판본은 고려 말에 간행된 소자본(小字本)을 가지고 다니기에 편리하도록 소자(小字)로 판각한 것으로서 7권 전부를 95판 100장에 축소시킨 작은 책자이다 고려 우왕 9년(1383) 평양 백련암에서 간행되었고 끝부분에 책 내용의 대강과 간행에 관하여 목은 이색이 지은 글이 실려 있다 이것과 같은 판본이 이미 보물 제793호 제960호 제1081호로 지정되어 있다 소재지상세: 전남 영광군 불갑면 불갑사로 450 (모악리)', 'score': 0.7942039668560028}, {'text_segment': '국가유산명_국문: 고양시 길상사 묘법연화경 국가유산명_한자: 妙法蓮華經 국가유산종목: 시도유형문화유산 시도명: 경기 시군구명: 고양시 시대: NaN 내용: 묘법연화경은 줄여서 ‘법화경’이라고 부르기도 하는데 우리나라 천태종의 근본경전으로 부처가 되는 길이 누구에나 열려 있다는 것을 기본사상으로 하고 있다 화엄경과 함께 우리나라 불교사상 확립에 크게 영향을 미쳤으며 우리나라에서 유통된 불교경전 가운데 가장 많이 간행된 경전이다 이 묘법연화경은 1561년에 전라도 장흥 지제산 천관사에서 간행한 것이다 소재지상세: 경기도 고양시 일산동구 식사로36번길 17 (식사동)', 'score': 0.7617522758480091}, {'text_segment': '국가유산명_국문: 묘법연화경 권1~3 국가유산명_한자: 妙法蓮華經 卷一~三 국가유산종목: 시도유형문화유산 시도명: 충북 시군구명: 청주시 시대: 1382 내용: ｢묘법연화경｣은 천태종의 근본경전이며 부처가 되는 길이 누구에게나 열려 있다는 것을 기본사상으로 하고 있다 ｢ 화엄경｣과 함께 우리나라 불교사상의 확립에 크게 영향을 끼쳤으며 우리나라에서 유통된 불교경전 가운데 가장 많이 간행된 경전이다 이 ｢묘법연화경｣은 고려 우왕 8(1382)년경에 간행된 목판본으로 추정되며 중국 송나라 계환이 정강 정미(1127 고려 인종 5)년에 주해한 것을 저본으로 간행한 소자본이다 3권1책(권1-3)의 영본이나 보물 묘법연화경(1988)와 동일한 판본이다 보물 묘법연화경(1988)의 권말의 이색의 기록에 의하면 송나라 계환의 ｢묘법연화경｣의 글씨가 너무 커서 우왕 8(1382)년에 수연군 왕규 등의 시주를 받아 고려의 승려 지선이 작은 글씨로 다시 썼다고 하였다 인쇄는 선명하여 초인본인 듯하며 지질은 고박한 저지이다 고려시대 말기의 불교학은 물론 한국 목판인쇄술과 한국서지학의 연구에 귀중한 자료이다 소재지상세: 충청북도 청주시 흥덕구 직지대로 713 (운천동 청주고인쇄박물관)', 'score': 0.7599895487657771}]",문익점
귀주대첩에서 거란군을 물리친 고려의 명장은 누구인가요?,"[{'text_segment': '국가유산명_국문: 김취려 묘 국가유산명_한자: 金就礪 墓 국가유산종목: 문화유산자료 시도명: 인천 시군구명: 강화군 시대: NaN 내용: 고려 후기의 장군 김취려의 묘이다 그는 고려 후기 예부시랑을 지낸 김부(金富)의 아들로 본관은 언양이며 음서(蔭敍)를 통해서 정위(正尉)에 임명되었다 1216년 거란군이 청천강 북쪽을 약탈하자 장군은 앞장서서 싸웠다 1217년 5월 거란군이 한강 이남을 공격하자 박달재에서 크게 무찔렀다 1218년 7월에도 거란군의 침략을 막았고 이듬해 2월에는 마침내 강동성(江東城)을 함락하고 거란군을 완전히 무찔렀다 1232년에는 벼슬이 최고관직인 문하시중(門下侍中)까지 올랐으며 위열공(威烈公)이라는 시호를 받았다 사람됨이 정직하고 검소하였으며 아랫사람을 바르게 다스려 누구도 그를 속이지 못하였다고 한다 고종 21년(1234) 강화에서 사망하였다 김취려 묘지석에는 ‘공은 갑오년(고종 21 1234) 2월 14일에 미미한 병세를 보이다가 21일에 갑자기 돌아가시니 향년 63세이다 천자(天子)께서는 몹시 슬퍼하며 조문하고 부의를 내리셨다 공은 복야(僕射) 조언통(趙彦通)의 따님을 부인으로 맞아들여 세 아들과 딸 하나를 두시고 뒷일을 처리하게 하였다 7월 12일에 진강산(鎭江山) 대곡동(大谷洞) 서쪽 기슭에 예장하였다’고 기록되어 있어 묘지석이 발견된 곳에 강화군과 언양김씨 종친회에서 묘소를 새롭게 정비하였다 묘역에는 원형의 봉분 앞에 망주석 한 쌍과 상석이 갖추어져 있으며 하단 부분에 묘역을 정비하고 종친회에서 건립한 비석이 세워져 있다 소재지상세: 인천광역시 강화군 양도면 하일리 산 71', 'score': 0.8392867235189023}, {'text_segment': '국가유산명_국문: 위열공김취려의묘 국가유산명_한자: 威烈公金就礪의墓 국가유산종목: 시도기념물 시도명: 울산 시군구명: 울주군 시대: NaN 내용: 김취려(~ 1234)는 언양현 사람으로 아버지인 김부는 예부시랑(禮部侍郞)을 지냈다 그는 1216년(고려 고종 3)부터 1219년(고종 6)까지 거란군의 여러 차례 공격을 물리쳐 나라를 어려움에서 구하였다 당시 13세기 동아시아의 정세는 몽골이 크게 흥기하고 있었으며 거란 역시 몽골의 공격을 받아 1216년 압록강을 건너 고려의 북방지역으로 밀려오게 되었다 이때 김취려는 대장군으로 조양진(평안남도 개천시 조양)에서 거란군을 물리쳤고 연주(평안북도 영변군)에서도 거란군의 포위를 돌파하였다 이에 거란군은 청새진(淸塞鎭: 평안북도 희천)을 넘어 퇴거하였다 이 전투에서 맏아들이 전사하였다 1217년 다시 내려온 거란군을 방어하고 1218년 병마사가 되어 서북면원수 조충(趙沖)과 함께 거란군을 강동성(江東城)으로 쫓아냈으며 이후 몽골군 및 동진국과 힘을 합쳐 강동성을 함락시켰다 이후 고려시대의 최고 관직인 문하시중(門下侍中)까지 올랐으며 위열공이라는 시호를 받았다 언양읍에 위치한 그의 묘는 최근에 만든 대리석 제단 석등 새 문무신상이 있다 묘비는 1670년(현종11) 후손인 김려와 언양현감이 세웠다 소재지상세: 울산 울주군 언양읍 송대리 산15번지', 'score': 0.8265601694583893}, {'text_segment': '국가유산명_국문: 진주 은열사 강민첨 초상 국가유산명_한자: 晋州  殷烈祠  姜民瞻 국가유산종목: 시도유형문화유산 시도명: 경남 시군구명: 진주시 시대: NaN 내용: 은렬공 강민첨( -1021)은 고려시대의 명장으로  목종 때 문과에 급제한 후 현종3년(1012)에는 안찰사로 동여진을 격퇴 1018년애는 거란이 10만대군으로 쳐들어오자 강감찬 장군의 부장으로 출전 대패시켰다 그 공으로 지중추사병부상서(知中樞事兵部尙書)까지 올랐던 인물이다 단령에 홀을 쥐고 있는 고려시대 백관의 공복차림의 진주 은렬사 소장 강민첨 영정은 보물 제588호 은열공 영정과 매우 유사하며 표현기법이 우수한 수작에 속한 작품이다 소재지상세: 경상남도 진주시', 'score': 0.7181254073615567}, {'text_segment': '국가유산명_국문: 천안 김시민장군 유허지 국가유산명_한자: 天安 金時敏將軍 遺墟址 국가유산종목: 시도기념물 시도명: 충남 시군구명: 천안시 시대: NaN 내용: 임진왜란시 3대 대첩 중의 하나인 ‘진주성대첩’의 명장인 김시민 장군의 생가지와 사사처(射蛇處)인 유허지이다 천안시 병천면 가전리 백전마을 노인들의 구전에 의하면 이 곳은 김시민 장군이 태어나 어린시절을 보냈던 생가지로 전하고 있다 현재는 1944년에 건축된 건물이 공가(空家)로 남아 있다 사사처는 충무공 김시민 장군이 9세의 어린 나이에 활을 쏘아 이무기를 잡았다는 전설이 전해오는 장소이며 충무공의 상무정신과 용맹함을 기념하기 위해 세운 비가 마을 입구에 있다 주요 시설물로는 구암(龜巖) 1기 유적비 1기 등이 있다 구암은 충무공의 부친인 구암(龜巖) 김충갑(金忠甲)의 호(號)가 유래된 바위로서 「김씨세거(金氏世居) 백전동천(栢田洞天)」이라는 명문이 바위 후면에 각자되어 있다 유적비는 1988년에 김시민장군 기념사업회에서 건립하였는데 높이가 약 2m이다 자연석비 전면에 「충무공(忠武公) 김시민(金時敏) 장군(將軍) 사사처(射蛇處)」의 비명이 각자되어 있으며 후면에는 건립자 및 건립년도가 각자되어 있다 충무공 김시민 장군은 임진왜란시 3대 대첩 중의 하나인 ‘진주성대첩’에서 3800여 명의 군사로 3만여 명의 왜병을 맞아 2만여 명을 사살하는 큰 전공을 세웠다 『구암집』 등의 사료에 의하면 목천면 백촌리(현 병천면 가전리)에서 출생하였다는 기록이 있으며 장군이 9세 때에 동네 앞 백전천의 이무기를 잡기 위해 활로 쏘았다는 사사처가 보존·관리되고 있다 장군의 업적을 기리고 역사의 교육장으로 보존 가치가 있다 소재지상세: 충남 천안시 동남구 병천면 가전리 460-1번지 외 2필지', 'score': 0.7124690956602183}, {'text_segment': '국가유산명_국문: 권율장군묘 국가유산명_한자: 權慄將軍墓 국가유산종목: 시도기념물 시도명: 경기 시군구명: 양주시 시대: NaN 내용: 조선 중기의 문신이며 임진왜란 당시의 명장인 만취당(晩翠堂) 권율(權慄 1537∼1599) 장군의 묘소이다 선조 15년(1582) 과거에 급제한 후 여러 관직을 역임하였으며 1592년 임진왜란이 일어나자 광주목사에 제수되어 바로 임지로 떠났다 왜병에 의해 수도가 함락된 뒤 전라도관찰사 이광(李洸)과 방어사 곽영(郭嶸)이 군사를 모집할 때 광주목사로서 곽영의 휘하에서 중위장(中衛將)이 되어 서울의 수복을 위해 함께 북진 용인에서 적들을 공격해 대패하고 광주로 퇴각해 후사를 계획했다 이후 도성 수복을 위해 1만여 명의 군사를 거느리고 북진 길에 올라 수원 독성산성(禿城山城)에 들어가 진지를 구축했다 왜병의 총사령관 우키타[宇喜多秀家]는 독성산성의 아군을 밖으로 유인하려 했으나 성책을 굳게 해 지구전(持久戰)과 유격전을 펴가면서 그들에게 타격을 가하자 몇 날이 지난 다음 영책(營柵)을 불사르고 도성으로 물러났다 적이 퇴각할 때 정예 기병 1000명을 풀어 적의 퇴로를 기습해 많은 왜병을 베었다 또한 선조 26년(1593)에는 서울을 회복하고자 행주산성으로 진을 옮겨 군·관·민이 힘을 합하여 3만의 왜군을 물리쳤다 이것이 임진왜란 3대 대첩(진주대첩 한산도대첩 행주대첩) 가운데 하나인 행주대첩이다 1597년 정유재란이 일어나자 적군의 북상을 막고자 노력하였으며 1599년 노환으로 관직을 사임하고 고향으로 돌아가 7월에 죽었다 영의정에 추증되었고 1604년(선조 37) 선무공신(宣武功臣) 1등에 영가부원군(永嘉府院君)으로 추봉되었다 현재 묘역에는 장군의 묘를 중심으로 좌우에 전(前)부인 창녕 조씨와 후(後)부인 죽산 박씨가 함께 안장되어 있다 묘 앞에는 묘비·상석·향로석·동자석 1쌍이 있으며 좌우에 망주석과 문인석 1쌍을 세웠다 묘역의 입구에 있는 신도비(神道碑:왕이나 고관 등의 평생업적을 기리기 위해 무덤 근처 길가에 세운 비)는 기존의 신도비 비문이 마모되어 철종 12년(1861)에 새로 건립한 것으로 신흠(申欽)이 짓고 이유원(李裕元)이 글씨와 전액(篆額 전서체로 쓴 비신 상단부의 명칭)을 썼다 10 Tomb of General Kwon Yul(權慄將軍墓) 소재지상세: 경기 양주시 장흥면 권율로 223 (석현리)', 'score': 0.6995715086052705}]",강감찬
통일신라의 불국사는 어느 도시에 위치해 있나요?,"[{'text_segment': '국가유산명_국문: 경주 불국사 극락전 앞 석등과 봉로대 국가유산명_한자: 慶州 佛國寺 極樂殿 앞 石燈과 奉爐臺 국가유산종목: 시도유형문화유산 시도명: 경북 시군구명: 경주시 시대: 통일신라시대 내용: -불국사 극락전 석등은 전형적인 9세기 중엽 일반형 석등 양식을 갖추고 있고 일부 부재가 일제강점기에 추가 보충되고 있지만 온전한 형태의 복원된 모습으로 통일신라 석조미술 연구사에서 중요한 가치가 있다 -석등과 봉로대가 동일한 시기에 함께 만들어진 세트 형식으로 초창 이후 조선시대까지 동일한 위치에 있다는 사실이 사찰의 조선 후기 사적기 등을 통해서 증명되고 있으며 한 세트를 이루는 귀중한 작례로 평가 할 수 있다 소재지상세: 경상북도 경주시 불국로 385 (진현동 불국사)', 'score': 0.8147428333759308}, {'text_segment': '국가유산명_국문: 대구 동인초등학교 강당 국가유산명_한자: NaN 국가유산종목: 국가등록문화유산 시도명: 대구 시군구명: 중구 시대: 일제강점기(학교 설립 인가) 내용: ○「대구 동인초등학교 강당」은 강당 건물로서의 필요한 층고 확보를 위해 채용한 만사드지붕 등의 \r\n     건축적 수법을 잘 보여주는 특징을 가지고 있고 대구 구 도심의 오래된 학교시설로서 근대기 도시\r\n     공간 구조와 함께 교육 및 지역사적 의미를 가지고 있음 ○ 동인초등학교는 대구광역시 구도심에서 상업지역에 위치하여 주변이 번화하고 복잡하지만 학교의 \r\n    특성상 넓은 부지를 형성하고 강당 등 건물 주변에 운동장 등 넓은 외부공간(Open Space)를 확보\r\n    하고 있고 또한 학교측에서는 학교 오랜 역사의 유일한 현존 흔적으로서 보존하고자 하므로 \r\n    국가유산 보존관리 여건 및 주변환경은 양호함\r\n\r\n○ 현재 대구 동인초등학교가 위치하고 있는 대구광역시 중구는 본래 대구읍성이 있었던 지역으로 \r\n    1906년 대구읍성이 철거된 이후 전통적 도시구조에서 근대적 도시구조로 점차 변화\r\n  - 대구 중구는 과거 읍성 지역을 중심으로 많은 근대 건축물이 건축되며 시가지가 점차\r\n    확장되었으며  현재도 대구의 원도심이자 구시가지 지역으로 다수의 근대건축물이 현존함 소재지상세: 대구광역시 중구 국채보상로 728 (동인동4가 동인초등학교)', 'score': 0.7170826826734367}, {'text_segment': '국가유산명_국문: 진해 근대역사문화공간 국가유산명_한자: NaN 국가유산종목: 국가등록문화유산 시도명: 경남 시군구명: 창원시 시대: NaN 내용: ｢진해 근대역사문화공간｣은 1905년 일본이 제국주의 열강과의 전쟁을 목적으로 주민들을 강제 이전시키고 계획 설계한 아픔을 가진 도시이다 19세기 중반 서구 도시경관의 개념이 도입된 군사도시로서 방사상 거리 여좌천 하수관거 등 도시의 뼈대를 이루는 기반시설이 당시 모습대로 남아 있어 면적 공간단위로서 등록할 역사적 가치가 있다 소재지상세: 경상남도 창원시', 'score': 0.6988236344899934}, {'text_segment': '국가유산명_국문: 불국사 당간지주 국가유산명_한자: 佛國寺 幢竿支柱 국가유산종목: 시도유형문화유산 시도명: 경북 시군구명: 경주시 시대: NaN 내용: 사찰에서 법회法會나 의식意識이 있을 때는 당幢이라는 깃발을 달았다 당을 매달았던 긴 장대를 ‘당간幢竿’이라고 하며 당간을 지탱하기 위해 양쪽에 세운 2개의 돌기둥을 ‘당간지주’ 라고 한다． \r\n불국사에는 나란히 2쌍의 당간지주가 서 있는데 높이는 동쪽 당간지주가 36m 서쪽 당간지주가 345m이다 각 기둥의 안쪽 면에는 쐐기목을 박아 당간을 고정시켰던 홈과 구멍이 뚫려 있으며 서쪽 당간지주 사이에는 당간을 받쳤던 둥근 받침대가 남아 있다 동쪽 당간지주는 통일신라 때 세워진 것이지만 서쪽 당간지주는 기둥 크기와 제작 수법에 차이가 있는 것으로 보아 각기 다른 부재를 후대에 조합한 것으로 추정된다 소재지상세: 경상북도 경주시 불국로 385 (진현동 불국사)', 'score': 0.692746491419696}, {'text_segment': '국가유산명_국문: 주륵사폐탑 국가유산명_한자: 朱勒寺廢塔 국가유산종목: 문화유산자료 시도명: 경북 시군구명: 구미시 시대: NaN 내용: 주륵사터에 무너져 있는 석탑으로 부재들이 많이 없어지고 땅 속에 묻혀있어 탑의 전체 규모는 알 수 없다 땅 위에 드러나 부재들을 통해 2층 기단(基壇) 위에 탑신(塔身)을 올렸을 것으로 추정된다 기단에는 기둥 모양의 조각이 보인다 지붕돌은 낙수면이 완만하고 네 귀퉁이가 살짝 치켜 올라갔으며 밑면에 5단의 받침을 두었다 현재 남아있는 부재의 크기로 보아 그 크기가 웅장하여 불국사 석가탑 못지 않은 대규모의 석탑이었을 것으로 생각된다 모든 양식으로 보아 통일신라시대 석탑의 전성기인 8∼9세기 경에 세운 것으로 추정된다 소재지상세: 경북 구미시 도개면 다곡리 산123번지', 'score': 0.6868660076911397}]",경주
대한독립선언서가 발표된 연도는 언제인가요?,"[{'text_segment': '국가유산명_국문: 한국독립운동사략(상편) 국가유산명_한자: NaN 국가유산종목: 국가등록문화유산 시도명: 충남 시군구명: 천안시 시대: NaN 내용: 31운동 당시 독립선언서에 서명한 민족대표 33인중 1인인 김병조 (金秉祚 1877∼1948)가 저술한 책으로서 31운동의 배경 각 지방에서 발표된 독립선언서와 국내외 운동의 전개상황 일제의  탄압 실태 임시정부의 수립과 통합과정 등을 정리하고 있다 이 책은 31운동 연구의 기본 문헌이 되고 있으며 방대한 자료를 기초로 하고 있어 한국 독립운동사 연구에 매우 귀중한 자료로서의 가치를 지니고 있다 소재지상세: 충청남도 천안시 동남구 독립기념관로 1 (목천읍 독립기념관)', 'score': 0.9414596259593964}, {'text_segment': '국가유산명_국문: 3·1 독립선언서(2016-2) 국가유산명_한자: 3·1 獨立宣言書(2016-2) 국가유산종목: 국가등록문화유산 시도명: 서울 시군구명: 강동구 시대: NaN 내용: 『3·1독립선언서』는 1919년 3월 1일에 있었던 3·1 독립운동에 맞추어 민족대표 33인이 조선의 독립을 선언한 글이다 손병희 한용운 등 민족대표 33인이 서명하였다 처음에는 건의서 형식으로 한국의 독립을 요구하기로 발의되었으나 건의서는 민족자결의 의미가 없고 강력한 독립의 의지와 그 당위성을 내외에 선포할 독립선언서로 해야 한다는 최린(崔麟)의 주장을 따라 이 선언서를 작성하게 되었다고 한다 내용은 기(독립 선언의 배경과 취지 독립 선언의 정당성) 승(일제의 강점으로 인한 민족적 피해 독립의 필요성 독립의 신념) 전(우리의 자세 우리의 소임 일본의 각성 촉구 독립의 의의) 결(우리의 할 일 우리 민족의 결의)로 구성되어 있으며 행동 강령은 공약 삼장으로 구성되어 있다 1919년 3월 1일 독립운동에 맞추어 민족대표 33인의 이름으로 ‘조선의 독립국임과 조선인의 자주민임을 선언’하고 독립의 당위성을 밝힌 선언서이다 이 선언서는 전국적 만세시위운동으로 확산시키는데 기여한 선언서라는 점에서 등록 가치가 있다 소재지상세: 서울특별시 강동구', 'score': 0.7422398975205831}, {'text_segment': '국가유산명_국문: 3·1 독립선언서(2016-1) 국가유산명_한자: 3·1 獨立宣言書(2016-1) 국가유산종목: 국가등록문화유산 시도명: 서울 시군구명: 서초구 시대: 1919년 내용: 『3·1독립선언서』는 1919년 3월 1일에 있었던 3·1 독립운동에 맞추어 민족대표 33인이 조선의 독립을 선언한 글이다 손병희 한용운 등 민족대표 33인이 서명하였다 처음에는 건의서 형식으로 한국의 독립을 요구하기로 발의되었으나 건의서는 민족자결의 의미가 없고 강력한 독립의 의지와 그 당위성을 내외에 선포할 독립선언서로 해야 한다는 최린(崔麟)의 주장을 따라 이 선언서를 작성하게 되었다고 한다 내용은 기(독립 선언의 배경과 취지 독립 선언의 정당성) 승(일제의 강점으로 인한 민족적 피해 독립의 필요성 독립의 신념) 전(우리의 자세 우리의 소임 일본의 각성 촉구 독립의 의의) 결(우리의 할 일 우리 민족의 결의)로 구성되어 있으며 행동 강령은 공약 삼장으로 구성되어 있다 1919년 3월 1일 독립운동에 맞추어 민족대표 33인의 이름으로 ‘조선의 독립국임과 조선인의 자주민임을 선언’하고 독립의 당위성을 밝힌 선언서이다 이 선언서는 전국적 만세시위운동으로 확산시키는데 기여한 선언서라는 점에서 등록 가치가 있다 소재지상세: 서울특별시 서초구 남부순환로 2406 (서초동 예술의전당) 서울서예박물관', 'score': 0.7375734101116596}, {'text_segment': '국가유산명_국문: 연세대학교 4월혁명연구반 4·19 혁명 계엄 포고문 국가유산명_한자: NaN 국가유산종목: 국가등록문화유산 시도명: 서울 시군구명: 서대문구 시대: 1960년 내용: ‘연세대학교 4월혁명연구반 4·19 혁명 계엄 포고문’은 연세대학교 ‘4월혁명연구반’에서 관련기관에 의뢰하여 수집한 자료다 1960년 4월 19일부터 발표된 비상계엄령 하에 계엄사령관 명의로 내려진 각종 시책 명령 등의 내용으로 비상계엄포고문 12종 훈시문 1종 공고문 3종 담화문 2종 등 총 19종이다 4월 19일 오후 5시에 서울 부산 대구 광주 대전에 비상계엄을 선포한다는 계엄선포문을 시작으로 집회 해산 등교 중지 통행 금지(19:00~05:00) 언론‧출판 통제 유언비어 유포금지 등 통제 내용의 포고문과 공고문이 연이어 발표되다가 4월 26일 대통령 사임 발표 이후 점차 통제가 와해된 내용을 시간 순으로 이해할 수 있다 해당 유물은 4월 혁명기 비상계엄 하의 사회상과 국가의 대국민 관리‧통제 내용을 구체적으로 확인할 수 있는 자료로 가치가 있다 소재지상세: 서울특별시 서대문구 연세로 50 (신촌동 연세대학교박물관)', 'score': 0.7143558550430825}, {'text_segment': '국가유산명_국문: 만해 한용운 심우장 국가유산명_한자: 萬海 韓龍雲 尋牛莊 국가유산종목: 시도기념물 시도명: 서울 시군구명: 성북구 시대: NaN 내용: 심우장은 승려 시인 독립운동가였던 만해 한용운(1879∼1944) 선생이 1933년에 지은 집이다 1910년 한·일합방이 되면서 중국에 망명하여 의병학교를 설치하고 독립군의 훈련장을 돌면서 독립정신과 민족혼을 심어주는 일에 전력하였다 1919년 3월 1일 독립운동이 일어나자 민족대표 33명 중의 한 사람으로 독립선언서를 발표하여 3년 동안 옥살이를 하였다 출옥 후에도 선생은 일본경찰의 감시 아래 강연 등 여러 방법으로 조국독립을 위해 힘쓰다가 1944년 심우장에서 중풍으로 죽었다 저서로는 『조선불교유신론』 『님의 침묵』 등이 있다 심우장의 규모는 앞면 4칸·옆면 2칸으로 옆에서 보았을 때 여덟 팔(八)자 모양을 한 팔작 기와집으로 선생은 총독부와 마주보기 싫다 하여 일부러 북향으로 집을 지었다고 한다 심우(尋牛)란 소를 사람의 마음에 비유하여 잃어버린 나를 찾자는 뜻이라고 한다 소재지상세: 서울 성북구 성북로29길 24 2 (성북동)', 'score': 0.6929632611127352}]",1919년
대동여지도를 제작한 사람은 누구인가요?,"[{'text_segment': '국가유산명_국문: 채색필사본 대동여지도 국가유산명_한자: 彩色筆寫本 大東輿地圖 국가유산종목: 국가등록문화유산 시도명: 서울 시군구명: 마포구 시대: 19c말~20c초 추정 내용: 한국연구원 소장본 &lt;대동여지도&gt;는 신유본 &lt;대동여지도&gt;를 모사한 필사본이나 &lt;대동여지도&gt; 원본에 없는 우산도가 표시되어 있다 우산도 뿐만 아니라 북방 및 변방의 지리 정보(지명 주기 등)가 적지 않게 추가되어 있으며 당시 지식인의 영토 인식과 고민이 반영되어 있다 소재지상세: 서울특별시 마포구', 'score': 0.7938751410207521}, {'text_segment': '국가유산명_국문: 동여도(2008) 국가유산명_한자: 東輿圖(2008) 국가유산종목: 보물 시도명: 서울 시군구명: 관악구 시대: 19세기 내용: 19세기 중엽에 김정호가 제작한 것으로 추정되는 조선 전도(全圖)로 필사본이다 『대동여지도』와 유사하게 23층의 절첩식(絶帖式)으로 제작되었다 또 전체적인 한반도의 윤곽 산계(山界)와 수계(水界) 도로망 등 대부분의 내용이『대동여지도』와 일치하며 범례에 해당하는 「지도표(地圖標)」도『대동여지도』와 흡사하다 『동여도』는 필사본으로 목판본보다 세밀한 기록이 가능했기 때문에『대동여지도』에 비해 약 7천여 개의 지명이 더 수록되어 있다 특히『대동여지도』에서는 누락되어 있는 방(坊)과 면(面)의 지명이 상세히 수록되어 있다 지도 내용을 보면 각 첩마다 도로를 표시한 적색 실선의 두께가 다르고 도로를 표시한 적색과 산줄기를 표시한 녹색의 색감들도 첩별로 다르게 나타나는데 이는『동여도』의 필사과정에 여러 사람이 함께 참여했을 가능성을 보여준다 또 산계를 그린 회화적 솜씨나 글씨의 수준을 볼 때 관에서 지도 제작에 관여했을 가능성도 높다 소재지상세: 서울 관악구 관악로 1103동 서울대학교 규장각한국학연구원 (신림동서울대학교)', 'score': 0.7642834484577179}, {'text_segment': '국가유산명_국문: 대동여지도 국가유산명_한자: 大東輿地圖 국가유산종목: 시도유형문화유산 시도명: 서울 시군구명: 중구 시대: 조선 고종 원년(1864) 내용: 김정호가 남긴 3대 전국지도인 『청구도』·『동여도』·『대동여지도』 중의 하나이다 김정호는 『청구도』를 4차에 걸쳐 수정 보완하였고 『동여도』를 2차에 걸쳐 제작하였으며 『대동여지도』도 필사본과 목판본이 있는데 목판본은 신유본(1861)과 갑자본(1864)의 두 종류가 있다 신유본은 비교적 많이 남아 있는데 갑자본은 알려진 것이 소수이다 『대동여지도』는 각 층의 도엽(圖葉)을 연폭(連幅)으로 동에서 서로 길게 잇고 이것을 병풍식으로 접어 모두 22층으로 하는 분첩 절첩(分帖折疊)의 방법으로 제책하여 한 질이 되게 하였다 이때 책의 크기는 가로 20cm 세로 30cm로서 당시 서지류(書誌類)의 크기와 비슷하게 만들어 마치 한권의 책처럼 편리하게 되었다 이로써 『대동여지도』는 개개 층별로 동에서 서로 남북으로 22층을 계속 인접하면 가로 4m 세로 7m의 거대한 우리나라 전도(全圖)가 된다 소재지상세: 서울특별시 중구', 'score': 0.7428720492032514}, {'text_segment': '국가유산명_국문: 대동여지도 국가유산명_한자: 大東輿地圖 국가유산종목: 시도유형문화유산 시도명: 부산 시군구명: 금정구 시대: 1861년(철종12) 내용: ○ 대동여지도는 철종 12년(1861)에 고산자 김정호(古山子 金正浩)가 만든 우리나라 전국 지도로 최고의 선본이다 총 22첩으로 되어 있으며 병풍처럼 접고 펼 수 있는 분첩절첩식(分疊折帖式) 형태로 되어 있어 모두를 아래 위로 맞추면 전국지도가 된다 제1첩에는 지도유설 경도 및 각 도별 人․物 수 지도표 경도오부지도 등이 수록되어 있고 제2첩부터 제21첩까지가 전국지도이다 ○ 대동여지도는 초간된 신유본(辛酉本)과 재간된 갑자본(甲子本)의 2종류가 전하는데 부산대학교 도서관 소장 대동여지도는 181년(철종 12)에 간행된 신유본에 속한다 전체의 내용은 완벽하나 제1첩의 지도유설 2면과 수선전도(首善全圖)에 해당되는 도성도 1면은 필사되어 있다 필사된 부분에서 오류가 발견되지만 목판의 인쇄상태와 채색 솜씨 그리고 보존상태 등이 양호하며 필사된 3면을 제외하고는 현재 보물로 지정되어 있는 3점과 꼭 같다 ○ 지도가 기밀 사항이라 다수를 인간(印刊)할 수 없었던 당시의 사정으로 보아 대체로 5~6부 정도 인출되었다고 볼 때 부산대학교 도서관 소장 대동여지도는 고산자 김정호가 직접 인간한 모본이라는 점에서 문화유산적 가치를 가진다 소재지상세: 부산광역시 금정구 부산대학로63번길 2 (장전동 부산대학교) (부산대학교 도서관)', 'score': 0.6543922843287975}, {'text_segment': '국가유산명_국문: 대동여지도 국가유산명_한자: 大東輿地圖 국가유산종목: 시도유형문화유산 시도명: 경남 시군구명: 거창군 시대: 1864 내용: 대동여지도는 조선후기 지리학자인 고산자 김정호가 순조 34년(1834)에 자신이 만든 <청구도>를 27년 후에 증보 수정한 대축척 지도로 분첩절첩식지도첩이다 형태를 보면 남북을 120리 간격으로 22층으로 구분하고 동서를 80리 간격으로 끊어 19판으로 구분했음 동서방향은 구획된 판을 접어서 연결시켜 1첩으로 만들어 쉽게 볼 수 있도록 했음 남북으로 동서의 방향을 연결시킨 각 첩을 펼쳐서 순서대로 이어대면 연속된 남북을 볼 수 있게 했음 지도의 제 1층에는 지도의 제목과 발간연도 및 발간자를 명시하고 본도와는 별도로 서울의 도성도와 경조오부도를 상세하게 그렸음 축척을 보면 지도의 제 1층 첫머리에 그려져 있는 지도 방안에 매방십리라고 되어 있어서 간접적으로 축척이 표시되어 있음 지도의 좌표에 해당하는 이 방안은 지도를 동서로 접은 1면을 남북 12방안 동서 8방안으로 구분하고 있고 남북이 120리 동서는 80리로 되어 있음 그리고 1면의 실제 길이는 남북이 약 30cm 동서가 약 20cm임 그러므로 동서 20cm가 80리(32km)에 해당되는 축척이므로 대동여지도의 축척은 약 1/160000이 됨 지도의 내용을 보면 일반 지도에서는 지형표시에서 개개의 산지나 평지를 있는 그대로 나타내는 것이 보통이나 대동여지도에서는 개개의 산보다 산줄기를 표시하는 데 역점을 두었으며 물줄기도 체계적으로 정리하였음 거리는 붉은 선으로 처리하였는데 거의 직선으로 표시하고 십리마다 표시를 하여 어느 지점간이라도 방표의 수를 헤아려봄으로써 거리를 알 수 있게 하였음 한편 14개 항목의 지도표를 만들어 가능한 부호로 처리한 점도 이 지도의 특징 중의 하나임 대동여지도는 1861년에 처음으로 만들어 김정호가 목판으로 인쇄하였으며 그 후 고종 원년(1864)에 수정본이 재간되었음 박물관의 소장본은 1864년도 재간본으로 박물관 2층 중앙에 전시되어 있음 소재지상세: 경남 거창군 거창읍 수남로 2181 (김천리)', 'score': 0.6419781985187807}]",김정호
일제강점기 무장 독립운동을 위해 조직된 단체는 무엇인가요?,"[{'text_segment': '국가유산명_국문: 김지섭 의사 편지 국가유산명_한자: NaN 국가유산종목: 국가등록문화유산 시도명: 충남 시군구명: 천안시 시대: NaN 내용: 「김지섭 의사 편지」는 의열단원 김지섭이 1924년 1월 5일 일본 도쿄 왕궁 입구의 이중교에 수류탄 3발을 던지고 투옥된 후 옥중에서 동생과 부인에게 보낸 편지 4건으로 강력한 의열 투쟁에 나섰던 항일 투사 김지섭의 진솔한 내면세계와 인간상을 이해하는 데 귀중한 자료이다 동생 김희섭에게 보낸 편지 3건에는 판결 언도일을 앞둔 상황에서의 의연한 태도 투옥된 동지의 안부 아들에 대한 애틋함 및 가족에 대한 염려가 담겨있다 아내인 권석희에게 보낸 유일한 한글 편지에는 김지섭이 수감된 일본까지 면회를 오려는 아내를 만류하는 절절한 안타까움이 담겨있다 한편 의열단은 1919년 조직된 항일 무장독립운동 단체로 김지섭을 비롯한 의열단원의 활동을 통하여 항일독립 사상을 고취시키는 데 큰 역할을 했다 소재지상세: 충청남도 천안시 동남구 독립기념관로 1 (목천읍 독립기념관)', 'score': 0.9587564468383789}, {'text_segment': '국가유산명_국문: 지청천 일기 국가유산명_한자: NaN 국가유산종목: 국가등록문화유산 시도명: 충남 시군구명: 천안시 시대: 일제강점기 내용: 독립운동가이자 정치가인 지청천(池靑天 1888～1957)이 1951년부터 1956년까지 기록한 국한문 혼용의 친필일기이다 지청천은 1919년 31운동이 일어나자 만주로 망명하여 항일투쟁을 계속하였고 광복군 총사령관에 임명되었으며 환국 후에는 제헌 국회의원 등을 역임하였다 지청천은 1919년부터 일기를 썼다고 하는데 한국전쟁 당시 분실되어 현전하는 것은 5책이며 항일무장투쟁을 이끈 독립운동가의 의식이 담긴 친필원고라는 점과 한국 현대 정치사를 연구하는 사료로서 중요한 가치가 있다고 평가받고 있다 정부에서는 고인의 공훈을 기리기 위하여 1962년에 건국훈장 대통령장을 추서하였다 소재지상세: 충청남도 천안시 동남구 독립기념관로 1 (목천읍 독립기념관)', 'score': 0.879933495159414}, {'text_segment': '국가유산명_국문: 서울 구 천도교 중앙총부 본관(2022) 국가유산명_한자: NaN 국가유산종목: 국가등록문화유산 시도명: 서울 시군구명: 강북구 시대: 일제강점기 내용: ○1921년 천도교 중앙대교당(서울시 유형문화유산 종로구 소재)과 함께 건립되어 일제강점기에 독립운동과 사회계몽 활동을 수행했던 건물임 ○원 위치에서 이전되었으나 해방 전 천도교가 수행했던 민족운동과 독립운동의 중심시설로 역사를 보존하려는 의지로 건물을 철거하지 않고 봉황각으로 옮겨 보존했으며 당대 건축술의 한계와 역사유산에 대한 사회적 분위기를 감안할 때 역사성이 인정됨 소재지상세: 서울특별시 강북구 삼양로173길 107-12 (우이동 천도교종학대학원봉황각)', 'score': 0.8757648841428278}, {'text_segment': '국가유산명_국문: 김한종의사생가지 국가유산명_한자: 金漢鍾義士生家址 국가유산종목: 문화유산자료 시도명: 충남 시군구명: 예산군 시대: NaN 내용: 독립운동가인 일우 김한종 의사가 태어났던 집이다 김한종(1883∼1921) 의사는 의병장 민종식의 밑에서 의병을 모집하는 역할을 한 김재정의 큰아들이다 1915년 박상진 등과 함께 대구에서 무장독립 비밀결사인 광복회를 조직하고 충청도지부장으로 임명되어 총사령 박상진과 더불어 각지의 부자들에게서 국권회복운동의 자금을 거두는 등 독립운동에 크게 활약하였다 1918년 광복회 조직이 발각되어 그해 1월 28일 일본경찰에 붙잡혔고 1921년 8월 11일 박상진과 함께 처형되어 순국하였다 소재지상세: 충남 예산군 광시면 신흥리 70번지', 'score': 0.8729960067034588}, {'text_segment': '국가유산명_국문: 김좌진 장군 사회장 약력서 국가유산명_한자: NaN 국가유산종목: 국가등록문화유산 시도명: 충남 시군구명: 천안시 시대: NaN 내용: ‘김좌진 장군 사회장 약력서’는 1930년 1월 만주에서 순국한 독립운동가 김좌진 장군의 사회장(1930년 3월)에서 낭독된 약력서이다 김좌진(金佐鎭 18891124-1930124) 장군은 일제강점기 만주지역에서 무장독립군을 이끌며 ‘청산리대첩’을 승리로 이끌었던 한국독립운동사의 무장투쟁을 대표하는 인물이다 본 약력서는 그의 출생과 성장 사망 주요 활동과 사상 가족관계 등을 연도별로 상세히 기록하고 있어 김좌진 장군의 전 생애를 순차적으로 알 수 있는 역사적으로 중요한 자료이다 소재지상세: 충청남도 천안시 동남구 독립기념관로 1 (목천읍 독립기념관)', 'score': 0.8635992346684369}]",의열단
고려의 팔만대장경이 제작된 목적은 무엇인가요?,"[{'text_segment': '국가유산명_국문: 묘법연화경 국가유산명_한자: 妙法蓮華經 국가유산종목: 시도유형문화유산 시도명: 서울 시군구명: 중랑구 시대: 1236년 개판 조선시대 후쇄 내용: 법장사 소장 묘법연화경은 고려 고종 23(1236)년에 정분(鄭奮)이 진양후 최우(崔瑀)의 무병장수와 가문의 안녕을 기원할 목적으로 개판한 목판본으로 팔만대장경(재조본)의 조성 초기부터 각수로 깊이 관여한 중요 인물인 명각(明覺)이 개판하였다 전 7권 2책의 완질본으로 판각 이후 다소 시일이 흐른 조선전기에 다시 인출한 것으로 보인다 현재 이와 동일한 판본으로 경주 기림사 소장본이 전 7권 중 3권만 유일하게 국가지정문화유산 보물로 일괄 지정되어 있으나 4권이 빠져 있는 결본 상태이기 때문에 동일본이 단독으로 완질본이 지정된 사례는 아직까지 없다 후쇄본이긴 하나 전 7권이 완전한 상태로 보존되어 있기 때문에 시지정문화유산으로 지정할 만한 가치가 높은 것으로 판단된다 소재지상세: 서울특별시 중랑구', 'score': 0.7674217173648354}, {'text_segment': '국가유산명_국문: 불설법화삼매경 국가유산명_한자: 佛說法華三昧徑 국가유산종목: 시도유형문화유산 시도명: 충북 시군구명: 청주시 시대: NaN 내용: &#65378;법화경&#65379;은 &#65378;묘법연화경&#65379;의 약칭으로 우리나라 천태종의 근본경전이며 부처가 되는 길이 누구에게나 열려 있다는 것을 기본사상으로 하고 있다 &# 65378;화엄경&#65379;과 함께 우리나라 불교사상의 확립에 크게 영향을 끼쳤으며 우리나라에서 유통된 불교경전 가운데 가장 많이 간행된 경전이다 이 &#65378;불설법화삼매경&#65379;은 유송의 지엄이 번역한 1권의 경이다 간행기록은 “갑진세고려국대장도감봉칙조조”로 기록되어 있어 개판은 고려 고종 31(1244)년에 이루어졌음을 알 수 있으나 묵색과 지질 등으로 미루어 조선초기에 인출된 것이 아닌가 한다 해인사에 봉안되어 있는 재조장경(팔만대장경)을 조선 초기에 인경한 것으로 바닥이 훤히 비치게 얇게 뜬 종이에 진한 먹으로 인경되었다 처음부터 불상의 복장에 봉안할 목적으로 인경한 것으로 보이며 끝부분에 대나무로 만든 심이 박혀있다 이 &#65378;불설법화삼매경&#65379;의 본문은 22행이며 매행마다 14자씩이다 크기는 세로 263㎝ 가로 6760㎝이다 전곽의 크기는 세로 228㎝ 가로 285㎝이다 보존상태는 양호하다 이 &#65378;불설법화삼매경&#65379;은 불경의 연구와 서지학 연구에 귀중한 자료로 활용할 가치가 충분하다 소재지상세: 부용면 부강리 648번지 광제사', 'score': 0.725682128332442}, {'text_segment': '국가유산명_국문: 디젤난방차 905호 국가유산명_한자: NaN 국가유산종목: 국가등록문화유산 시도명: 경기 시군구명: 의왕시 시대: 1960년대 내용: ○「디젤난방차 905호」는 1964년 인천공작창에서 제작한 디젤난방차 10량 중 하나로 길이 13m 폭 3m 높이 373m 무게 307톤 물탱크 4기(총 용량 1만200리터)와 연료탱크 2기(총 용량 2700리터) 엔진 발전기 증기 발생기 등이 탑재되어 있으며 증기 발생기는 미국 Vapor Company에서 제작한 것임 ○ &#39;난방차&#39;는 객차 내 난방을 전담할 목적으로 기존의 객차를 개조한 특수차량을 말함 열차객실의 난방설비는 난로→증기기관차→히터카(벙커씨유)→디젤난방차→전기난방차 순으로 변천하였으며 그중에서 디젤난방차는 기관차+디젤난방차+객차를 연결하고 난방차에서 증기를 발생시켜 각 객실로 보내 객실을 따뜻하게 함 ○「디젤난방차 905호」는 증기기관차가 디젤기관차로 바뀌면서 증기난방의 필요성에 따라 제작되었으며 현재 남아 있는 유일한 디젤난방차로 근현대기 철도교통 난방시스템의 변화를 보여주는 철도차량으로 1987년까지 운행됨 소재지상세: 경기도 의왕시 철도박물관로 142 (월암동 철도박물관)', 'score': 0.722191119410309}, {'text_segment': '국가유산명_국문: 팔만대장경 국가유산명_한자: 八萬大藏經 국가유산종목: 시도유형문화유산 시도명: 강원 시군구명: 평창군 시대: 조선 고종 2년 (1865) 내용: 판수가 8만여 개에 달하고 8만 4천 번뇌에 해당하는 8만 4천 법문을 실었다고 하여 8만대장경이라고 부른다 월정사에 있는 팔만대장경은 해인사의 고려대장경 경판에서 직접 찍어온 것이다 조선 고종 2년(1865)에 찍어내어 월정사에서 보관하고 있다 크기는 가로 846㎝ 세로 24㎝이고 한지에 인쇄하였다 판의 끝에는 경전의 이름과 권수의 간행 차례가 기록되어 있다 천자문 순서대로 새겨 놓았는데 총 1511부 6802권 81137판으로 되어있다 고려 때는 물론이고 조선초에도 인쇄되었으나 전부 남아있는 것은 몇 개 전하여지지 않는다 이 대장경은 조선 고종 2년(1865)에 인쇄한 2부 가운데 하나이다 소재지상세: 강원특별자치도 평창군 오대산로 176 (진부면 월정사성보박물관) 동산리', 'score': 0.7096847524387421}, {'text_segment': '국가유산명_국문: 강릉 선교장 소장 태극기 국가유산명_한자: 江陵 船橋荘 所藏 太極旗 국가유산종목: 국가등록문화유산 시도명: 강원 시군구명: 강릉시 시대: 1897년 내용: 강릉지방 청소년들 대상으로 근대지식 보급과 인재 양성 목적으로 설립한 동진학교에 민족의 정체성 상징이었던 태극기를 손수 제작하여 사용하였던 것으로 추정되는 태극기이다 당시의 태극기의 형태 제작기법 게양한 모습 등을 알 수 있으며 태극기 변천사와 함께 민족 정체성 정신교육 자료로 가치가 매우 크며 역사적 유래 4괘와 양의 위치와 제작 방식 게양 방식 등을 종합적으로 고찰할 때 역사성과 희귀성이 높다 소재지상세: 강원특별자치도 강릉시', 'score': 0.6977227218557707}]",몽골의 침입을 막기 위해
조선의 세조가 왕위에 오른 후 단행한 개혁의 목적은 무엇이었나요?,"[{'text_segment': '국가유산명_국문: 서울 헌릉과 인릉 국가유산명_한자: 서울 獻陵과 仁陵 국가유산종목: 사적 시도명: 서울 시군구명: 서초구 시대: 조선 세종 2년(1420) 내용: 헌릉은 조선 3대 태종(재위 1400∼1418)과 원경왕후 민씨(1365∼1420)의 무덤이다 태조 이성계의 다섯번째 아들로서 아버지를 도와 조선왕조를 세웠다 1·2차 왕자의 난을 진압하고 정종 2년(1400)에 왕위를 물려받았다 토지와 조세제도를 정비하고 군사제도도 개혁하였으며 유교를 숭상하고 불교를 억압하는 등 국정전반에 대한 개혁을 단행하여 조선 초기의 민생안정을 이룩하였다 태종의 부인인 원경왕후 민씨는 여흥부원군 민제의 딸이며 태종이 왕위에 오르기까지 큰 힘이 되었다 헌릉은 쌍릉으로 무덤 아랫부분이 병풍석으로 둘러있으며 무덤의 형식은 태조의 건원릉을 따랐다 각 무덤에 12칸의 난간석을 둘러서 서로 연결하였고 무덤 앞에는 양석과 호석·문석인·마석을 배치하였다 무덤 앞의 석물은 고려시대의 현릉·정릉 조선시대의 후릉과 같이 망주석을 제외하고는 각각 하나씩을 더 갖추었다 언덕 아래에는 정자각이 있고 비각을 세웠다 인릉은 23대 순조(재위 1800∼1834)와 순원왕후 김씨(1789∼1857)의 무덤이다 순조는 11세에 왕위에 올랐으나 나이가 어려서 대왕대비인 정순왕후 김씨에게 정치를 돌보게 됨으로써 외척에 의한 정치가 극에 달하였고 사회가 혼란했다 인릉은 무덤에 병풍석을 세우지 않았고 12칸의 난간석을 둘렀으며 양석과 마석·상석·망주석을 세웠다 언덕 아래에는 2개의 비석을 세웠다 <br/><b>※(헌릉·인릉 → 서울 헌릉과 인릉)으로 명칭변경 되었습니다 (20110728 고시) </b> 소재지상세: 서울특별시 서초구 헌인릉길 34 (내곡동 헌인능관리사무)', 'score': 0.7431145906448364}, {'text_segment': '국가유산명_국문: 계룡산초혼각지 국가유산명_한자: 鷄龍山招魂閣址 국가유산종목: 시도기념물 시도명: 충남 시군구명: 공주시 시대: 조선시대 내용: 세조(재위 1455∼1468)가 단종을 폐위할 때 뜻을 굽히지 않고 절의를 지켜 죽어간 사육신 이하 여러 충신들의 혼을 모셨던 곳이다 세조가 왕위를 차지하는 과정에서 황보인 김종서는 수양대군에게 살해당하였고 왕위를 찬탈한 다음해인 세조 2년(1456)에는 성삼문을 비롯한 사육신이 단종의 복위를 꾀하다가 모두 참형 당했다 같은 해 생육신인 매월당 김시습이 이곳 계룡산에 와서 제단을 마련하고 이들을 위해 초혼제를 지내어 영혼들을 위로하였다고 전해진다 그후 세조 4년(1458) 조정에서는 단종을 비롯하여 안평대군 황보인 김종서 등 당시 죽음을 당한 280여 위패를 모시고 영혼을 위로하기 위한 초혼각을 세웠다고 한다 세조 12년(1466)에 김시습 등이 건물을 더 짓고 매년 봄 가을로 제사를 지내오다가 영조 4년(1728) 화재로 타버린 것을 고종 원년(1863)에 만화스님이 지금의 모습으로 다시 세웠다고 한다 1904년 숙모전이라 이름을 바꾸어 오늘에 이르고 있다 소재지상세: 충청남도 공주시 반포면 학봉리 789', 'score': 0.6648864785710948}, {'text_segment': '국가유산명_국문: 서울 운현궁 국가유산명_한자: 서울 雲峴宮 국가유산종목: 사적 시도명: 서울 시군구명: 종로구 시대: 조선시대 후기 내용: 운현궁은 흥선대원군이 살았던 집으로 고종이 태어나서 왕위에 오를 때까지 자란 곳이기도 하다 흥선대원군의 집과 1910년대 새로 지어 덕성여자대학 본관으로 사용하던 서양식 건물을 합쳐 사적으로 지정하였다 한옥은 제일 앞 남쪽에 대원군의 사랑채인 노안당이 자리잡고 뒤쪽인 북쪽으로 행랑채가 동서로 길게 뻗어있으며 북쪽에 안채인 노락당이 자리잡고 있다 고종이 즉위하자 이곳에서 흥선대원군이 정치를 하였고 궁궐과 직통으로 연결되었다 흥선대원군은 10여년간 정치를 하면서 세도정치의 폐란을 제거하고 인사·재정들에서 대폭적인 개혁을 단행하였고 임진왜란으로 불에 탄 경복궁을 다시 짓기도 하였다 지금은 궁의 일부가 덕성여자 대학으로 사용되고 있고 방송국 시설이 있기도 하다 이로 인해 대원군이 즐겨 사용하던 아재당도 헐려 나가고 영화루와 은신군·남연군의 사당도 모두 없어졌다 ※(운현궁 → 서울 운현궁)으로 명칭변경 되었습니다 (20110728 고시)  소재지상세: 서울 종로구 삼일대로 460 (운니동)', 'score': 0.6406696116625754}, {'text_segment': '국가유산명_국문: 영파정 국가유산명_한자: 潁波亭 국가유산종목: 문화유산자료 시도명: 전남 시군구명: 함평군 시대: NaN 내용: 세조 1년(1455) 단종의 폐위와 세조의 왕위찬탈에 벼슬을 버리고 낙향한 영파정 이안(1414∼)이 자신의 호를 따 지은 건물이다 처음 세운 시기는 1450∼1460년대로 추정한다 그 후 영파정은 함풍 이씨 가문에서 관리해 온 것으로 보이는데 자세한 사실은 밝혀지지 않았다 정유재란(1597) 중에 불에 타 없어진 후 영수정이란 이름으로 다시 지었으며 1820∼1821년 사이에 군수 권복과 김상직이 현재와 같은 규모로 지었다 그 뒤 고종 20년(1883) 크게 보수하고 1966년 수리하여 오늘에 이르고 있다 규모는 앞면 3칸·옆면 2칸이며 지붕은 옆면에서 볼 때 여덟 팔(八)자 모양인 팔작지붕이다 안쪽은 좌우측 1칸만 온돌방으로 꾸미고 나머지는 모두 마루를 깐 대청으로 설계하였다 창문은 대청 뒷면과 옆면에 쌍여닫이를 설치하고 앞면은 3짝 모두 들어 열 수 있는 문으로 하였으나 현재는 유리를 끼워 놓았다 소재지상세: 전남 함평군 함평읍 기각리 906-2번지', 'score': 0.6392509262821451}, {'text_segment': '국가유산명_국문: 허후·허조부자정충각 국가유산명_한자: 許후·許조父子旌忠閣 국가유산종목: 문화유산자료 시도명: 경북 시군구명: 경산시 시대: 1792년 내용: 조선 세종조에 예조 판서 이조 판서 의정부 좌참찬을 지낸 정간공 허후와 집현전 수찬을 지낸 수찬공 허조 부자의 충렬을 찬양하는 정려각으로 정조 16년(1792)에 정려*가 내려졌으며 순조 14년(1814)에 정려각을 세우고 현판을 걸었다 허후는 단종 1년(1453)에 수양 대군의 왕위 찬탈을 반대하다가 사사(賜死)된 후 영조 23년(1747)에 정간(貞簡)이라는 시호를 받았다 허조는 세조 2년(1456)에 단종 복위를 도모하였으나 실패하자 자결하였고 사육신과 함께 거열형을 당하였다 정조 16년(1792)에 복관되고 홍문관 부제학에 추증되었다 정조 15년(1791) 부자가 함께 장릉 충신단에 모셔졌다 정충각은 단칸 규모의 팔작지붕 기와집으로 처마 끝을 바치는 기둥인 활주 4개를 세워 처마를 받치게 하였다 *정려 : 충신 효자 열녀 등의 집 앞이나 동네에 비석 현판 등을 세워 표창하던 일 소재지상세: 경북 경산시 하양읍 대경로 527 (부호리)', 'score': 0.610604891272957}]",중앙 집권화를 강화하기 위해
윤봉길이 폭탄을 던진 장소는 어디인가요?,"[{'text_segment': '국가유산명_국문: 윤봉길의사 유품(1972-2) 국가유산명_한자: 尹奉吉義士 遺品(1972-2) 국가유산종목: 보물 시도명: 충남 시군구명: 예산군 시대: 1932년 내용: 윤봉길은 충청남도 예산군 덕산면 사량리에서 태어나 덕산보통학교와 오치서숙에서 공부하였고 19세 때 고향에 야학을 세워 농촌계몽운동을 시작했다 20세 때 각곡독서회를 조직하고 『농민독본』을 편찬했으며 22세 때 월진회를 조직 농촌운동을 정열적으로 전개하였다 윤봉길의사는 국내에서 독립운동이 어려워지자 23세때 중국으로 망명하여 1931년 김구선생의 한인애국단에 가입하였다 그 뒤 항일 투쟁을 계속하다가 1932년 4월 29일 혼자 일본의 상해사변 전승축하회가 열리던 상해의 홍구공원에 폭탄을 던져 일본군총사령관 시라가와 등 일본의 군수뇌부를 제거하는 데 성공하였다 그 자리에서 체포된 윤봉길 의사는 군법재판 단심에서 사형을 선고받고 11월 일본으로 이송되어 1932년 12월 19일 일본 대판 위수형무소에서 24살의 나이로 세상을 떠났다 윤봉길의사 유품 내역\r\n\r\n1회중시계 : 상해(上海)의 홍구공원(虹口公園)으로 떠나는 날 아침 김구(金九) 선생과 바꾸어 찬 낡은 시계인데 세상을 떠날 때까지 몸에 지닌 유품(遺品)이다 지름 5㎝ 줄길이 30㎝ 두께 1㎝ 스위스제(製)이다 2윤봉길의사 유품-지갑부중국화폐(尹奉吉義士 遺品-지갑附中國貨幣)는 중화민국건국기념폐인 1원은화 3개 광서원보인 칠전이분 1개 이십원지폐인 2각화폐 1매 이십원동전인 2박주전 5개가 있으며 지갑의 크기는 가로 7㎝ 세로 115㎝이다 3윤봉길의사인(尹奉吉義士 遺品-尹奉吉義士印)은  골각에 ‘윤봉길신’이라 새긴 것으로 홍구공원에서 거사를 치를 당시의 몸에 지니고 있던 유품이다 4윤봉길의사 유품(尹奉吉義士 遺品)-손수건은1932년 4월 29일 상해 홍구공원에서 폭탄을 투척하는 의거를 일으킨 독립운동가 윤봉길(1908∼1932)의사가 남긴 유품들 가운데 하나인 손수건으로 홍구공원에서 거사를 치를 당시에 몸에 지니고 있던 유품이다 5윤봉길의사 유품-안경집(尹奉吉義士遺品 - 眼鏡集)은 홍구공원에서 거사를 치를 당시에 몸에 지니고 있던 유품으로 사다리꼴의 형태로 되어있다 6윤봉길의사 유품-일기(尹奉吉義士 遺品-日記)는 1932년 4월 29일 상해 홍구공원에서 폭탄을 투척하는 의거를 일으킨 독립운동가 윤봉길(1908∼1932)의사가 남긴 유품들 가운데 일기이다 이 일기는 윤봉길의사가 직접 묵으로 쓴 것으로 각 11행이며 27매 1책으로 되어있다 7윤봉길의사 유품-월진회창립취지서(尹奉吉義士 遺品-月進會創立趣旨書)는 1932년 4월 29일 상해 홍구공원에서 폭탄을 투척하는 의거를 일으킨 독립운동가 윤봉길(1908∼1932)의사가 남긴 유품들 가운데 하나로 윤봉길의사가 월진회를 창립하면서 직접 묵으로 쓴 문서이다 8윤봉길의사 유품-농민독본(尹奉吉義士 遺品-農民讀本)은 1932년 4월 29일 상해 홍구공원에서 폭탄을 투척하는 의거를 일으킨 독립운동가 윤봉길(1908∼1932)의사가 남긴 유품들 가운데 하나로 어린아이들에게 글을 깨우치고자 펴낸 농민계몽서이다 교과서 제1권 8과 제2권 7과로 되어있으며 2권 모두 프린트한 것이다 9윤봉길의사 유품-형틀대(尹奉吉義士 遺品-刑틀臺)는  1932년 12월 29일 일본대판위수형무소에서 사형을 당할 때 윤봉길의사를 묶어 세웠던 것이다 10윤봉길의사 유품-편지(尹奉吉義士 遺品-便紙)는 이 편지들은 총 4통으로 되어 있으며 충의사에 보관되어 있다 소재지상세: 충청남도 예산군', 'score': 0.710320919752121}, {'text_segment': '국가유산명_국문: 윤봉길의사 유품(1972-1) 국가유산명_한자: 尹奉吉義士 遺品(1972-1) 국가유산종목: 보물 시도명: 서울 시군구명: 용산구 시대: 1932년 내용: 윤봉길은 충청남도 예산군 덕산면 사량리에서 태어나 덕산보통학교와 오치서숙에서 공부하였고 19세 때 고향에 야학을 세워 농촌계몽운동을 시작했다 20세 때 각곡독서회를 조직하고 『농민독본』을 편찬했으며 22세 때 월진회를 조직 농촌운동을 정열적으로 전개하였다 윤봉길의사는 국내에서 독립운동이 어려워지자 23세때 중국으로 망명하여 1931년 김구선생의 한인애국단에 가입하였다 그 뒤 항일 투쟁을 계속하다가 1932년 4월 29일 혼자 일본의 상해사변 전승축하회가 열리던 상해의 홍구공원에 폭탄을 던져 일본군총사령관 시라가와 등 일본의 군수뇌부를 제거하는데 성공하였다 그 자리에서 체포된 윤봉길 의사는 군법재판 단심에서 사형을 선고받고 11월 일본으로 이송되어 1932년 12월 19일 일본 대판 위수형무소에서 24살의 나이로 세상을 떠났다 윤봉길의사 유품\r\n1 선서문(尹奉吉義士 遺品-宣誓文)은 1932년 4월 29일 상해 홍구공원에서 폭탄을 투척하는 의거를 일으킨 독립운동가 윤봉길(1908∼1932)의사가 남긴 유품들 가운데 하나로 김구선생의 한인애국단에 입단하는 것을 직접 손으로 쓴 선서문이다 이 글의 크기는 가로 215㎝ 세로 27㎝이다 2 윤봉길의사 이력서 및 유서(尹奉吉義士 遺品 - 尹奉吉義士 履歷書 및 遺書)는1932년 4월 29일 상해 홍구공원에서 폭탄을 투척하는 의거를 일으킨 독립운동가 윤봉길(1908∼1932)의사가 남긴 유품들 가운데 하나로 1931년 한인애국단에 입단할 때 손으로 직접 쓴 이력서와 유서이다 유서는 펜글씨로 씌여있고 크기는 가로 165㎝ 세로 29㎝이며 1책 17매이다 소재지상세: 서울 용산구 서빙고로 137 국립중앙박물관 (용산동6가)', 'score': 0.6951505196565352}, {'text_segment': '국가유산명_국문: 예산 윤봉길 의사 유적 국가유산명_한자: 禮山 尹奉吉 義士 遺蹟 국가유산종목: 사적 시도명: 충남 시군구명: 예산군 시대: NaN 내용: 윤봉길의사가 태어나서 자란 곳이다 사적지에는 윤봉길 의사가 태어난 집과 성장한 집이 따로 있는데 태어난 집은 광현당(光顯堂)이라 하며 중국으로 망명하기 전까지의 집은 한국을 건져내는 집이라는 뜻의 저한당(狙韓堂)이라 한다 윤봉길 의사는 새로운 문화의 습득에 주력하면서 농촌 계몽과 부흥에 힘썼다 또한 야학회와 독서회를 조직해서 농촌의 문맹퇴치운동을 벌이기도 하였으며 1929년에는 농촌발전을 위하여 월진회를 조직하였다 1932년 일본 국왕의 생일인 천장절과 상해전투승리 축하식을 겸한 기념식이 있었던 중국 상해의 홍구공원에서 폭탄을 던졌는데 이것이 4·29의거였다 윤봉길 의사는 바로 체포되어 사형을 언도받고 25세의 나이로 생을 마감했다 국가에서는 윤봉길 의사가 이룩한 업적을 기리기 위해 1965년에 기념탑을 세우고 1968년에는 충의사를 세웠다 그 뒤를 이어 윤의사의 생가 성장가 등이 복원되고 유물전시관과 농촌 계몽운동을 벌였던 부흥원이 세워진 것은 1970년 이후이다 충의사는 윤봉길 의사의 사당으로서 초상을 모시고 있으며 그가 평소에 사용했던 유품들은 보물로 지정되어 현재 유물관에 전시되어 있다 그리고 충의관을 세워 윤의사의 농촌 계몽운동과 4·29의거 장면을 그림으로 나타낸 11경도를 전시해 역사교육장으로 활용하고 있다 매년 4월 29일에는 윤의사를 추모하는 매헌문화제가 열린다 ※(매헌윤봉길의사사적지 → 예산 윤봉길 의사 유적)으로 명칭변경 되었습니다(20110728 고시)  소재지상세: 충남 예산군 덕산면 시량리 산40-1번지', 'score': 0.6603023732930845}, {'text_segment': '국가유산명_국문: 백범 김구 회중시계 국가유산명_한자: 白凡 金九 懷中時計 국가유산종목: 국가등록문화유산 시도명: 서울 시군구명: 서대문구 시대: NaN 내용: 윤봉길(1908～1932)의사가 한인애국단 입단 선서식(1932426) 직후에 구입하여 간직하다 거사(擧事)를 위해 홍구공원(虹口公園)으로 떠나는 날 아침에 김구선생의 시계와 맞바꾼 것으로 윤봉길의사의 유품이면서 김구선생의 유품이기도 하며 거사에 임한 두 분의 애국·독립정신을 헤아릴만한 유물로서 상징적 가치가 크다 이 금색 회중시계(懷中時計)는 Waltham사에서 만든 것으로 시계줄 끝에 작은 나침반이 달려 있으며 하트형의 꽃무늬가 은도금되어 있는 덮개를 열면 12방위가 한자로 표시되어 있다 < 규격 : 직경 45mm 재료 : 금속 제작시기 : 1900년대 초반(1932년 이전) > 소재지상세: 서울특별시 서대문구', 'score': 0.626065451422156}, {'text_segment': '국가유산명_국문: 망우 독립유공자 묘역 - 오재영 묘소 국가유산명_한자: 忘憂 獨立有功者 墓域 - 吳哉泳 墓所 국가유산종목: 국가등록문화유산 시도명: 서울 시군구명: 중랑구 시대: NaN 내용: 오재영(吳哉泳)은 1920년 9월 14일 의열단원인 박재혁(朴載赫)이 중국서적상으로 가장하고 부산경찰서장을 방문하여 폭탄을 투척 서장이 중상을 입힌 거사를 도운 공동혐의자로 지목되어 일본경찰에 체포되어 징역 1년형을 받고 대구형무소에서 옥고를 치른 독립 운동가이다 소재지상세: 서울특별시 중랑구 망우로76길 50-13 (망우동)', 'score': 0.5943903005672917}]",상하이 홍커우 공원
고려의 문종이 설립하여 학문을 장려한 기관은 무엇인가요?,"[{'text_segment': '국가유산명_국문: 순천 동남사 사진기 및 확대기 국가유산명_한자: NaN 국가유산종목: 국가등록문화유산 시도명: 전남 시군구명: 순천시 시대: 1950~70년대 내용: 「순천 동남사 사진기 및 확대기」는 1950년대 순천에서 설립된 동남사(당시 동남사진기공업사)가 제작·판매한 4종의 사진기와 확대기 등으로 2건 13점이다 당시 정부의 수입금지 조치와 국산장려운동이 전개되면서 수입에 의존하던 사진기의 수급이 어려운 상황에서 국내의 기술로 제작된 것으로 근대 사진 산업 발달사를 파악할 수 있어 등록 가치가 충분한 유물이다 소재지상세: 전라남도 순천시', 'score': 0.9028138787655959}, {'text_segment': '국가유산명_국문: 색복 장려 깃발 국가유산명_한자: ⾊服 奬勵 깃발 국가유산종목: 국가등록문화유산 시도명: 경기 시군구명: 고양시 시대: NaN 내용: 일제강점기에 조선 문화 및 풍속 말살 정책의 하나로 백의 폐지를 위해 실시한 색복 장려 정책에 사용된 것으로 색복장려운동의 구체적 방향성을 보여줄 수 있는 실물 자료로 현재까지 알려진 유일한 깃발이다 우리의 암울한 시기의 복식 문화를 이해하기 위한 사료로의 가치가 있다 소재지상세: 경기도 고양시 덕양구 화중로104번길 50 (화정동 국립여성사전시관)', 'score': 0.8113776883870013}, {'text_segment': '국가유산명_국문: 구 조선식산은행 충주지점 국가유산명_한자: 舊 朝鮮殖産銀行 忠州支店 국가유산종목: 국가등록문화유산 시도명: 충북 시군구명: 충주시 시대: 일제시대 내용: <개요>\r\n ㅇ 1906년 7월 내륙지방 관찰부소재지에 본점을 두는 지방은행으로 충주농공은행 설립\r\n ㅇ 충주농공은행은 탁지부령에 따라 1907년 6월 한성 공주 충주의 3개 농공은행이 통폐합하여\r\n     주식회사 한호농공은행 충주지점으로 재출발\r\n ㅇ 1908년 6월에 충청북도 관찰부가 충주에서 청주로 이전함에 따라 같은 해 9월에는 출장소로 격하\r\n ㅇ 병탄이후 일본인들의 이주증가와 함께 자금수요가 증가하면서 1912년 8월부터 영업소 신축에\r\n     착수하여 11월에 현 성내동 428번지(현 안경나라)에 완공\r\n ㅇ 1918년에 일제는 농공은행이 경영파탄에 직면하자 6개 농공은행을 합병하여 식민지 산업금융기관\r\n     으로 조선식산은행을 설립 한호농공은행 충주지점은 조선식산은행 충주지점으로 명칭 변경\r\n ㅇ 1933년 12월 현재의 조선식산은행 충주지점 신축 \r\n ㅇ 해방 후 조선상호은행 충주지점 한국상공은행 충주지점 한국흥업은행 충주지점 한일은행충주\r\n    지점 건물로 쓰이다가 민간에 불하되어 현재에 이름\r\n\r\n <양식 및 주요 특징>\r\n ㅇ 1930년대에 각 지역에 세워진 금융기관의 전형인 목골조 스터고 마감의 본관 건물과 사택에 해당\r\n     되는 별관 건물(일본식 목조주택)이 이어져 있는 배치형태를 하고 있으며 지붕은 만사르 지붕\r\n     으로 지역도시의 중심부에 위치하여 식민지배의 권위를 내세우는 모습을 하고 있다 아르데코\r\n     분위기의 장식과 수직으로 긴 창을 설치하여 1930년대에 도입되기 시작한 모더니즘의 일면을\r\n     보여주기도 한다 소재지상세: 충청북도 충주시 관아4길 14 (성내동)', 'score': 0.7497911261065903}, {'text_segment': '국가유산명_국문: 영덕영해향교 국가유산명_한자: NaN 국가유산종목: 문화유산자료 시도명: 경북 시군구명: 영덕군 시대: NaN 내용: 향교란 조선시대 지방의 공교육기관을 칭한다 중앙의 공교육기관으로 성균관과 사학이 있었으며 지방의 공교육으로는 향교가 담당하고 사학기관으로는 서원과 오늘날의 초등학교격인 서당이 각 문중 혹은 개인적으로 설치되어 문중의 자손 및 각 동리의 아이들을 가르치며 지방의 사립교육을 담당하였다 이러한 조선시대의 교육제도 아래에서 영덕지역의 교육과 관련있는 것은 향교와 서원 서당을 들 수 있다 □ 연혁 \r\n고려 충목왕 2년(1346)에 작지산 아래에 세워진 영해부 소학의 후신 조선 중종 24년(1529)에 현재 위치로 이전 이후 여러 번의 중수와 보수를 거쳐 오늘에 이르게 됨 일제강점기에는 1914년 지방제도 개편에 따라 영덕향교에 합병됨\r\n\r\n□ 규모와 건축구조 \r\n고려 설립당시에는 대성전과 동서무 행랑 담으로 이루어졌다 이후 조선 선조때 누각인 태화루가 건립되었고 숙종 45년(1706)에는 경각 전사청 주방 별고 하인청 등이 건립되었다 현재는 대성전과 명륜당 태화루 동재 서재 그리고 관리사가 남아있다 □ 배위 및 제의 \r\n대성전에 4聖 10哲 그리고 宋朝 6賢의 21위 우리나라 성현 18현을 배향하는데 오늘날엔 孔門 10哲을 제외한 小說位로 중국의 5성위와 송조2현 우리나라 18위를 비롯 25위를 봉향함 봄 가을 음력 2월과 8월의 상정일에 釋奠을 올린다 소재지상세: 경상북도 영덕군 영해면 성내리 24-1', 'score': 0.7493348912726956}, {'text_segment': '국가유산명_국문: 돈암서원유경사 국가유산명_한자: 遯岩書院惟敬祠 국가유산종목: 시도유형문화유산 시도명: 충남 시군구명: 논산시 시대: NaN 내용: 선현께 제사지내고 학문을 이어받고자 설립한 조선시대 사립교육기관으로 인조 12년(1634)에 세웠다 김장생(1548∼1631)의 학문과 덕행을 기리기 위해 처음 세웠으나 훗날 제사를 지내는 유경사에 김집 송준길 송시열의 위패를 추가 배향하였다 현종 1년(1660) 임금에게 ‘돈암’이라는 이름을 하사받으며 사액서원으로 승격되었고 흥선대원군의 서원철폐령이 내려졌을 때에도 없어지지 않은 47개 서원 중 하나이다 돈암서원은 조선 중기 이후 많은 인물을 배출한 유서 깊은 곳으로 해마다 2월과 8월에 제사를 지내고 있다 소재지상세: 충남 논산시 연산면 임리 74번지', 'score': 0.734956756234169}]",국자감
조선 세종대왕이 창제한 문자는 무엇인가요?,"[{'text_segment': '국가유산명_국문: 공병우 세벌식 타자기(2013-1) 국가유산명_한자: 公丙禹 세벌式 打字機(2013-1) 국가유산종목: 국가등록문화유산 시도명: 서울 시군구명: 동대문구 시대: 1949~1952 내용: 공병우가 개발한 세벌식 타자기의 최초 양산 모델로 미국의 언더우드(UNDERWOOD)사에 생산을 의뢰하여 한국으로 수입한 것이다 현재 우리가 사용하고 있는 표준 자판은 자음과 모음으로 이루어진 두벌식 배열이지만 공병우 타자기의 자판은 세벌식 배열로써 글쇠에 자음과 모음 외에 받침까지 추가되어 있다 세벌식은 초성·중성·종성으로 나누어지는 훈민정음 창제의 원리가 타자기의 자음 모음 받침의 글쇠로 구현된 것이다 실용화된 한글 타자기의 초창기 제품으로서 한글의 기계화에 중요한 기여를 하였다 소재지상세: 서울특별시 동대문구 회기로 56- (사)세종대왕기념사업회', 'score': 0.8631434318660336}, {'text_segment': '국가유산명_국문: 세종대왕·단종대왕태실수개의궤 국가유산명_한자: 世宗大王·端宗大王胎室修改儀軌 국가유산종목: 시도유형문화유산 시도명: 경남 시군구명: 사천시 시대: NaN 내용: 세종대왕의 태실 수개의궤는 원래 제작되었을 것으로 추측되나 현재 전해지는 것은 없다 때문에 현재 전해지고 있는 이 『세종대왕 태실 수개의궤』와 『석난간 수개의궤』 『표석수립시의궤』의 3권이 유일하게 남아 있는 기록이라고 할 수 있다 단종대왕의 태실 수개의궤는 현재로서는 따로 전해지는 것이 없고 다만 세종대왕의 것과 함께 기록된 『세종대왕·단종대왕 수개의궤』류 만이 전해지고 있을 뿐이다 사천시 소장 『세종대왕·단종대왕 태실 수개의궤』는 모두 3권으로 되어 있으며 태실을 수개하였거나 태실의 석난간을 수개하였을 때 그리고 태실의 표석을 세울 때의 여러 가지 정황과 절차 제의과정 석물의 형태 제작과정 동원된 인력과 물품 등에 관한 여러 가지 정보가 고스란히 전해지고 있어 가치가 있다 소재지상세: 경남 사천시 사천읍 무산로 21 (수석리)', 'score': 0.7937293355180397}, {'text_segment': '국가유산명_국문: 용비어천가 국가유산명_한자: 龍飛御天歌 국가유산종목: 시도유형문화유산 시도명: 서울 시군구명: 동대문구 시대: 1612년 내용: 용비어천가는 1445년(세종 27)에 권제(權踶) 정인지(鄭麟趾) 안지(安止) 등이 왕명을 받아 짓고 1447년(세종 29)에 전체 10권으로 완성하여 간행한 책임 왕실의 선조인 목조 익조 도조 환조 태조 태종에 이르는 6대 조종의 사적을 훈민정음을 사용하여 악장 125장으로 지어 올림 용비어천가는 한글 창제에 의해 이루어진 우리 문학사상 최초의 국문시가이자 악장의 독자적 형식을 개척한 첫 작품으로 중요한 가치를 지님 현전하는 용비어천가는 모두 목판본으로 조 사 대상본은 조선 광해군시기에 간행된 1612년 1차 중간본으로 전체 10권 5책 중에 권12 권56의 2책만 남은 영본(零本)임 조사대상본은 한글을 적용한 최초의 작품이고 훈민정음 창제 당시 우리 한글의 모습을 살필 수 있는 귀중한 자료로서 가치가 큼 조사대상인 용비어천가 권 1 2 5 6은 내사기록이 남아있 는 판본이 서울대 규장각 한국학연구원에 전해지고 있음 조사대상본은 표지가 일부 개장되어 내사기가 없지만 이들은 같은 해에 간행되고 반사된 것으로 추정됨 즉 동일한 목판본인 규장 각본(奎1846)의 내사기에“萬曆四十年五七月日 內賜五臺山龍飛御天歌一件上 右承旨臣李[手決])”이라는 기록이 있으며 조사대상본이 동일한 판식임을 감안할 때 규장각본과 같은 시기 에 간행된 것임을 알 수 있음 즉 이 책은 1612년에 간행되고 반사된 중간본임 현재까지 알려진 것으로 완질로 남은『용비어천가』1612년 간본은 규장각에만 2질이 있고 나머지는 모두 영본임 조사대상본의 표지 일부분이 훼손되고 영본인 것이 매우 아쉬운 부분이 지만 그 전래가 비교적 희귀한 1612년 간본으로서 국문학사 국어사 서지학의 연구영역에서 매우 중요한 자료이므로 서울특별시 유형문화유산으로 지정할 필요가 있을 것으로 여겨짐 소재지상세: 서울특별시 동대문구 회기로 56 (청량리동 세종대왕기념관)', 'score': 0.7683924343004728}, {'text_segment': '국가유산명_국문: 사천 세종대왕태실지 국가유산명_한자: 泗川 世宗大王胎室地 국가유산종목: 시도기념물 시도명: 경남 시군구명: 사천시 시대: 1419 내용: 조선 제4대 세종대왕(재위 1418∼1450)의 태(胎)를 봉안하는 태실이 있던 곳이다 조선 왕실에서는 태를 사람 신체 가운의 근원이라고 생각한 도교사상과 풍수지리설에 바탕을 두고 왕자나 공주가 태어났을 때 태를 묻기 위해 태실도감을 설치하였다 그리고 태를 봉안할 명당을 물색하고 안태사를 보내어 태를 안치하였다 특히 다음 왕위를 이어갈 왕자나 왕세손 등의 태실은 석실을 만들어 보관하였다 세종대왕의 태실은 정유재란(1597) 때 왜적에 의해 도굴 파손되어 선조 34년(1601)에 대대적인 수리를 하였으며 영조 9년(1733)에는 태실비를 세우고 태실을 수리한 기록문서 『태실수의궤』를 남겼다 그 후 일제의 식민정책으로 1929년에 태실의 소유자인 경복궁이 태실임야를 모두 민간인에게 팔고 태실은 경기도 양주로 옮겨갔다고 한다 현재 세종대왕의 태실터에는 민간인의 무덤이 들어섰으며 태실비와 태실석재 일부만이 한데 모아져 보호되고 있다 소재지상세: 경상남도 사천시 곤명면 은사리 산 27', 'score': 0.7427282879858355}, {'text_segment': '국가유산명_국문: 서울 세종 영릉 신도비 국가유산명_한자: 서울 世宗 英陵 神道碑 국가유산종목: 보물 시도명: 서울 시군구명: 동대문구 시대: 조선시대(1452년(문종 2)) 내용: ‘서울 세종 영릉 신도비(서울 世宗英陵神道碑)’는 1452년(문종 2)에 세운 것이다 세종 영릉 신도비는 조선시대 문화의 기틀을 마련하고 국기를 튼튼히 다졌던 제4대 임금 세종의 생애와 업적을 영원히 기리기 위해 그의 일대기를 담아 세운 비이다 세종의 훈민정음 창제에 크게 공헌했던 문신 정인지(鄭麟趾 1396~1478년)가 글을 짓고 세종대왕의 셋째 아들로 당대의 대표적 서예가였던 안평대군 이용(李瑢 1418~1453년)이 글씨를 썼다 비록 비신의 표면이 심하게 부식·박락되어 금석문의 내용을 거의 알아볼 수 없는 상태이지만 “···겸성균관대사성 신 정인(兼成均館大司成臣鄭麟)···”과 “···신 용 봉교서(臣瑢奉敎書)···”와 같은 중요한 부분이 남아 있는 것만으로도 가치가 높다고 할 수 있다 또한 비신과 한 몸으로 제작된 이수(螭首)는 원형을 거의 간직하고 있어 조선 초기 왕의 신도비를 비롯하여 조선시대에 세워진 많은 신도비를 연구하는 데 중요한 자료가 될 수 있다 소재지상세: 서울특별시 동대문구 회기로 56-', 'score': 0.7332351803779602}]",한글
정조가 설치한 학문 연구 기관은 무엇인가요?,"[{'text_segment': '국가유산명_국문: 반구정재사 국가유산명_한자: 伴鷗亭齋舍 국가유산종목: 문화유산자료 시도명: 경북 시군구명: 안동시 시대: NaN 내용: 조선 중종 때 학자 이굉이 중종 25년(1530)경에 세운 정자이다 이굉은 성종 11년(1480) 문과에 급제하였으며 1500년 집의를 거쳐 개성부 유수가 되었다 연산군 10년(1504)에는 갑자사화로 관직을 삭탈당하였으나 1506년 중종반정으로 다시 기용되었다 그 뒤 벼슬을 그만두고 안동에 내려와 이 집을 짓고 학문과 자연을 즐겼다 당시 안동 선비들과 숙식자가 많아져 건물을 늘려 짓고 학문을 익히고 연구하는 기관으로 조성하게 되었다 1945년 화재로 불타버린 것을 1946년에 고쳐 세웠다 소재지상세: 경북 안동시 옹정골길 81-7 (정상동)', 'score': 0.8445121801351545}, {'text_segment': '국가유산명_국문: 만곡정사 국가유산명_한자: 晩谷精舍 국가유산종목: 문화유산자료 시도명: 경북 시군구명: 영양군 시대: 1802년 이건 내용: 만곡정사는 조선 정조 때 유학자 조술도(1729~1803)가 정조 14년(1790) 영양 원당리 선유굴 위에 학문을 가르치기 위해 세운 정자이다 만곡 조술도는 학문과 후학양성에 힘을 기울였으며 시 문장 및 예의와 절차를 지키며 술을 마시는 향음주례(鄕飮酒禮)에 관한 의식 등을 수록한 『만곡문집』을 편찬하였다 이곳은 제자들이 주곡동으로 옮겨 짓고 ‘마운정’이라 하였다가 다시 지금 있는 자리로 옮기면서 만곡정사라 하였다 왼편 온돌방 뒤쪽의 수장공간 및 폐쇄형 마루 등 독특한 구조를 지니고 있으며 조선 후기 양식을 잘 간직하고 있다 소재지상세: 경북 영양군 일월면 주실1길 33 (주곡리)', 'score': 0.7782576192037134}, {'text_segment': '국가유산명_국문: 김정희선생유적 국가유산명_한자: 金正喜先生遺蹟 국가유산종목: 시도기념물 시도명: 충남 시군구명: 예산군 시대: NaN 내용: 조선 후기 학자인 추사 김정희(1786∼1856)의 유적으로 추사고택과 이 일대를 말한다 이곳에는 추사의 옛집을 비롯하여 화순옹주와 남편인 김한신의 합장무덤이 있고 그 옆으로 정조(재위 1776∼1800)가 내린 열녀정문 백송(천연기념물 제106호) 김정희의 무덤이 있다 김정희은 북학파인 박제가의 제자로서 중국 청나라 고증학의 영향을 받아 실사구시에 입각한 학문을 연구했다 24세 때에는 아버지를 따라 중국 청나라에 가서 고증학과 금석학·서체 등을 배웠으며 순조 16년(1816)에 북한산 진흥왕 순수비를 고증하여 밝혀 내었다 헌종 6년(1840)에 윤상도 옥사사건에 연루되어 제주도에 9년간 유배생활을 하면서 그동안 연구해 온 추사체를 완성하였다 유배생활에서 돌아와 아버지 무덤이 있는 과천에서 학문과 예술에 몰두하다가 생을 마쳤다 소재지상세: 충남 예산군 신암면 용궁리 799외 13필', 'score': 0.7619713013847251}, {'text_segment': '국가유산명_국문: 비인향교 국가유산명_한자: 庇仁鄕校 국가유산종목: 시도기념물 시도명: 충남 시군구명: 서천군 시대: NaN 내용: 향교는 공자와 여러 성현께 제사를 지내고 지방민의 교육과 교화를 위해 나라에서 세운 교육기관이다 비인향교를 세운 시기는 정확하게 알 수 없으나 전국적으로 향교가 설치되었던 조선 전기에 지은 것으로 전한다 그 뒤 여러 차례 고쳐 짓고 수리한 것으로 짐작하지만 자료는 전하지 않는다 건물은 정문인 외삼문 학문을 배우는 공간인 명륜당 내삼문 제사지내는 공간인 대성전 순으로 되어 있다 대성전은 앞면 3칸·옆면 3칸 규모이며 지붕은 옆면에서 볼 때 사람 인(人)자 모양인 맞배지붕이다 명륜당은 앞면 5칸·옆면 2칸으로 지붕은 옆면에서 볼 때 여덟 팔(八)자 모양인 팔작지붕으로 꾸몄다 소재지상세: 충남 서천군 비인면 비인로136번길 68 (성내리)', 'score': 0.7543826506055104}, {'text_segment': '국가유산명_국문: 함계정사 국가유산명_한자: 涵溪精舍 국가유산종목: 문화유산자료 시도명: 경북 시군구명: 영천시 시대: NaN 내용: 임진왜란 때 의병장이었던 정세아 선생의 자손인 정석달(1660∼1720)이 학문을 가르치기 위해 지은 건물이다 정석달은 조선 후기의 성리학자로 인품과 덕망이 높았다 병와 이형상 선생과 학문을 강론하며 일생을 보냈고 문집으로는 『가례고증』 등이 남아 있다 숙종 28년(1702)에 안락재라는 이름으로 세운 이 건물은 정조 3년(1779) 선생의 손자 일찬공이 고쳐 짓고 함계정사라 하였다 소재지상세: 경북 영천시 임고면 선원리 203-2번지', 'score': 0.7508970594054742}]",규장각
훈민정음 해례본은 무엇을 설명한 책인가요?,"[{'text_segment': '국가유산명_국문: 훈민정음 국가유산명_한자: 訓民正音 국가유산종목: 국보 시도명: 서울 시군구명: 성북구 시대: 조선 세종 28년(1446) 내용: 이 책은 새로 창제된 훈민정음을 왕의 명령으로 정인지 등 집현전 학사들이 중심이 되어 세종 28년(1446)에 만든 한문해설서이다 책이름을 글자이름인 훈민정음과 똑같이 ‘훈민정음’이라고도 하고 해례가 붙어 있어서 ‘훈민정음 해례본’또는 ‘훈민정음 원본’이라고도 한다 전권 33장 1책의 목판본이나 앞 2장은 1940년경에 복원된 부분이다 구성을 보면 총 33장 3부로 나누어 제1부는 훈민정음의 본문을 4장 7면으로 하여 면마다 7행 11자씩 제2부는 훈민정음해례를 26장 51면 3행으로 하여 면마다 8행 13자씩 제3부는 정인지의 서문을 3장 6면에 1자 내려싣고 그 끝에 ‘정통 11년’(1446)이라 명시하고 있다 『세종실록』에 의하면 훈민정음은 세종 25년(1443)에 왕이 직접 만들었으며 세종 28년(1446)에 반포한 것으로 되어있는데 이 책에서 서문과 함께 정인지가 근작(謹作)하였다는 해례를 비로소 알게 되었다 또한 한글의 제작원리도 확연하게 드러났다 소재지상세: 서울특별시 성북구 성북로 102-11 (성북동 간송미술관)', 'score': 0.6872571408748627}, {'text_segment': '국가유산명_국문: 각자장 국가유산명_한자: 刻字匠 국가유산종목: 시도무형유산 시도명: 강원 시군구명: 고성군 시대: NaN 내용: 각자장은 글자를 새기는 장인으로 각자 작품은 인쇄를 목적으로 하는 목판(木版)과 목활자(木活字) 건물에 거는 편액(扁額)·시판(詩板) 등 현판류(縣板) 등이 주종을 이루며 의걸이장과 책장 등 목가구에도 활용되는 등 그 쓰임새가 다양하였다 그러나 이러한 전통적인 각자문화는 근래에 이르러 사진술과 인쇄물의 발달로 인해 급속히 사라져 가고 있는 실정이므로 전통기술의 보존·계승을 위하여 무형유산으로 지정되었다 이창석은 1978년부터 각자를 해 온 장인으로 『월인석보(月印釋譜)』 권22 『훈민정음(訓民正音)』 해례본(解例本)과 언해본(諺解本) 『집왕성교서(集王聖敎書)』 등의 목판 전체를 복원하였을 뿐만 아니라 많은 목판들을 제작하였다 또한 철저한 분석과 고증을 통해 『동국정운(東國正韻)』 등 다수의 목활자를 복원하는 등 전통적인 각자 기능이 뛰어나 그의 우수한 제작기능을 보존·전승하기 위해 보유자로 인정하였다 소재지상세: 강원특별자치도 고성군', 'score': 0.6614411892835609}, {'text_segment': '국가유산명_국문: 불법총론 국가유산명_한자: NaN 국가유산종목: 문화유산자료 시도명: 경기 시군구명: 포천시 시대: NaN 내용: 불법총론은 단권으로 모두 101장의 닥종이에 궁체흘림으로 써 놓은 사본이다 한 면은 12행 한 행은 15~17자 형식이다 불법총론의 표제는 불법총론 서제와 내제는 불법총논  권수제는 불법총설이다 이책을 불교에 대한 일반적인 이론의 총괄 저작으로 본다면 총론 불교에 대한 전반적인 설명으로 본다면 총설이 적합해 보인다고 할 수 있다 그러나 저자나 필사자는 총론과 총설을 구분한 것으로 보이지는 않는다 군수제 다음 행에는 해동조선국천마산사문보일 이라는 저자표시가 있다 그러므로 이 책은 천마산의 어느 사찰에 머물던 승려 보일이 찬술한 것임을 알 수 있다 책의 말미에는 필사한 시기를 경진팔월기망이라고 적어 놓았다 경진년은 1880년(고종17)으로 추정되며 필사를 마친 시기는 그해 8월 16일이었다 그런데 당시 내용과 필사를 동시에 완료한 것인지 아니면 기존의 저작을 이때에 와서 필사한 것인지는 알기 어렵다 본문의 전개 형식은 불교에 대한 전반적인 것을 금강경 등 여러 경전과 고승들의 저작을 적절하게 인용하여 문답형식으로 해설해 놓았다 아직까지 동일한 내용의 사본이나 인본 심지어 유사한 저작이 공개되지 않았다는 점에서 개인이 소장할 의도로 만든 것으로 볼 수 있다 무엇보다도 순 한글로 된 불교개론서라는 점에서 큰 가치를 가진다 소재지상세: 경기도 포천시 호병골길 193 (신읍동)', 'score': 0.607072052435182}, {'text_segment': '국가유산명_국문: 구약전서 국가유산명_한자: 舊約全書 국가유산종목: 국가등록문화유산 시도명: 서울 시군구명: 서초구 시대: 1911년 내용: 『구약젼셔』 1질(2책)중에서 제1책은 대영성서공회 발행본이고 제2책은 미국성서공회 발행본이다 표제지에는 『구약젼셔』라는 서명의 왼쪽 아래에 “죠선 경셩 대영셩셔공회 발간” 그 뒷면 아래 부분에는 “BRITISH AND FOREIGN BIBLE SOCIETY”라는 발행자 표시가 있다 미국성서공회 발행본은 흑회색 표지이며 표제지에는 『구약젼셔』라는 서명의 왼쪽 아래에 “미국셩셔공회” 그 뒷면 아래 부분에는 “AMERICAN BIBLE SOCIETY”라는 발행자 표시가 있다 이렇게 두 본은 발행자는 다르게 표시되어 있지만 일본 요코하마의 후쿠인(福音) 인쇄합자회사에서 인쇄된 동일한 판본이다 당시 미국과 영국의 성서공회에서는 각각 10000부씩 발행한 것으로 알려져 있다 이들의 구분은 표제지(Title page) 왼쪽에 있는 발행처 표시와 표지 색이 다른 것을 제외하고는 동일하다 두 본의 판권기에는 조선 경성에 있었던 대영성서공회와 미국성서공회는 각각 민휴(閔休 H Miller)와 방거(房居 D A Bunker)를 발행자로 명기해 놓았다 한글로 발행된 최초의 구약전서로 우리나라 개신교사에서 중요한 위치를 차지한다고 할 수 있으며 나아가 당시 외국지명이나 인명의 한글 표기 등도 관련 분야의 연구에 도움을 줄 수 있다는 점에서 등록 가치가 있다 소재지상세: 서울특별시 서초구 남부순환로 2569 (서초동 대한성서공회빌딩)', 'score': 0.5863886615989811}, {'text_segment': '국가유산명_국문: 가곡원류 국가유산명_한자: 歌曲源流 국가유산종목: 시도유형문화유산 시도명: 서울 시군구명: 서초구 시대: 1876년 내용: 국립국악원본 &lt;가곡원류&gt;는 편찬자인 박효관으로부터 가곡을 직접 사사받은 하순일이 소장하던 가집이다 원 소장자의 사승 관계는 이 책이 원본이거나 적어도 원본과 동일하였으리라는 추정을 가능케 한다 무엇보다 박효관(편저자)로부터 하순일→하규일→이주환→국립국악원이라는 거장으로부터 거장으로 전해진 전승 계보로 미루어 국립국악원본 &lt;가곡원류&gt; 중에 표시되어 있는 연음표야말로 당대 가장 정통성이 있고 권위 있는 가객이 남긴 유음으로서 가곡의 가창 실태 파악에 최적의 정보가 되고 있다 조사대상 국립국악원소장본 &lt;가곡원류&gt;은 1책으로 비록 실사용의 흔적으로 인하여 훼손된 부분이 있지만 결락이 없이 당대 최고의 정통 가객에 의해 표시된 연음표가 온전히 보존되어있고 발문이 수록되어 있을 뿐만 아니라 후미에 어부사까지 첨가되어있어 전체적으로 온전하다 현재까지 알려진 여러 본의 『가곡원류』 가운데 이 조사대상본을 능가할 만한 조건을 갖춘 본이 없는 상황이고 최고의 가객이 남긴 연음표가 담긴 유일본이라는 점에서 반드시 보존되어야 할 소중한 자산이라 판단된다 소재지상세: 서울특별시 서초구', 'score': 0.5794439170054514}]",한글 창제의 원리와 사용법
발해를 건국한 인물은 누구인가요?,"[{'text_segment': '국가유산명_국문: 발해태조건국지·명림답부전 국가유산명_한자: 渤海太祖建國誌·明臨答夫傳 국가유산종목: 국가등록문화유산 시도명: 서울 시군구명: 서대문구 시대: NaN 내용: 『발해태조건국지』는 1925년 대한민국임시정부의 대통령을 맡기도 한 박은식(朴殷植 1859~1925)이 1911년에 서간도 환인현(桓仁縣) 홍도천에 있던 윤세복(尹世復)의 집에서 저술한 저작의 하나이다 그의 자는 성칠(聖七) 호는 백암(白庵) 겸곡(謙谷) 태백광노(太白狂奴) 무치생(無恥生)이고 이명(異名)은 인식(仁植) 기정(箕貞) 등이다 내용은 목차(서론 발해 이전의 고구려 말운 태조의 가계와 인격 고구려 유민의 생기 영웅의 은둔 활동시기 천문령의 대승첩 태조의 건국 발해의 강역 발해의 종교와 풍속 발해의 문학 태조의 외교 태조의 후손 결론)에서 보듯이 고구려 멸망 이후 대조영이 그 유민을 이끌고 발해를 건국한 과정과 영토 문물 종교 풍속 문학 외교 후손 등을 다루고 있다 합철된 『명림답부전』은 서론 끝의 “大皇祖降世四千三百六十八年(1911)九月日著者 識”와 같이 『발해태조건국지』보다 한 달 앞선 1911년 9월에 완성되었다 박은식이 상무적인 고구려의 많은 인물 중에서도 대표적인 애국충신으로 명림답부(67~179)를 선정하여 조국독립을 위하여 혈투하는 모습을 통하여 한국민의 애국심을 함양시키고자 저술한 전기이다 명림답부는 고구려 7대 차대왕을 제거하고 차대왕의 아우 백고를 신대왕으로 모신 인물이다 그는 고구려 최초의 국상이었고 뛰어난 지략으로 한나라 대군을 물리친 명장이기도 했다 박은식이 1911년 한국역사를 만주 중심으로 이해하면서 저술한 「발해태조건국지」와 「명림답부전」의 합철본인 「발해태조건국지‧명림답부전」은 일제강점기 민족주의 사가들의 고구려‧발해 인식을 가장 명료하게 보여주는 대표적 저술로 한국근대사학사와 한국독립운동사 분야에서 중요한 문헌이다 소재지상세: 서울특별시 서대문구 연세로 50 (신촌동 연세대학교) 박물관', 'score': 0.8954480290412903}, {'text_segment': '국가유산명_국문: 대한민국임시정부 건국강령 초안 국가유산명_한자: NaN 국가유산종목: 국가등록문화유산 시도명: 경기 시군구명: 고양시 시대: NaN 내용: 독립운동가이자 정치가인 조소앙(본명 조용은 1887～1958)이 ‘삼균주의(三均主義)’에 입각하여\r\n독립운동과 건국의 방침 등을 정리한 국한문혼용의 친필문서이다 조소앙은 임정(臨政)의 대표\r\n적 이론가이자 사상가로 임시정부 수립에 중심적 역할을 수행하고 광복 직후까지 주요한 지도\r\n자로 활동하였다 조소앙이 기초한 건국강령은 1941년 11월 28일 임시정부 국무회의에서 약간\r\n의 수정을 거쳐 원안대로 통과되었으며 1948년 제헌헌법의 기본적 바탕이 되었다 이 문서는\r\n대한민국임시정부가 광복 후 어떠한 국가를 세우려했는지를 밝혀주는 중요한 자료로 그가 고\r\n심하여 수정한 흔적 등이 그대로 남아있어 더욱 가치가 높다 조소앙은 광복 후 국회의원 등으\r\n로 활약하다 625전쟁 중 납북되었으며 1989년 ‘건국훈장 대한민국장’이 추서되었다 소재지상세: 경기도 고양시', 'score': 0.592190868329289}, {'text_segment': '국가유산명_국문: 서울 여운형 묘소 국가유산명_한자: 서울 呂運亨 墓所 국가유산종목: 국가등록문화유산 시도명: 서울 시군구명: 강북구 시대: 1947년 내용: 여운형선생은 일제강점기 중국 상해의 대한민국 임시정부 국내에서 조선중앙일보와 조선건국 동맹 등을 결성하여 항일독립운동과 자주독립국가 건설을 위해 노력한 독립운동가이자 언론인으로 활동한 독립운동의 공적을 인정받아 대한민국장을 수여받은 인물로 이 곳은 선생의 애국정신을 기릴 수 있는 역사적·교육적 가치가 큰 곳이다 소재지상세: 서울특별시 강북구 우이동 106-1', 'score': 0.5891686661604798}, {'text_segment': '국가유산명_국문: 서울 건국대학교 구 서북학회회관 국가유산명_한자: 서울 建國大學校 舊 西北學會會館 국가유산종목: 국가등록문화유산 시도명: 서울 시군구명: 광진구 시대: 1907 내용: ㅇ르네상스양식의 민족애국단체 회관으로 건립 건국대학교 교정안 해체복원(1985년)\r\nㅇ 건립당시에는 민족애국단체인 “서북학회”의 회관으로 종로구 낙원동에 세워졌던 건물이다 일제강점기에는 오성학교 보성전문학교 협성실업학교 등 민족계 학교의 교사로 사용되다가 1941년 건국대학교 설립자 유석창박사가 인수하였다 광복 후에는 이 건물에서 각종 정치단체와 교육기관들이 창설되기도 하였으며 1946년에 건국대학교의 모체인 조선정치학관이 창립되었다 그 후 건국대학교 법인 사무실 등으로 사용되었다 1977년 도시계획으로 철거해체되어 주요 자재를 현 건국대학교 캠퍼스(모진동)에 야적/보관하고 있다가 1985년 복원하여 학교건립자의 기념관 겸 박물관으로 사용하고 있다 \r\nㅇ 건립 때의 사진과 철거 전의 사진을 비교하면 건립 때부터 1977년 해체 때까지 적어도 지붕부분에 수리가 있었을 것으로 추측된다 그리고 현재 위치에 복원한 건물은 1977년 때의 모습을 기준으로 하였다 소재지상세: 서울 광진구 아차산로 263 (화양동)', 'score': 0.5669591708669891}, {'text_segment': '국가유산명_국문: 율리사 국가유산명_한자: 栗里祠 국가유산종목: 문화유산자료 시도명: 충남 시군구명: 서천군 시대: NaN 내용: 고려시대의 장군 신숭겸을 중심으로 평산 신씨 7인의 위패를 모신 사당으로 원래는 문중사당으로 세덕사라 불리웠다 신숭겸(？∼927)은 몸집이 크고 무예가 뛰어났으며 왕건을 도와 고려를 건국하는데 큰 공을 세웠다 고려 태조 10년(927) 대구 공산전투에서 후백제 견훤에게 포위당해 태조 왕건이 위급해지자 대신 왕건의 옷을 입고 싸워 전사한 인물이기도 하다 처음에는 조선 철종 1년(1850)에 세덕사를 지어 모셨고 흥선대원군의 서원철폐령으로 철거되었다가 1918년에는 율리사로 바꿔 다시 지었다 율리사는 앞면 3칸·옆면 1칸 건물이며 지붕은 옆면에서 볼 때 사람 인(人)자 모양을 한 맞배지붕이다 안에는 신숭겸 등 7인의 위패와 신숭겸 영정을 모시고 있다 그 외에 내삼문 강당 율리세덕사유허비 등이 남아 있다 소재지상세: 충남 서천군 비인면 율리 193번지', 'score': 0.5195994325632434}]",대조영
고려의 서희가 거란과의 외교 담판을 통해 획득한 지역은 어디인가요?,"[{'text_segment': '국가유산명_국문: 서희장군묘 국가유산명_한자: 徐熙將軍墓 국가유산종목: 시도기념물 시도명: 경기 시군구명: 여주시 시대: NaN 내용: 고려 초기의 외교가이자 문신인 장위공 서희(徐熙 942∼998)의 묘이다 973년(성종 12)에 거란이 80만대군을 이끌고 침입하여 압록강을 건너오자 거란의 장수 소손녕과 담판하여 고려가 고구려의 후계자임을 내세워 유혈의 전투 없이 거란군을 물러가게 했다 묘역은 부인과 함께 매장된 쌍분(雙墳 ; 두개의 봉분)의 형태이다 봉분은 커다란 직사각형태에 하단에 2단의 둘레석을 둘러 봉분을 보호하였다 묘역은 계단식으로 3단으로 나누고 계체석(階砌石 ; 묘역을 구분하는 편평하고 긴 경계석)으로 구분하였는데 고려의 묘제임을 보여주고 있다 양 봉분의 가운데에 묘표 1기를 설치하였는데 원수방부형(圓首方趺形 ; 둥근 머릿돌과 사각 받침돌의 비석 형태)이고 큰 해서체로 글씨를 썼다 장명등은 원래 각 상석 앞에 있었으나 정면 왼쪽 장명등을 도난당해 지금은 정면 오른쪽 장명등만 남아 있는 상태이다 잔존한 장명등은 머릿돌을 2개 얹은 상태인데 후대에 변형된 것이다 석인은 2쌍이 있는데 문석인과 무석인의 차례대로 배치하였다 문석인은 홀을 쥔 복두공복형(幞頭公服形 ; 머리에는 복두를 쓰고 공복을 입은 문신의 형태)이고 무석인은 긴 검을 손에 쥔 형상이다 무석인은 갑옷을 입지 않고 직령포를 입었는데 15세기 전기의 양식을 반영한 것이다 이 묘역은 고려시대의 묘제가 일부 남아 비교할 수 있다는 점에서 중요하다 소재지상세: 경기도 여주시 산북면 후리 산53-1번지', 'score': 0.8526915013790131}, {'text_segment': '국가유산명_국문: 주미조선공사관 관련 이상재 기록 국가유산명_한자: NaN 국가유산종목: 국가등록문화유산 시도명: 서울 시군구명: 종로구 시대: 1887~1889 내용: 「주미조선공사관 관련 이상재 기록」은 1888년 주미조선공사관에서 초대 공사 박정양을 수행했던 서기관 이상재(李商在 1850-1927)가 기록한 주요 외교문서의 필사본과 가족들에게 보낸 편지로 구성된다 먼저『미국공사왕복수록(美國公使往復隨錄)』은 미국정부와 직접 주고받은 문서 외교활동 참고사항을 담고 있다 그리고 『미국서간(美國書簡)』은 이상재가 가족들에게 보낸 편지를 묶은 것으로 집안일에 관련된 내용이지만 ‘미국 상황(민주주의 물가)’ ‘공관의 임대료’ ‘청나라로 인한 업무 수행의 어려움’ 등도 생생하게 보여준다 이 자료들은 조선이 서양국가 중 최초로 워싱턴에 개설한 공사관의 실상과 경인철도 부설 초기 자료 및 자주적인 외교 활동 노력 등을 확인할 수 있는 귀중한 가치를 지닌다 소재지상세: 서울특별시 종로구 효자로 12 (세종로 국립고궁박물관)', 'score': 0.5928050994691504}, {'text_segment': '국가유산명_국문: 한국광복군 총사령부 성립 전례식 서명문 국가유산명_한자: NaN 국가유산종목: 국가등록문화유산 시도명: 충남 시군구명: 천안시 시대: 1940년 내용: ‘한국광복군 총사령부 성립 전례식 서명문’은 1940년 9월 17일 중국 충칭의 가릉빈관에서 임시정부 주석이자 광복군창설위원회 위원장인 김구 주관하에 거행된 한국광복군 총사령부 성립 전례식 관련 유물이다 서명문은 전례식에 참석한 중국 측 인사 및 서방 외교사절 신문사 대표들이 서명한 원본 방명록으로 충칭 시기 대한민국임시정부와 한국광복군의 독립운동과 외교 활동 및 언론 창구를 확인할 수 있는 자료이다 소재지상세: 충청남도 천안시 동남구 독립기념관로 1 (목천읍 독립기념관)', 'score': 0.5771961550298721}, {'text_segment': '국가유산명_국문: 위열공김취려의묘 국가유산명_한자: 威烈公金就礪의墓 국가유산종목: 시도기념물 시도명: 울산 시군구명: 울주군 시대: NaN 내용: 김취려(~ 1234)는 언양현 사람으로 아버지인 김부는 예부시랑(禮部侍郞)을 지냈다 그는 1216년(고려 고종 3)부터 1219년(고종 6)까지 거란군의 여러 차례 공격을 물리쳐 나라를 어려움에서 구하였다 당시 13세기 동아시아의 정세는 몽골이 크게 흥기하고 있었으며 거란 역시 몽골의 공격을 받아 1216년 압록강을 건너 고려의 북방지역으로 밀려오게 되었다 이때 김취려는 대장군으로 조양진(평안남도 개천시 조양)에서 거란군을 물리쳤고 연주(평안북도 영변군)에서도 거란군의 포위를 돌파하였다 이에 거란군은 청새진(淸塞鎭: 평안북도 희천)을 넘어 퇴거하였다 이 전투에서 맏아들이 전사하였다 1217년 다시 내려온 거란군을 방어하고 1218년 병마사가 되어 서북면원수 조충(趙沖)과 함께 거란군을 강동성(江東城)으로 쫓아냈으며 이후 몽골군 및 동진국과 힘을 합쳐 강동성을 함락시켰다 이후 고려시대의 최고 관직인 문하시중(門下侍中)까지 올랐으며 위열공이라는 시호를 받았다 언양읍에 위치한 그의 묘는 최근에 만든 대리석 제단 석등 새 문무신상이 있다 묘비는 1670년(현종11) 후손인 김려와 언양현감이 세웠다 소재지상세: 울산 울주군 언양읍 송대리 산15번지', 'score': 0.5715451318947372}, {'text_segment': '국가유산명_국문: 제11회 베를린올림픽 마라톤 우승 유물 국가유산명_한자: 第十一回 베를린올림픽 마라톤 優勝 遺物 국가유산종목: 국가등록문화유산 시도명: 서울 시군구명: 중구 시대: 1936년 내용: 1936년 제11회 베를린올림픽 마라톤에서 우승한 손기정 선수가 받은 금메달우승상장 및 월계관이다 금메달은 앞면엔 ‘XI OLYMPIADE BERLIN 1936’이라고 명시되어 있고 승리의 여신 니케가 올리브관과 월계수 가지를 들고 있으며 뒷면에는 마라톤 영웅을 무등 태워 환호하는 시민들의 모습이 담겨있다 금메달과 함께 손기정 선수가 받은 마라톤 우승상장에는 ‘XI OLYMPIADE BERLIN 1936’과 베를린올림픽 주경기장의 모습이 새겨져 있으며 또한 월계관은 승리자를 존경하는 뜻으로 참나무잎으로 화환을 만들어 준 것이다 일제시대 한국인 최초로 올림픽 금메달을 획득한 손기정 옹의 유물로 체육사적 민족사적 가치가 있다 소재지상세: 서울특별시 중구 손기정로 101-00', 'score': 0.5585995458637203}]",강동 6주
"단군은 누구의 아들이며, 어떤 나라를 건국했나요?","[{'text_segment': '국가유산명_국문: 부여천진전단군화상 국가유산명_한자: 扶餘天眞殿檀君畵像 국가유산종목: 문화유산자료 시도명: 충남 시군구명: 부여군 시대: NaN 내용: 개국신화의 주인공인 단군 왕검의 초상화이다 우리나라 개국신화는 그 내용이 약간씩 다르지만『삼국유사』와『제왕운기』에 전해지고 있는 내용을 보면 다음과 같다 “환웅이 아버지인 환인의 허락을 받아 하늘에서 내려와 태백산에 살기 좋은 인간세상을 건설하고자 하였다 그 후 곰이 변한 웅녀와 혼인하여 인간인 왕검을 낳았다 그는 평양에 도읍을 정하고 나라이름을 조선이라 하고 1908년의 수를 누린 끝에 아사달산의 산신이 되었다 ” 단군 왕검의 초상화는 전국 각지에 모셔두고 있지만 형태가 모두 다르다 전설에 의하면 신라의 화가인 솔거가 꿈속에서 단군을 만나 친필을 전해 받았다고 하고 황해도 구월산에 있는 사당에 환인·환웅·왕검의 초상화가 있다고 하나 확인되지는 않는다 이 그림은 가로 34㎝ 세로 53㎝ 크기의 전신상으로 1920년 대에 그려 놓은 것으로 추정된다 다른 초상화에 비해 크기가 작은 편이며 중국산 인조비단에 전신을 엷게 채색하여 그렸다 대종교의 신도였던 항일운동가 강우가 황해도에서 이 그림을 가져와 그의 아들에게 물려주었으며 지금은 국립부여박물관에서 보관중이다 소재지상세: 충남 부여군 부여읍 동남리 산16번지 국립부여박물관', 'score': 0.8409034907817841}, {'text_segment': '국가유산명_국문: 동국사략 국가유산명_한자: 東國史略 국가유산종목: 문화유산자료 시도명: 대전 시군구명: 유성구 시대: 1403(태종3) 내용: 『東國史略』은 여러 종류의 문헌이 전해지고 있다 태종대 권근의 『동국사략』 이우(李堣 : 1469~1517)의 『동국사략』 박상(朴祥 : 1474~1530)의 『동국사략』 유희령(柳希齡 : 1480~1552)의 『동국사략』 민제인(閔齊仁 : 1493~1549)의 『동국사략』 등이 있다 이중에서 권근이 찬술한 『동국사략』은 단군에서 신라말까지만 서술한 것이다 나머지 이본들은 단군에서 고려말까지 서술되어 있다 그런데 본서는 6권 2책본으로 그 내용이 단군에서 고려말까지 서술된 내용이기 때문에 권근이 편찬한 『동국사략』이 아닌 것으로 보인다 즉 본서는 선초 눌재(訥齋) 박상(1474~1530)이 6권 2책으로 편찬한 『동국사략』이다 조선 초 권근(權近)이 편찬한 『동국사략』과 이름이 같아 한 때 권근의 저서로 잘못 알려져 왔던 것이다 『대동야승(大東野乘)』의 임보신(任輔臣)이 쓴 「병진정사록(丙辰丁巳錄)」에 박상이 『동국사략』을 찬술하였으며 고려사까지 다루고 있다는 기록 김휴(金烋)의 『해동문헌총록(海東文獻總錄)』에 6권으로 고려사까지 기술되고 있다는 기록 이인영(李仁榮)의 『청분실서목(淸芬室書目)』에 현존하는 6권의 책이 눌재 박상이 찬한 것이라는 기록 등을 통해 박상이 편찬했다는 사실을 알 수 있다 본서의 편찬연대는 밝혀져 있지 않으나 16세기 초반으로 추정된다 1권에서는 단군조선부터 고구려 멸망까지 2권에서는 문무왕 9년 이후 신라 역사 3권에서 6권까지는 고려시대의 역사를 기술하고 있다 고대사에서는 본기사로서 단군조선을 비롯하여 기자조선 위만조선 삼한의 역사를 두루 기술하였고 삼국의 역사를 개략적으로 소개하고 있다 자연 현상과 관련된 기록은 생략하였으며 유교적인 기준에서 열전에 오른 인물에 대한 행적은 빠짐없이 기술하였다 고려시대의 역사는 사건의 기사 앞에 각 왕의 연대를 표기하였으며 조선 건국에 반대하고 고려 왕조에 절의를 지킨 인물들을 칭송하고 긍정적으로 평가하였다 그리고 조선 건국에 공을 세운 정도전은 오히려 폄하하는 등 조선 중기 사림파의 역사인식을 보여주고 있다 소재지상세: 대전광역시 유성구 도안대로 398 (상대동 대전시립박물관)', 'score': 0.7630956669938813}, {'text_segment': '국가유산명_국문: 옥구향교대성전 국가유산명_한자: 沃溝鄕校大成殿 국가유산종목: 문화유산자료 시도명: 전북 시군구명: 군산시 시대: NaN 내용: 향교는 공자와 여러 성현들께 제사를 지내고 지방민의 교육과 교화를 위해 나라에서 세운 교육기관이다 옥구향교는 조선 태종 3년(1403) 이곡리에 처음 지었고 인조 24년(1646)에 지금 있는 자리로 옮겼다 대성전의 규모는 앞면 3칸·옆면 2칸이며 지붕은 옆면에서 볼 때 사람 인(人)자 모양인 맞배지붕이다 안쪽에는 공자를 비롯한 그 제자와 우리나라 성현들의 위패를 모시고 있다 조선시대에는 나라에서 토지와 노비·책 등을 지원받아 학생을 가르쳤으나 지금은 교육 기능은 없어지고 제사 기능만 남아 있다 옥구향교의 특색은 단군에게 제사지내는 단군묘와 최치원의 영정을 모신 문창서원 세종대왕 숭모비(崇慕碑)와 비각이 있다는 점이다 소재지상세: 전북 군산시 옥구읍 광월길 33-50 (상평리)', 'score': 0.7043780323684277}, {'text_segment': '국가유산명_국문: 조앙사소장묘법연화경 권제1 권1-7 국가유산명_한자: 祖仰寺所藏妙法蓮華經 券第1 券1-7 국가유산종목: 시도유형문화유산 시도명: 전북 시군구명: 김제시 시대: 1609년 1650년경 내용: 묘법연화경은 줄여서 법화경이라고도 부르는데 우리나라 천태종의 근본경전으로 부처가 되는 길이 누구에게나 열려 있음을 기본사상으로 하고 있다 화엄경과 함께 우리나라 불교사상의 확립에 가장 크게 영향을 끼쳤으며 삼국시대이래 가장 많이 유통된 불교경전이다 묘법연화경 권1-7 영각사 중각본은 반곽 233×178cm 전곽 307×199cm 로서 간기를 통해 볼 때 영각사에서 1539년에 중각한 것으로서 7권 28품의 완질이 전하고 있으며 제1권의 변상도와 제7권에 증각에 대한 연기가 기록되어 있다 그러나 이 묘법연화경은 실제로는 1650년경에 다시 인쇄한 것으로 보이는데 각 권 첫장은 이후에 다시 찍어 보완한 것이다 묘법연화경 권1 귀신사 개간본 1책은 1609년 귀신사에서 간행한 목판본으로서 변상도 등의 선명한 표현과 연기문의 내용 및 간기 등이 명확하게 기록되어 있다 김제 귀신사는 1700년대까지 상당한 불경을 찍어낸 곳으로 알려져 있다 이 외에도 조왕사에는 언문번역 법화경 상․하 단군영정 진묵대화상진영 부인회명부 권왕문 권선문 등 많은 수의 불서와 회화 고문서가 소장되어 있으나 모두 1900년 이후에 조성된 것이다 소재지상세: 전북특별자치도 김제시', 'score': 0.661141085019477}, {'text_segment': '국가유산명_국문: 대한민국임시정부 건국강령 초안 국가유산명_한자: NaN 국가유산종목: 국가등록문화유산 시도명: 경기 시군구명: 고양시 시대: NaN 내용: 독립운동가이자 정치가인 조소앙(본명 조용은 1887～1958)이 ‘삼균주의(三均主義)’에 입각하여\r\n독립운동과 건국의 방침 등을 정리한 국한문혼용의 친필문서이다 조소앙은 임정(臨政)의 대표\r\n적 이론가이자 사상가로 임시정부 수립에 중심적 역할을 수행하고 광복 직후까지 주요한 지도\r\n자로 활동하였다 조소앙이 기초한 건국강령은 1941년 11월 28일 임시정부 국무회의에서 약간\r\n의 수정을 거쳐 원안대로 통과되었으며 1948년 제헌헌법의 기본적 바탕이 되었다 이 문서는\r\n대한민국임시정부가 광복 후 어떠한 국가를 세우려했는지를 밝혀주는 중요한 자료로 그가 고\r\n심하여 수정한 흔적 등이 그대로 남아있어 더욱 가치가 높다 조소앙은 광복 후 국회의원 등으\r\n로 활약하다 625전쟁 중 납북되었으며 1989년 ‘건국훈장 대한민국장’이 추서되었다 소재지상세: 경기도 고양시', 'score': 0.646454079708577}]","하늘의 신 환웅의 아들, 고조선"
통일신라의 장보고가 근거지로 삼았던 곳은 어디인가요?,"[{'text_segment': '국가유산명_국문: 완도법화사지 국가유산명_한자: 莞島法華寺地 국가유산종목: 시도기념물 시도명: 전남 시군구명: 완도군 시대: 통일신라시대 내용: 장도 청해진으로부터 서북쪽으로 약 2㎞ 떨어진 상왕산 아래에 있는 법화사터이다 법화사는 주민들에 의해 전해진 구전내용과 문헌기록으로 미루어 보아 통일신라 말 장보고(∼846)가 지은 절로 그의 해상활동과 긴밀한 관련이 있었던 것으로 추정된다 당시 이 절은 신라 문화의 해외진출과 함께 입당한 구법승들의 중간휴식처 구실을 했으며 중국 당나라에서 일본에 파견된 사절단들의 영빈관 구실도 겸했다고 한다 또 중국의 산동성 적산촌에 있는 법화원과도 서로 교류가 되었던 곳이다 법화원 역시 통일신라의 절로 장보고가 지었다고 하며 이곳에 우리나라 승려는 물론 특히 일본승려들이 머물면서 많은 도움을 받았다 한다 법화사터는 현재 논과 밭으로 경작되고 있으며 주위에서는 기와조각이 많이 발견되고 있다 소재지상세: 전남 완도군 완도읍 장좌리 461번지', 'score': 0.8248372375965118}, {'text_segment': '국가유산명_국문: 완도 청해진 유적 국가유산명_한자: 莞島 淸海鎭 遺蹟 국가유산종목: 사적 시도명: 전남 시군구명: 완도군 시대: 신라시대 내용: 청해진은 신라 흥덕왕 3년(828) 장보고가 설치한 해군기지이자 무역기지로 전라남도 완도 앞바다의 작은섬인 장도에 있다 당시 이곳은 신라와 당 일본을 잇는 해상무역의 중요한 길목이었다 장보고(∼846)는 평민 출신으로 당나라에 건너가 장군이 되었으나 해적들이 신라사람들을 노예로 삼는 것에 분개하여 신라에 돌아와 왕의 허락을 받고 828년 청해진을 설치하였다 청해진은 국제무역의 중심지로 동아시아 무역을 독점하여 번영을 누리며 큰 세력으로 성장하였다 이후 장보고는 왕위계승과 관련된 권력다툼에 휘말려 자객 염장에 의해 846년 암살당하였고 문성왕 13년(851)에 청해진은 폐쇄되었다 장도는 섬 전체가 계단식 성의 흔적이 남아있다 앞바다를 제외한 주변바다는 수심이 얕아 방어용 목책을 박아 외부접근을 막도록 만들었다 성터 안에는 토기와 기와조각이 발견되고 있고 인근에 장보고가 지었다는 법화사터가 남아있다 청해진은 신라 후기 장보고가 서남해안의 해적을 소탕하고 중국의 산동지방과 일본을 연결한 해상 교역로의 본거지로서 중요한 역사적 유적이다 <br/><b>※(청해진유적 → 완도 청해진 유적)으로 명칭변경 되었습니다(20110728 고시) </b> 소재지상세: 전남 완도군 완도읍 장좌리 734번지', 'score': 0.7455404687595955}, {'text_segment': '국가유산명_국문: 양산 증산리 왜성 국가유산명_한자: 勿禁甑山里倭城 국가유산종목: 문화유산자료 시도명: 경남 시군구명: 양산시 시대: 임진왜란 시기 축조된 왜성 내용: 경상남도 양산시 물금읍 물금리에 있는 산성으로 임진왜란 때 왜장 다데마사무네가 쌓았다고 한다 산의 정상을 깎고 큰 돌을 이용해 산성을 쌓아 근거지로 삼았다 지형에 따라 동쪽과 서쪽의 2곳에 성을 쌓고 양쪽으로 통할 수 있도록 한 것이 특이하다 소재지상세: 경상남도 양산시 물금읍 증산리 산 15', 'score': 0.71451075723863}, {'text_segment': '국가유산명_국문: 포항 고석사 석조여래의좌상 국가유산명_한자: 浦項 古石寺 石造如來倚坐像 국가유산종목: 문화유산자료 시도명: 경북 시군구명: 포항시 시대: 통일신라시대 내용: 이 불상은 높이 281cm 폭 250cm 가량의 암괴에 고부조(高浮彫)로 새겨진 석조여래불상으로 암면의 턱을 의자삼아 앉아 두 다리를 내려 뻗은 의좌(倚坐) 형식이다 얼굴과 발목 이하의 부위는 심각하게 파손되었지만 목에서부터 다리까지는 비교적 원형이 잘 보존되어 있다 어깨가 넓고 당당한 체형을 하고 있으며 얇은 옷을 통하여 신체의 양감이 잘 드러나 있다 전반적인 표현 양식으로 보아 신라시대 8~9세기의 양식적 특징을 보인다 이 불상은 삼국시대와 고려시대에 조성된 2건의 사례 이외에 통일신라시대에 조성되어 현존하는 유일한 의좌상(倚坐像)이라는 점에서 신라 조각사 연구에 중요한 자료로 판단된다 소재지상세: 경상북도 포항시 남구 장기면 방산리 888', 'score': 0.6607506397809964}, {'text_segment': '국가유산명_국문: 김양묘 국가유산명_한자: 金陽墓 국가유산종목: 시도기념물 시도명: 경북 시군구명: 경주시 시대: NaN 내용: 경주시 서악동에 있는 신라의 왕족 김양(808∼857)의 묘이다 태종 무열왕의 9대손으로 흥덕왕 3년(828)에 고성 태수가 되었고 무주 도독을 지냈다 가는 곳마다 많은 공적을 남겨 명성이 높았다고 한다 830년에 장보고와 함께 민애왕을 죽이고 우징(신무왕)을 왕으로 추대하여 모셨으며 신무왕이 일찍 죽자 뒤를 이은 문성왕을 다시 모셨다 문성왕 19년(857)에 나이 50세로 죽자 그에게 대각간(大角干)의 벼슬을 내리고 태종 무열왕의 릉(陵) 서열에 따라 그 곳에 같이 모셨다 특별한 시설 없는 비교적 큰 무덤이며 흙으로 높게 쌓아 올린 원형봉토분이다 소재지상세: 경북 경주시 서악동 1006-1번지', 'score': 0.640731818074787}]",청해진
고려의 태조 왕건이 물리친 두 나라는 무엇인가요?,"[{'text_segment': '국가유산명_국문: 율리사 국가유산명_한자: 栗里祠 국가유산종목: 문화유산자료 시도명: 충남 시군구명: 서천군 시대: NaN 내용: 고려시대의 장군 신숭겸을 중심으로 평산 신씨 7인의 위패를 모신 사당으로 원래는 문중사당으로 세덕사라 불리웠다 신숭겸(？∼927)은 몸집이 크고 무예가 뛰어났으며 왕건을 도와 고려를 건국하는데 큰 공을 세웠다 고려 태조 10년(927) 대구 공산전투에서 후백제 견훤에게 포위당해 태조 왕건이 위급해지자 대신 왕건의 옷을 입고 싸워 전사한 인물이기도 하다 처음에는 조선 철종 1년(1850)에 세덕사를 지어 모셨고 흥선대원군의 서원철폐령으로 철거되었다가 1918년에는 율리사로 바꿔 다시 지었다 율리사는 앞면 3칸·옆면 1칸 건물이며 지붕은 옆면에서 볼 때 사람 인(人)자 모양을 한 맞배지붕이다 안에는 신숭겸 등 7인의 위패와 신숭겸 영정을 모시고 있다 그 외에 내삼문 강당 율리세덕사유허비 등이 남아 있다 소재지상세: 충남 서천군 비인면 율리 193번지', 'score': 0.8825200498104095}, {'text_segment': '국가유산명_국문: 삼중대광사도광리군 목상 국가유산명_한자: 三重大匡司徒廣理君 木像 국가유산종목: 문화유산자료 시도명: 경남 시군구명: 밀양시 시대: NaN 내용: 고려 태조 왕건을 도와 후백제를 평정하는데 공을 세운 밀양손씨의 입향조이자 중시조인 손긍훈(孫兢薰)의 목상이다 손긍훈은 고려 건국공신으로 태조 왕건을 도와 후백제 견훤의 아들인 신검을 황산전투에서 사조잡은 공로로 좌명공신에 선정되고 광리군에 봉해졌으며 그가 죽은 후에 삼중대광사도에 추증되었다 1894년 갑오경정 이후 관향이 폐지되자 후손들이 춘복재의 현충사로 이봉하여 모셨으며 현재는 밀양시립박물관에 보관 중이다 목상은 붉은 관복을 입고 오른손에 긴 칼을 들고서 의자에 앉은 무인의 모습을 나무로 깎아 만들었는데 매서운 눈과 큰 키로 보아 힘찬 호령을 하는 듯한 표정을 하고 있다 이 상(像)은 원래 소상(塑像)이었다고 하나 목상으로 바뀐 시기는 구체적으로 알 수 없다 소재지상세: 경상남도 밀양시 밀양대공원로 100 (교동 밀양시립박물관독립운동기념관)', 'score': 0.813190099586556}, {'text_segment': '국가유산명_국문: 나주완사천 국가유산명_한자: 羅州浣紗泉 국가유산종목: 시도기념물 시도명: 전남 시군구명: 나주시 시대: NaN 내용: 나주시청 앞쪽의 300여m 국도변에 있는 샘물이다 고려 태조 왕건과 장화왕후 오씨부인이 인연을 맺은 장소로 이 샘을 빨래샘 즉 ‘완사천(浣紗泉)’이라 부르고 있다 전하는 말에 의하면 왕건이 고려를 건국하기 전 나주에 10년간 머무르게 되었는데 어느날 진 위쪽 산 아래에 다섯가지 색의 상서로운 구름이 있어 가보니 샘에서 아리따운 여인이 빨래를 하고 있었다 왕건이 물 한그릇을 청하자 여인이 버들잎을 띄워 주었는데 급히 물을 마시지 않게 하기 위함이었다 한다 왕건은 여인의 총명함과 미모에 끌려 그녀를 아내로 맞이하였는데 그 분이 장화왕후 오씨부인이고 그 분의 몸에서 태어난 아들 무(武)가 제 2대 왕 혜종이 되었다 1986년에 새로 정비하였고 그 뒤 현재의 모습으로 남아있다 소재지상세: 전남 나주시 송월동 1096-7번지', 'score': 0.812994838049832}, {'text_segment': '국가유산명_국문: 밀양 경덕단 국가유산명_한자: 密陽 景德壇 국가유산종목: 문화유산자료 시도명: 경남 시군구명: 밀양시 시대: NaN 내용: 경덕단은 신라 제55대 왕이었던 경명왕의 팔대군중 장자로서 왕통을 불사하고 밀성군에 책봉된 밀성대군 박언침과 신라말 태조 왕건을 도와 고려를 건국하는데 크게 공훈을 세운 삼중대광삼한벽공도대장군 박욱 그리고 고려 개국공신 요동독포사 박란 등 삼세의 묘소가 세대가 요원하여 무전함으로 후손 시독 박해철이 1927년에 후손들의 종의를 모아 건립한 단비이다 소재지상세: 경남 밀양시 무안면 무안리 854번지', 'score': 0.7690484678405585}, {'text_segment': '국가유산명_국문: 용산재및덕양사 국가유산명_한자: 龍山齋및德陽祠 국가유산종목: 시도기념물 시도명: 전남 시군구명: 곡성군 시대: NaN 내용: 고려의 개국 공신 신숭겸(∼927)의 탄생지를 중심으로 이루어진 장군의 유적이다 신숭겸은 왕건을 도와 궁예를 몰아내고 고려를 건국하는데 큰 공을 세워 개국 일등공신이 되었다 고려 태조가 즉위한 몇 년 뒤 후백제의 견훤은 신라를 공격하였다 이에 크게 분개한 태조는 군사를 거느리고 나가 싸웠으나 후백제군에 포위되어 위급하게 되었다 이 때 신숭겸이 태조를 구하고 후백제군과 싸우다 전사하였다 이 유적지에는 제사를 모시는 용산재와 구룡문 유허비 유허단 및 비각이 있으며 해마다 9월 중에 제사를 지낸다 소재지상세: 전남 곡성군 오곡면 덕양서원길 42 목사동면 구룡리 180 (덕산리)', 'score': 0.7659589371012963}]",후백제와 후고구려
조선의 세종대왕이 편찬하여 음악을 체계화한 책은 무엇인가요?,"[{'text_segment': '국가유산명_국문: 이왕직 아악부 오선악보 국가유산명_한자: NaN 국가유산종목: 국가등록문화유산 시도명: 서울 시군구명: 서초구 시대: 일제강점기 내용: ○ 「이왕직 아악부 정간보」는 1920∼1930년대 이왕직 아악부에서 연주되던 주요 악기들의 파트별 악보로 구전으로 전승되던 조선시대 궁중음악을 악기별로 편찬하였으며 거문고 가야금 피리 대금 해금 아쟁 당적(소금) 편종 편경 등 궁중음악에 연주하는 악기별로 연주 악곡과 곡 구성 장단 구성 악곡별 악기편성 선율 등을 구체적으로 파악할 수 있음 제례악을 제외한 궁중음악 연주곡 전반을 포괄하고 있으며 조선시대 기보법과 현대 기보법의 변화 과정을 보여주는 면에서 음악사적 가치가 높다 소재지상세: 서울특별시 서초구 남부순환로 2364 (서초동 국립국악원)', 'score': 0.7404232929062836}, {'text_segment': '국가유산명_국문: 이왕직 아악부 정간보 국가유산명_한자: NaN 국가유산종목: 국가등록문화유산 시도명: 서울 시군구명: 서초구 시대: 일제강점기 내용: ○ 「이왕직 아악부 정간보」는 1920∼1930년대 이왕직 아악부에서 연주되던 주요 악기들의 파트별 악보로 구전으로 전승되던 조선시대 궁중음악을 악기별로 편찬하였으며 거문고 가야금 피리 대금 해금 아쟁 당적(소금) 편종 편경 등 궁중음악에 연주하는 악기별로 연주 악곡과 곡 구성 장단 구성 악곡별 악기편성 선율 등을 구체적으로 파악할 수 있음 제례악을 제외한 궁중음악 연주곡 전반을 포괄하고 있으며 조선시대 기보법과 현대 기보법의 변화 과정을 보여주는 면에서 음악사적 가치가 높다 소재지상세: 서울특별시 서초구 남부순환로 2364 (서초동 국립국악원)', 'score': 0.73916854385524}, {'text_segment': '국가유산명_국문: 속자치통감강목 권7 국가유산명_한자: 續資治通鑑綱目 卷7 국가유산종목: 시도유형문화유산 시도명: 서울 시군구명: 동대문구 시대: 조선시대 내용: 남송의 주희가 북송의 사마광이 편찬한 『資治通鑑』을 저본으로 59권으로 편찬한 강목체 史書 책의 분량은 1책 영본으로 총 27권 가운데 권7 1책만 남아있으며 初鑄甲寅字로 간행됨 간기를 확인할 수 없어 명확한 인쇄시기를 판단하기 어려우나 동일한 판본인 보물 김성일종가전적의 내사기 인쇄상태 판식 등으로 판단하여 1503년 5월 이전에 인쇄되었을 것으로 여겨짐 지정 대상본은 1책만 남은 영본이지만 중국 명나라로 부터 『續資治通鑑綱目』이 유입된 초기모습을 보여주는 자료로 의미가 있으며 동일한 시점에 간행된 판본이 매우 드물게 남아있으므로 시유형문화유산으로 지정하여 보존할만한 가치가 있을 것으로 판단됨 소재지상세: 서울특별시 동대문구 회기로 56 (청량리동 세종대왕기념관)', 'score': 0.715405714958923}, {'text_segment': '국가유산명_국문: 자치통감강목 권11 국가유산명_한자: 資治通鑑綱目 卷11 국가유산종목: 시도유형문화유산 시도명: 서울 시군구명: 동대문구 시대: 조선시대 내용: 『자치통감강목(자치통감강목)』은 남송의 주희가 북송의 사마광이 편찬한 『자치통감(資治通鑑)』을 저본으로 편찬한 강목체 사서(史書)이다 『춘추(春秋)』의 체재에 따라 사실(史實)에 관하여 큰 제목으로 강(綱)을 세우고 그 사실의 기록을 목(目)으로 구별하여 편찬한 책이며 주자학의 전래와 함께 조선조에서도 『자치통감강목』이 중시되어 조선시대 초기에만도 수차례 간행되었다 『자치통감』은 본래 294권의 거질로 주나라 威烈王이 晉 三卿 韓·魏·趙氏을 제후로 인정한 BC 403년부터 五代 後周 世宗까지인 960년에 이르기까지 1362년간의 역사를 1년의 단위로 묶어서 편찬한 것이다 세종 20년(1438)에 병진자와 초주갑인자로 간행한 책이다 인쇄상태나 글자의 판각이 비교적 정교한 편이며 이 병진자본 계통의 판본은 매우 드물게 남아있다 책의 분량은 1책 영본으로 내용은 卷11의 中卷이다 본래 상·중·하권이 권11의 내용이지만 조사대상본은 분리되어 중권만 남은 것이다 그리고 분철하여 각 장을 배접하였고 본래의 상태로 제책하지 않고 펼친 상태로 모아서 묶었다 판식의 변란은 사주단변이고 반곽의 크기는 세로 267㎝ 가로 178㎝ 이며 본문은 대자 5行 12字 中字 10行 18字 책의 크기는 세로 337㎝ 가로 208㎝ 이다 지질은 저지이며 표지의 장정은 후대의 장황으로 오침안(五針眼)의 선장(線裝)이다 본문 중에 일부 결락이 있다 판심의 어미는 上下下向黑魚尾이고 판심제는 ‘綱目’이다 표지 다음에 공격지 없이 권11 중권의 본문이 시작된다 간기를 확인할 수 없어 명확한 인쇄시기를 판단하기 어려우나 병진자의 사용 인쇄상태 판식 사정전훈의 『자치통감강목』이 1436년 7월 29일부터 1438년 11월 사이에 편찬·간행되었다는 기록 등으로 판단해보면 1438년 11월 이전에 인쇄되었을 것으로 여겨진다 소재지상세: 서울특별시 동대문구 회기로 56 (청량리동 세종대왕기념관)', 'score': 0.6886900061458958}, {'text_segment': '국가유산명_국문: 영동 박연 묘소 국가유산명_한자: 永同 朴堧 墓所 국가유산종목: 시도기념물 시도명: 충북 시군구명: 영동군 시대: NaN 내용: 조선시대의 대표적인 음악가 박연(1378∼1458) 선생의 묘이다 자는 탄부(坦夫) 호는 난계(蘭溪) 시호는 문헌(文獻)이며 고구려 왕산악 신라의 우륵과 더불어 우리나라 3대 악성으로 불린다 태종 11년(1411) 문과에 급제하여 집현전 교리가 되었고 세종이 즉위한 뒤 악학별좌에 올라 음악을 정비하는데 많은 노력을 기울였다 조율의 필요와 악보 편찬의 중요성을 상소하여 수많은 악기와 악보를 만들어냈으며 조선 초기의 궁중음악을 정리하여 국가의 음악 체제를 세우는데 많은 기여를 하였다 봉분의 오른쪽에는 묘비가 세워져 있으며 왼쪽에는 멀리에서도 묘가 있음을 알게 하는 망주석(望柱石)이 있다 소재지상세: 충북 영동군 심천면 고당리 산49-1번지', 'score': 0.676329650053263}]",악학궤범
정조가 수원 화성을 축조한 목적은 무엇인가요?,"[{'text_segment': '국가유산명_국문: 수원축만제 국가유산명_한자: 水原祝萬提 국가유산종목: 시도기념물 시도명: 경기 시군구명: 수원시 시대: NaN 내용: 수원시 팔달구 화서동에 있다 화성부 서쪽에 축조된 수리시설로 수원 화성의 서쪽에 있다 하여 서호(西湖)라고도 불린다 정조가 화성을 쌓으면서 1795년(정조 23)에 내탕금 3만냥을 들여 축조한 관개저수지다 축만제는 천년만년 만석의 생산을 축원한다는 뜻을 가지고 있다 제방 양쪽 끝에 두 개의 수문이 설치되어 있는데 이는 축만제에 가두어둔 물을 활용하기 위한 장치였다 국가적으로 중요한 제방이었으므로 제언 관리를 위하여 감관 1명 감고 1명이 배치되어 있었다 축만제 아래쪽에 설치한 축만제 둔전은 총 규모가 답 83석 15두 4승락에 달했다 정조는 즉위한 이후 농업기술과 농업환경 개선의 핵심은 수리시설이라고 파악했다 그리하여 화성을 축성하면서  주변에 만석거 만년제 축만제 등을 쌓았다 여러 제언이 축조된 후 물이 관리되자 버려졌던 땅들이 비옥한 전토로 바뀌었다 축만제는 조선후기 농업수리 역사에서 중요한 위치를 점하고 있다 소재지상세: 수원시 팔달구 화서동 436-1 외', 'score': 0.8530067503452301}, {'text_segment': '국가유산명_국문: 채제공 관련 고문서 일괄 국가유산명_한자: 蔡濟恭 關聯 古文書 一括 국가유산종목: 시도유형문화유산 시도명: 경기 시군구명: 수원시 시대: NaN 내용: 정조시대의 대표적인 재상(宰相)으로서 초대 화성유수(華城留守)를 지낸 번암 채제공(蔡濟恭 1720~1799) 관련 고문서다 총 48종 60점으로 정조가 직접 작성하여 내려준 문서와 어찰(御札) 채제공이 화성유수와 장용외사(壯勇外使)를 지내며 받은 공문서 주변 인물과 주고받은 편지들이다 정조의 친필 편지 수원화성 축성을 감독하는 신하들에게 내린 윤음(綸音) 수원부의 무사들에게 활쏘기 시험을 시행한 후 시상자와 포상 내역을 기록한 무사시취방(武士試取榜) 등의 고문서 자료를 통해 정조의 국정 운영 모습을 살펴볼 수 있다 아울러 정조가 신임한 초대 화성유수 채제공의 실제 활동을 확인할 수 있어 정조의 사상과 조선후기 수원화성의 전반적인 이해를 위한 중요자료로 평가된다 소재지상세: 경기도 수원시 팔달구 창룡대로 21 (매향동 수원화성박물관)', 'score': 0.7824593089623239}, {'text_segment': '국가유산명_국문: 만년제 국가유산명_한자: 滿年堤 국가유산종목: 시도기념물 시도명: 경기 시군구명: 화성시 시대: 조선 1797년 내용: 조선 정조(재위 1776∼1800))는 아버지인 사도세자의 묘를 양주 배봉산에서 수원의 화산 아래로 옮기면서 기존의 수원읍을 현재의 팔달산 아래로 옮겨 새 도시를 조성하였다 새로 이주한 주민들의 안정을 위해 성곽을 쌓을 것을 계획하고 수원의 이름을 화성으로 바꾸었다 정조는 새 도시 경영을 위한 경제적 기반 확보와 백성들의 생활안정을 목적으로 둔전(각 궁과 관아에 딸렸던 밭)을 설치하였다 또한 농사를 위한 관개 용수와 제방 쌓는 일 상권에 대한 보호 나무를 심는 식수사업 등 갖가지 정책적인 배려를 베풀었다 정조 21년(1797)에 세운 만년제는 사도세자의 능인 화산 현륭원 바로 아래에 자리잡고 있다 수원시 서둔(西屯) 서호(西湖) 등의 시설과 함께 만년제는 정조 당시의 권농정책을 보여 주는 중요한 사적이다 소재지상세: 경기 화성시 효행로 636 (안녕동)', 'score': 0.7756973075413862}, {'text_segment': '국가유산명_국문: 정조사 조심태어찰첩 국가유산명_한자: 正祖 賜 趙心泰 御札帖 국가유산종목: 시도유형문화유산 시도명: 경기 시군구명: 수원시 시대: NaN 내용: 정조가 수원부사 화성유수 장용대장을 역임한 조심태(趙心泰 1740∼1799)에게 보낸 어찰을 모은 첩이다 어찰은 모두 13통인데 2통은 2장의 종이에 나머지 11통은 1장의 종이에 썼다 조심태가 수원부사로 임명된 1789년부터 장용대장으로 활동하던 1798년 사이에 정조가 보낸 것으로 추정된다 수원을 중심으로 요동치던 당시의 정국 현황을 파악할 수 있는 매우 중요한 어찰첩이다 어찰 내용을 살펴보면 정조는 수원에 있던 조심태와 수시로 편지를 교환하면서 현지의 사정을 파악하고 그때그때 필요한 조치를 처리해 나갔으며 모종의 비밀 업무도 지시한 후 그 결과를 기다렸음을 알 수 있다 조심태는 정조와 서로 밀서를 주고받던 핵심 측근 관료였다 현재까지 알려진 조심태 관련 정조 어찰첩으로는 유일하다 조심태는 1768년(영조 44) 무과 급제하고 여러 무관직을 두루 거쳐 1789년 수원부사를 역임하였다 이때 현륭원(顯隆園)을 옮겨오는 일과 수원의 도시 기반 시설을 구축하는 일 등 어려운 임무를 차질 없이 처리하였다 이후 총융사 금위대장 어영대장 등을 지내다가 1794년 승격된 화성유수로 다시 제수되었고 수원화성 축성의 주요 직책을 겸하였다 정조가 번암 채제공과 함께 가장 총애하던 무반계 신하였다 소재지상세: 경기도 수원시 팔달구 창룡대로 21 (매향동 수원화성박물관)', 'score': 0.7669668117299917}, {'text_segment': '국가유산명_국문: 번암선생집 국가유산명_한자: 樊巖先生集 국가유산종목: 시도유형문화유산 시도명: 경기 시군구명: 수원시 시대: NaN 내용: 정조대 초대 화성유수를 지내고 영의정까지 오른 번암 채제공(蔡濟恭 1720~1799)의 시문집(詩文集) 초고본이다 채제공은 사도세자 추숭 현륭원 조성 수원읍치 이전 수원화성 성역 등 정조가 추진하는 주요 사업을 맡아 수행한 인물이다 1799년(정조 24) 1월에 채제공이 세상을 떠나자 그해 가을에 문인(門人)인 정약용(丁若鏞)과 이가환(李家煥) 등이 유고를 교정하였다 이듬해 정조가 채제공의 문집 편집과 간행에 큰 관심을 갖고 직접 범례(凡例)를 지어 주며 문집을 편집하는 기준으로 삼게 하였다 표지 안쪽 면에 『번암선생집(樊巖先生集)』 구본(舊本)을 정조가 정해 준 범례대로 다시 편집하고 3본을 베껴 서울 영남 충청도에 보내니 더 이상 내용을 바꾸지 말고 이 책을 기준으로 간행할 것을 당부하는 별지(別紙)가 붙어 있다 총 62권 30책 가운데 표지의 우측 상단에 ‘권수(卷首)’라고 표기된 제1책을 포함하여 27권 22책만 전한다 소재지상세: 경기도 수원시 팔달구 창룡대로 21 (매향동 수원화성박물관)', 'score': 0.7208452036184811}]",왕권을 강화하기 위해
고려의 강감찬이 큰 승리를 거둔 전투는 무엇인가요?,"[{'text_segment': '국가유산명_국문: 김준룡장군 전승지 및 비 국가유산명_한자: 金俊龍將軍 戰勝地 및 碑 국가유산종목: 시도기념물 시도명: 경기 시군구명: 수원시 시대: NaN 내용: 1637년(인조 15) 1월에 전라병사 김준룡(金俊龍 1586~1642)이 수원 광교산에서 청나라 군사에게 거둔 승리를 기념하고자 암반에 비석 모양을 다듬어 만들고 그 안에 글자를 새긴 것이다 중앙에 크게 새긴 “충양공”은 김준룡 시호이며 “전승지”는 전투에서 승리한 장소를 말한다 그리고 작은 글씨는 병자호란이 일어나자 김준룡이 임금을 위해 호남 병사를 이끌고 광교산에 이르렀다가 청나라 대장 3명을 죽였다는 내용이다 이때의 임금은 남한산성에 피난 가 있던 인조이며 전투 중에 사살된 청나라 대장 중의 한 명이 바로 청태조 누르하치의 사위인 백양고라(白羊高羅)이다 광교산 전투는 병자호란 때 조선군이 이룬 최대의 승전이었다 당시 남한산성은 청나라 군사에게 포위된 지 오래고 안팎이 막히어 단절되었는데 광교산 전투의 승리 소식이 전해지자 안정을 되찾았다 소재지상세: 경기 수원시 장안구 하광교동 산1-1번지', 'score': 0.8102618157863617}, {'text_segment': '국가유산명_국문: 해유령전첩지 국가유산명_한자: 蟹踰嶺戰捷地 국가유산종목: 시도기념물 시도명: 경기 시군구명: 양주시 시대: NaN 내용: 임진왜란 때 부원수 신각(申恪)을 중심으로 한 조선군이 왜군과의 육상 전투에서 최초로 승리를 거둔 장소이다 해유령은 양주시 광적면에서 파주시 광탄면으로 넘어 가는 360번 지방도로에 위치한 고개로 “게네미고개”라고도 불린다 신각은 1592년(선조 25) 임진왜란이 일어나자 도원수 김명원(金命元) 휘하의 부원수로서 한강을 지켰다 그러나 한강 방어선이 무너지자 유도대장(留都大將) 이양원(李陽元)과 함께 양주로 가서 흩어진 병사들을 다시 모으고 함경도병마절도사 이혼(李渾)에게 지원병을 얻어 북상하는 왜군의 선봉부대를 맞아 해유령에서 전투를 벌여 큰 승리를 거두었다 그러나 임진강으로 후퇴해 있던 김명원은 신각이 이양원을 따라 도망쳤다고 오판하여 임금에게 잘못된 보고를 올렸으며 그 결과 신각은 억울한 죽임을 당하였다 1977년 해유령 전투의 승리를 기념하고 억울하게 죽은 신각 장군의 충혼을 기리기 위해 높이 106m의 해유령 전첩비를 건립하였다 소재지상세: 경기 양주시 백석읍 연곡리 산38번지', 'score': 0.7967400577977899}, {'text_segment': '국가유산명_국문: 이치전적지 국가유산명_한자: 梨峙戰蹟地 국가유산종목: 시도기념물 시도명: 전북 시군구명: 완주군 시대: 25년(1592) 내용: 이치는 완주와 금산의 경계를 이루는 고개로 선조 25년(1592) 임진왜란 때 광주목사 권율(權慄)과 동복현감 황진(黃進)이 관군 1500명과 함께 적장 고바야카와가 이끄는 부대를 격퇴함으로써 임진왜란의 첫 승리를 장식한 전적지이다 이치전투는 이순신의 한산도대첩 권율의 행주대첩과 함께 임진왜란의 3대 대첩으로 손꼽히고 있다 이른 아침부터 시작되어 해질무렵까지 계속된 치열한 전투에서 우리보다 우세한 적을 대항하여 승리로 이끌 수 있었던 것은 장수들의 성실한 진두지휘와 향토병들의 불굴의 투지 험한 지세를 이용한 철저한 대비 차질없이 진행된 군수품 보급에 있었다 이치전투는 거의 같은 시기에 벌어진 웅치전투와 더불어 왜적의 기세를 꺾어 전라도 땅을 침범하지 못하게 함으로써 정유재란(1597) 때까지 7년 동안 군량보급과 병력보충에 지대한 공헌을 했다 소재지상세: 전북 완주군 운주면 산북리 산12-15번지', 'score': 0.7870783881744541}, {'text_segment': ""국가유산명_국문: 강감찬 생가 터(낙성대) 국가유산명_한자: 姜邯贊 生家 터(落星垈) 국가유산종목: 시도기념물 시도명: 서울 시군구명: 관악구 시대: NaN 내용: 고려의 명장 인헌공 강감찬 장군이 태어난 곳이다 태어난 날 하늘에서 큰 별이 떨어졌다 하여 그 생가의 터를 낙성대落星垈라 하였다 원래 '강감찬 낙성대'라 새겨진 고려시대 사리탑식 3층 석탑이 있어 탄생지를 알려주고 있었으나 1973년 낙성대공원을 조성하면서 이 석탑을 공원내 안국사 경내로 옮겼다 원래의 자리에는 1974년 유허비를 세워 유서깊은 사적지임을 표시하였다 소재지상세: 서울 관악구 낙성대동 218-14번지"", 'score': 0.7775844205954254}, {'text_segment': '국가유산명_국문: 임란의병 한천전 승첩지 국가유산명_한자: 임란의병 한천전 승첩지 국가유산종목: 시도기념물 시도명: 경북 시군구명: 영천시 시대: NaN 내용: 승첩지는 임진왜란 최초의 승리를 이룩한 한천전 승첩지로서 1592년 4월 13일 대군을 이끌고 침입한 왜군에 의해 부산 동래성 울산성 경주성이 함락되고 영천성 마저 함락되자 4월 27일 이곳에서 도탄에 빠진 백성과 나라를 구하고자 창의기병(창의기병)하여 5월 6일 이곳 한천일대를 중심으로 전개된 전투에서 최조의 승리를 거둠으로서 후일 영천 복성전으 발판을 마련한 역사적 장소이다 당시 이곳 한천전투에 목숨 바쳐 참가한 의병들의 넋을 위고하고 애국애족심과 호국정신을 고취하는 역사적 장소로 보존코자 경상북도 기념물로 지정하였다 소재지상세: 경상북도 영천시 화남면 삼창리 36', 'score': 0.7724322725215857}]",귀주대첩
고려 청자의 색깔은 무엇인가요?,"[{'text_segment': '국가유산명_국문: 소목장(가구) 국가유산명_한자: 小木匠 국가유산종목: 시도무형유산 시도명: 경기 시군구명: 남양주시 시대: NaN 내용: 목재를 다루는 장인을 목수木手라 하고 궁궐·사찰·집을 짓은 목수를 대목장大木匠이라 하고 가구·창호 등을 만드는 목수를 소목장이라 한다 소목장에게는 나무가 가진 아름다움을 최대한 살려 한국 고유의 조형미를 창출해 내는 능력이 요구된다 즉 나무 자체에 대한 이해는 물론 목구조에 대한 지식도 필요하며 무엇보다도 예술적 감각을 갖추어야 한다 아울러 완성된 가주는 실용성과 함께 예술성을 갖추어야 하며 무엇보다도 기후의 변화 등에도 잘 견딜 수 있게 내구성이 강해야 한다 목가구의 제작 과정은 다양하고 복잡하며 정교하다 짜임기법만도 주먹장짜임 연귀짜임 장부짜임 제비촉짜임 등 다양하다 못질 풀칠 한 번 하지 않고 튼튼한 틀을 짜낸다 여기에 금속 나전 화각 등을 결합하고 옻나무의 진액인 옻을 도료로 사용해 내구성과 아름다움을 더한다 십장생 용문 운문 글씨문 사군자 등 여러 문양을 조각하고 상감해 예술적 가치를 부여한다 목상감기법은 문양대로 나무를 파내고 흑단 화류 괴목 자개 백동 은 등 다른 색깔의 나무와 재료를 끼워 넣어 다양한 색깔로 문양을 표현한다 이렇게 다양한 기법들이 우리의 전통적인 가구를 만드는데 사용되고 있다 기능 보유자 권우범은 아버지에게 전통공예 기술을 전수받았고 오양환 선생 문하에서 현대적인 기술을 익혔으며 김오겸 선생을 찾아가 불상·말·호랑이·용·독수리 등 입체 작품 제작을 배웠다 1970년 스무 살에 상공부가 주최한 1회 우수공예품대회에서 스승과 함께 출품했는데 스승은 입선을 하고 권 씨는 특선하여 청출어람이란 말을들었다 그는 온고지신을 강조한다 목조가옥의 좌식생활에 알맞게 만들어진 전통가구는 이제 시멘트구조의 아파트 입식구조에 적합하게 제작되어야 한다고 주장하고 또 그것을 실천에 옮기고 있다 그러면서도 전통공예의 소박한 질감 분할의 미 등 장점을 계승 발전시키고 새로운 감각을 접목시켜 시대를 앞서가는 새로운 개념의 명품을 만들어야 진정한 전통의 계승이라 말한다 소재지상세: 경기도 남양주시', 'score': 0.7140002160527055}, {'text_segment': '국가유산명_국문: 해남화원면청자요지 국가유산명_한자: 海南花源面靑瓷窯址 국가유산종목: 시도기념물 시도명: 전남 시군구명: 해남군 시대: 고려시대 내용: 해남 화원면 청자요지는 우리나라에서 초기 청자 가마가 집단적으로 분포하고 있는 유일한 곳으로 우리나라 초기 청자의 발생을 살필 수 있는 곳이다 따라서 우리나라 자기 발생의 단서와 초기 청자의 기형 변화를 파악하는데 매우 중요한 가마터로 주목받고 있다 이곳에서 출토된 유물은 청자 흑유 도기 요도구 등으로 청자의 기종은 대접과 완 접시 화형접시 병 유병 편병 항아리 등이다 이 곳 화원면 청자요지는 신덕리 일대에서 54곳 금평리 일대에 2곳 등 개별 가마터 80~90기가 분포하는 것으로 추정하고 있다 신라 말 또는 고려 초에 조성된 것으로 보고 있는 화원면 청자요지는 해무리굽과 무문을 특징으로 하는 전형적인 ‘초기청자’로 그 발생 시기에 대해서는 여러 가지 견해가 있지만 9세기 전반기 발생설이 주장되고 있다 화원면 청자의 계통은 기본적으로 중국 청자의 제작 기법을 기반으로 하면서도 전통 도기의 제작 기법을 가미하여 성립된 것으로 보고 있다 소재지상세: 전남 해남군 화원면 신덕리 산102번지 외  금평리 428-1외 일원', 'score': 0.7068754986402102}, {'text_segment': '국가유산명_국문: 청자 상감운학모란국화문 매병 국가유산명_한자: 靑磁 象嵌雲鶴牡丹菊花文 梅甁 국가유산종목: 보물 시도명: 서울 시군구명: 용산구 시대: 고려시대(12세기 중엽) 내용: 청자상감이란 흙으로 그릇을 빚어 표면에 무늬나 그림을 새기고 그 자리를 백토나 자토로 메운 뒤 유약을 발라 구운 후 투명한 청자 유약을 통해 흰색 또는 검은색 무늬가 보이도록 한 것으로 12세기 전반에 발생하여 12세기 중엽에 전성기를 이루었다 청자 상감운학모란국화문 매병(靑磁 象嵌雲鶴牡丹菊花文 梅甁)는 높이 322㎝ 아가리 지름 7㎝ 밑지름 145㎝인 이 병은 고려시대에 많이 만들어진 상감청자 매병들에 비해 어깨가 처져서 부드러운 느낌을 주며 밑이 넓어서 안정감이 있다 유약은 잘 녹아서 투명하며 색깔도 매우 아름답다 아가리는 작고 위가 약간 바깥으로 말리면서 곧게 서 있고 어깨에는 흑백으로 상감된 연꽃무늬를 둘렀다 굽 위에는 번개무늬를 두르고 바로 그 윗부분에는 다시 연꽃무늬 장식을 넣었다 그릇 몸통에는 흑백으로 된 원 안에 모란과 국화 한 가지씩을 두었고 원 사이사이에는 구름과 학이 있다 이 작품은 12세기 중엽에 만들어진 것으로 추정된다 소재지상세: 서울 용산구 이태원로55길 60-16 삼성미술관 리움 (한남동)', 'score': 0.7068705888262576}, {'text_segment': '국가유산명_국문: 청자 양각갈대기러기문 정병 국가유산명_한자: 靑磁 陽刻葦蘆文 淨甁 국가유산종목: 보물 시도명: 서울 시군구명: 용산구 시대: 고려시대(12세기) 내용: 청자 양각갈대기러기문 정병(靑磁 陽刻葦蘆文 淨甁)은 고려 중기에 만들어진 청자 정병으로 높이 342㎝ 아가리 지름 13㎝ 밑지름 93㎝이다 몸통의 한 면에는 물가의 갈대와 그 밑에서 노닐고 있는 기러기 한 쌍을 새겼고 다른 한 면에는 수양버들 아래서 쉬고 있는 원앙 한 쌍을 새겼다 병 목의 중간에 있는 넓은 삿갓모양 마디의 윗면은 안쪽과 바깥쪽으로 나누어 안쪽에는 구름무늬를 바깥쪽에는 덩굴무늬를 둘렀다 병 목 중간 마디에 수직으로 물을 따르는 주구가 세워져 있는데 6각으로 모서리를 깎아냈다 굽다리는 밖으로 약간 퍼져서 안정된 자세를 보인다 유약의 색깔은 맑은 담청색 계통이며 대체로 유약의 조화가 고르다 이 정병은 고려시대에 들어서 그 조형과 기교가 매우 세련되었던 청동은입사포류수금문정병(국보) 양식을 청자 양각으로 재료를 바꾸어 시도한 작품이다 따라서 청동 정병과 형태와 곡선에서 흡사하며 장식무늬도 비슷하다 소재지상세: 서울특별시 용산구 서빙고로 137 (용산동6가 국립중앙박물관)', 'score': 0.703348718702786}, {'text_segment': '국가유산명_국문: 강진 삼흥리 도요지 국가유산명_한자: 康津三興里陶窯址 국가유산종목: 시도기념물 시도명: 전남 시군구명: 강진군 시대: NaN 내용: 요지란 자기나 기와 그릇들을 만들어 굽던 가마터를 말한다 강진 삼흥리 가마터는 대구면의 청자가마터와 인접한 삼흥리 저수지 동남쪽에 있다 이곳에서는 고려시대 10세기∼11세기에 걸친 초기 청자가마터 4곳과 고려 토기 가마터 3곳 조선시대 15세기∼16세기에 걸친 분청사기가마터 3곳이 발견되고 있어 고려시대에서 조선시대에 이르기까지 다양하게 청자 토기 분청사기를 만들었던 곳으로 추정된다 이곳에서 출토되는 도자기 조각들은 주로 고려 후기에서 조선 전기에 발달했던 선상감문과 인화상감의 흔적이 엿보인다 이것으로 보아 대구면 청자가마터에서 제작했던 고급스런 청자와는 달리 삼흥리 가마터에서는 일반 서민용으로 질이 떨어지는 분청자를 생산했던 것으로 추정되고 있다 삼흥리 가마터는 고려시대에서 조선시대에 걸쳐 도자기가 만들어진 곳으로 도자기의 발달사를 볼 수 있는 중요한 유적이다 소재지상세: 전남 강진군 칠량면 삼흥리 산71-1번지', 'score': 0.6887885604151434}]",비취색
고조선의 건국 신화에 등장하는 인물은 누구인가요?,"[{'text_segment': '국가유산명_국문: 대고장 국가유산명_한자: 大鼓匠 국가유산종목: 시도무형유산 시도명: 대구 시군구명: 북구 시대: NaN 내용: 북은 나무로 짠 통에 가죽을 씌우고 채로 두드려 연주하는 악기이다 악기분류법에 의해 혁부(革部)에 드는 장구와 갈고(鞨鼓)를 제외한 정악과 민속악에 쓰이는 종류를 말한다 대고(大鼓)는 북 중에서 큰북을 말하는 것이다 한국의 큰북은 우리나라의 신화(단군신화·주몽신화) 전설(낙랑공주와 자명고)에서부터 등장하여 고대사회의 습속(부여의 영고)에도 이미 정착되어 있던 한국 악기 중에서 가장 역사가 오랜 악기로서 정악과 민속악에 구분없이 사용되어온 필수적인 악기이다 큰북의 제작과정 중 가죽가공은 생가죽을 소금쳐서 저장한 다음 40시간 정도 물에 담구어 불린 다음 털을 뽑는 작업을 거쳐 가죽을 나무판 위에 놓고 두께를 맞추어 대패질하여 재단과 건조 등의 과정을 거친다 북통은 목재를 자른 뒤 건조 통조각 맞추기 북통세우기 대패질 칠 등을 거쳐 가공된 가죽을 통과 연결하고 단청(丹靑)을 한다 북통에 쓰이는 재료로는 오동 육송 등이 있다 현재 대구의 김종문씨가 대고장 기능보유자로 인정되어 큰북제작의 전통을 이어나가고 있다 소재지상세: 대구광역시 북구', 'score': 0.7854394018650055}, {'text_segment': '국가유산명_국문: 안산 쌍계사 신중도 국가유산명_한자: 安山 雙溪寺 神衆圖 국가유산종목: 문화유산자료 시도명: 경기 시군구명: 안산시 시대: 조선시대 내용: 안산 쌍계사(雙溪寺) 신중도(神衆圖)는 1869년 무봉산 만의사의 신중도로 제작되어 봉안되었으나 쌍계사로 이전되어 보관되었다 언제 어떠한 이유로 쌍계사에 이전되었는지는 불명확하지만 쌍계사의 현왕도(경기도 유형문화유산)와 함께 오랜 기간 예경(禮敬)의 대상으로 여겨졌다 신중도란 말 그대로 신들을 모아 한데 그려놓은 그림이다 일반적인 불화가 부처 보살이 주인공인 것과 달리 신중도는 불법(佛法)을 수호하는 신들이 등장하고 여기에 더하여 용왕 산신과 같은 토속 신들이 함께 등장하는 것이 특징이다 이들은 부처나 보살처럼 높고 위대한 신은 아니지만 오히려 일상생활과 밀접한 연관이 있는 친근한 신으로 여겨져 불길한 징조가 있을 때 복이나 장수를 빌 때의 대상으로 경배되어왔다 쌍계사 신중도는 가로 137cm 세로 149cm로 천 3폭을 이어 만들었으며 제작 시기(1869년)를 명확히 알 수 있는 기록이 하단에 있고 19세기 서울 경기 지역의 신중도 특징을 잘 보여주고 있다 범천(梵天 인도 고대 신화의 신)과 제석천(帝釋天 불교를 수호하는 신들의 우두머리)을 중심으로 용뿔을 들고 메기수염을 한 용왕 언월도를 든 신장(神將) 풀잎을 어깨에 두른 산신 등 토속신들이 함께 등장한다 갑옷과 무기 공양물을 담은 그릇은 금박을 입혀 그 화려함을 더한 것이 특징이다 소재지상세: 경기도 안산시', 'score': 0.7573356076776784}, {'text_segment': '국가유산명_국문: 서울 여운형 묘소 국가유산명_한자: 서울 呂運亨 墓所 국가유산종목: 국가등록문화유산 시도명: 서울 시군구명: 강북구 시대: 1947년 내용: 여운형선생은 일제강점기 중국 상해의 대한민국 임시정부 국내에서 조선중앙일보와 조선건국 동맹 등을 결성하여 항일독립운동과 자주독립국가 건설을 위해 노력한 독립운동가이자 언론인으로 활동한 독립운동의 공적을 인정받아 대한민국장을 수여받은 인물로 이 곳은 선생의 애국정신을 기릴 수 있는 역사적·교육적 가치가 큰 곳이다 소재지상세: 서울특별시 강북구 우이동 106-1', 'score': 0.713627696191679}, {'text_segment': '국가유산명_국문: 대한민국임시정부 건국강령 초안 국가유산명_한자: NaN 국가유산종목: 국가등록문화유산 시도명: 경기 시군구명: 고양시 시대: NaN 내용: 독립운동가이자 정치가인 조소앙(본명 조용은 1887～1958)이 ‘삼균주의(三均主義)’에 입각하여\r\n독립운동과 건국의 방침 등을 정리한 국한문혼용의 친필문서이다 조소앙은 임정(臨政)의 대표\r\n적 이론가이자 사상가로 임시정부 수립에 중심적 역할을 수행하고 광복 직후까지 주요한 지도\r\n자로 활동하였다 조소앙이 기초한 건국강령은 1941년 11월 28일 임시정부 국무회의에서 약간\r\n의 수정을 거쳐 원안대로 통과되었으며 1948년 제헌헌법의 기본적 바탕이 되었다 이 문서는\r\n대한민국임시정부가 광복 후 어떠한 국가를 세우려했는지를 밝혀주는 중요한 자료로 그가 고\r\n심하여 수정한 흔적 등이 그대로 남아있어 더욱 가치가 높다 조소앙은 광복 후 국회의원 등으\r\n로 활약하다 625전쟁 중 납북되었으며 1989년 ‘건국훈장 대한민국장’이 추서되었다 소재지상세: 경기도 고양시', 'score': 0.7025705297194853}, {'text_segment': '국가유산명_국문: 발해태조건국지·명림답부전 국가유산명_한자: 渤海太祖建國誌·明臨答夫傳 국가유산종목: 국가등록문화유산 시도명: 서울 시군구명: 서대문구 시대: NaN 내용: 『발해태조건국지』는 1925년 대한민국임시정부의 대통령을 맡기도 한 박은식(朴殷植 1859~1925)이 1911년에 서간도 환인현(桓仁縣) 홍도천에 있던 윤세복(尹世復)의 집에서 저술한 저작의 하나이다 그의 자는 성칠(聖七) 호는 백암(白庵) 겸곡(謙谷) 태백광노(太白狂奴) 무치생(無恥生)이고 이명(異名)은 인식(仁植) 기정(箕貞) 등이다 내용은 목차(서론 발해 이전의 고구려 말운 태조의 가계와 인격 고구려 유민의 생기 영웅의 은둔 활동시기 천문령의 대승첩 태조의 건국 발해의 강역 발해의 종교와 풍속 발해의 문학 태조의 외교 태조의 후손 결론)에서 보듯이 고구려 멸망 이후 대조영이 그 유민을 이끌고 발해를 건국한 과정과 영토 문물 종교 풍속 문학 외교 후손 등을 다루고 있다 합철된 『명림답부전』은 서론 끝의 “大皇祖降世四千三百六十八年(1911)九月日著者 識”와 같이 『발해태조건국지』보다 한 달 앞선 1911년 9월에 완성되었다 박은식이 상무적인 고구려의 많은 인물 중에서도 대표적인 애국충신으로 명림답부(67~179)를 선정하여 조국독립을 위하여 혈투하는 모습을 통하여 한국민의 애국심을 함양시키고자 저술한 전기이다 명림답부는 고구려 7대 차대왕을 제거하고 차대왕의 아우 백고를 신대왕으로 모신 인물이다 그는 고구려 최초의 국상이었고 뛰어난 지략으로 한나라 대군을 물리친 명장이기도 했다 박은식이 1911년 한국역사를 만주 중심으로 이해하면서 저술한 「발해태조건국지」와 「명림답부전」의 합철본인 「발해태조건국지‧명림답부전」은 일제강점기 민족주의 사가들의 고구려‧발해 인식을 가장 명료하게 보여주는 대표적 저술로 한국근대사학사와 한국독립운동사 분야에서 중요한 문헌이다 소재지상세: 서울특별시 서대문구 연세로 50 (신촌동 연세대학교) 박물관', 'score': 0.6982931181658477}]",단군왕검
